-- phpMyAdmin SQL Dump
-- version 5.2.1
-- https://www.phpmyadmin.net/
--
-- Host: localhost:3306
-- Generation Time: Apr 09, 2025 at 04:07 PM
-- Server version: 11.4.4-MariaDB-ubu2204
-- PHP Version: 8.3.15

SET SQL_MODE = "NO_AUTO_VALUE_ON_ZERO";
START TRANSACTION;
SET time_zone = "+00:00";


/*!40101 SET @OLD_CHARACTER_SET_CLIENT=@@CHARACTER_SET_CLIENT */;
/*!40101 SET @OLD_CHARACTER_SET_RESULTS=@@CHARACTER_SET_RESULTS */;
/*!40101 SET @OLD_COLLATION_CONNECTION=@@COLLATION_CONNECTION */;
/*!40101 SET NAMES utf8mb4 */;

--
-- Database: `esmultiservicios_izzy`
--

-- --------------------------------------------------------

--
-- Table structure for table `acceso_menu`
--

CREATE TABLE `acceso_menu` (
  `acceso_menu_id` int(11) NOT NULL,
  `menu_id` int(11) NOT NULL,
  `privilegio_id` int(11) NOT NULL,
  `estado` int(11) NOT NULL COMMENT '1. Mostrar 2. Ocultar',
  `fecha_registro` datetime NOT NULL
) ENGINE=MyISAM DEFAULT CHARSET=utf8mb4 COLLATE=utf8mb4_spanish_ci;

--
-- Dumping data for table `acceso_menu`
--

INSERT INTO `acceso_menu` (`acceso_menu_id`, `menu_id`, `privilegio_id`, `estado`, `fecha_registro`) VALUES
(1, 1, 1, 1, '2021-08-28 14:26:01'),
(2, 2, 1, 1, '2021-08-28 14:26:01'),
(3, 3, 1, 1, '2021-08-28 14:26:01'),
(4, 4, 1, 1, '2021-08-28 14:26:01'),
(6, 6, 1, 1, '2021-08-28 14:26:01'),
(7, 7, 1, 1, '2021-08-28 14:26:01'),
(5, 5, 1, 1, '2021-08-28 14:26:01'),
(38, 8, 2, 1, '2023-08-30 08:33:19'),
(37, 5, 2, 1, '2023-08-30 08:33:14'),
(36, 7, 2, 1, '2023-08-30 08:33:09'),
(35, 6, 2, 1, '2023-08-30 08:33:03'),
(34, 4, 2, 1, '2023-08-30 08:32:58'),
(33, 3, 2, 1, '2023-08-30 08:32:53'),
(29, 8, 1, 1, '2022-12-22 17:03:55'),
(32, 2, 2, 1, '2023-08-30 08:32:49'),
(31, 1, 2, 1, '2023-08-30 08:32:45'),
(30, 2, 3, 1, '2023-08-29 21:05:00');

-- --------------------------------------------------------

--
-- Table structure for table `acceso_submenu`
--

CREATE TABLE `acceso_submenu` (
  `acceso_submenu_id` int(11) NOT NULL,
  `submenu_id` int(11) NOT NULL,
  `privilegio_id` int(11) NOT NULL,
  `estado` int(11) NOT NULL COMMENT '1. Mostrar 2. Ocultar',
  `fecha_registro` datetime NOT NULL
) ENGINE=MyISAM DEFAULT CHARSET=utf8mb4 COLLATE=utf8mb4_spanish_ci;

--
-- Dumping data for table `acceso_submenu`
--

INSERT INTO `acceso_submenu` (`acceso_submenu_id`, `submenu_id`, `privilegio_id`, `estado`, `fecha_registro`) VALUES
(1, 1, 1, 1, '2021-08-28 14:26:01'),
(2, 2, 1, 1, '2021-08-28 14:26:01'),
(3, 3, 1, 1, '2021-08-28 14:26:01'),
(4, 4, 1, 1, '2021-08-28 14:26:01'),
(5, 5, 1, 1, '2021-08-28 14:26:01'),
(6, 6, 1, 1, '2021-08-28 14:26:01'),
(7, 7, 1, 1, '2021-08-28 14:26:01'),
(8, 8, 1, 1, '2021-09-14 04:04:41'),
(9, 9, 1, 1, '2021-09-14 04:04:41'),
(10, 10, 1, 1, '2021-09-14 04:04:41'),
(11, 11, 1, 1, '2021-09-14 04:04:41'),
(12, 12, 1, 1, '2021-09-14 04:04:41'),
(13, 13, 1, 1, '2021-08-28 14:26:01'),
(14, 14, 1, 1, '2021-08-28 14:26:01'),
(15, 15, 1, 1, '2021-08-28 14:26:01'),
(16, 16, 1, 1, '2021-08-28 14:26:01'),
(17, 17, 1, 1, '2021-08-28 14:26:01'),
(18, 18, 1, 1, '2021-08-28 14:26:01'),
(19, 19, 1, 1, '2021-08-28 14:26:01'),
(20, 20, 1, 1, '2021-08-28 14:26:01'),
(21, 21, 1, 1, '2021-08-28 14:26:01'),
(22, 22, 1, 1, '2021-08-28 14:26:01'),
(23, 23, 1, 1, '2021-08-28 14:26:01'),
(24, 24, 1, 1, '2021-08-28 14:26:01'),
(25, 25, 1, 1, '2021-08-28 14:26:01'),
(51, 27, 1, 1, '2021-11-01 12:05:04'),
(52, 26, 1, 1, '2021-11-01 12:05:04'),
(53, 28, 1, 1, '2021-11-13 06:48:48'),
(54, 30, 1, 1, '2021-11-13 06:48:48'),
(55, 31, 1, 1, '2021-11-13 06:48:48'),
(56, 32, 1, 1, '2021-11-13 06:48:48'),
(57, 29, 1, 1, '2021-11-13 06:48:48'),
(174, 34, 2, 1, '2023-09-01 09:08:18'),
(173, 29, 2, 1, '2023-09-01 09:08:12'),
(172, 26, 2, 1, '2023-09-01 09:08:05'),
(171, 25, 2, 1, '2023-09-01 09:07:58'),
(170, 24, 2, 1, '2023-09-01 09:07:51'),
(169, 23, 2, 1, '2023-09-01 09:07:36'),
(168, 22, 2, 1, '2023-09-01 09:07:27'),
(167, 21, 2, 1, '2023-09-01 09:07:18'),
(166, 20, 2, 1, '2023-09-01 09:07:12'),
(165, 19, 2, 1, '2023-09-01 09:07:06'),
(164, 18, 2, 1, '2023-09-01 09:07:00'),
(163, 32, 2, 1, '2023-09-01 09:06:45'),
(162, 31, 2, 1, '2023-09-01 09:06:38'),
(161, 30, 2, 1, '2023-09-01 09:06:32'),
(160, 28, 2, 1, '2023-09-01 09:06:10'),
(159, 12, 2, 1, '2023-09-01 09:05:59'),
(158, 11, 2, 1, '2023-09-01 09:05:47'),
(157, 10, 2, 1, '2023-09-01 09:05:40'),
(156, 9, 2, 1, '2023-09-01 09:04:55'),
(155, 8, 2, 1, '2023-09-01 09:03:11'),
(154, 17, 2, 1, '2023-08-30 08:35:55'),
(153, 36, 2, 1, '2023-08-30 08:35:44'),
(152, 35, 2, 1, '2023-08-30 08:35:36'),
(151, 16, 2, 1, '2023-08-30 08:35:30'),
(150, 15, 2, 1, '2023-08-30 08:35:24'),
(149, 14, 2, 1, '2023-08-30 08:34:46'),
(148, 13, 2, 1, '2023-08-30 08:34:34'),
(147, 33, 2, 1, '2023-08-30 08:34:25'),
(146, 7, 2, 1, '2023-08-30 08:34:19'),
(129, 33, 1, 1, '2022-05-19 17:36:13'),
(130, 34, 1, 1, '2022-07-05 17:36:13'),
(145, 6, 2, 1, '2023-08-30 08:34:13'),
(144, 5, 2, 1, '2023-08-30 08:34:06'),
(133, 35, 1, 1, '2022-12-22 17:36:13'),
(134, 36, 1, 1, '2022-12-22 17:36:13'),
(143, 4, 2, 1, '2023-08-30 08:34:00'),
(142, 27, 2, 1, '2023-08-30 08:33:55'),
(137, 37, 1, 1, '2023-02-18 11:55:25'),
(141, 3, 2, 1, '2023-08-30 08:33:49'),
(140, 2, 2, 1, '2023-08-30 08:33:43'),
(139, 1, 2, 1, '2023-08-30 08:33:34'),
(138, 1, 3, 1, '2023-08-29 21:05:14');

-- --------------------------------------------------------

--
-- Table structure for table `acceso_submenu1`
--

CREATE TABLE `acceso_submenu1` (
  `acceso_submenu1_id` int(11) NOT NULL,
  `submenu1_id` int(11) NOT NULL,
  `privilegio_id` int(11) NOT NULL,
  `estado` int(11) NOT NULL COMMENT '1. Mostrar 2. Ocultar',
  `fecha_registro` datetime NOT NULL
) ENGINE=MyISAM DEFAULT CHARSET=utf8mb4 COLLATE=utf8mb4_spanish_ci;

--
-- Dumping data for table `acceso_submenu1`
--

INSERT INTO `acceso_submenu1` (`acceso_submenu1_id`, `submenu1_id`, `privilegio_id`, `estado`, `fecha_registro`) VALUES
(1, 1, 1, 1, '2021-08-28 14:26:01'),
(2, 2, 1, 1, '2021-08-28 14:26:01'),
(3, 3, 1, 1, '2021-08-28 14:26:01'),
(4, 4, 1, 1, '2021-08-28 14:26:01'),
(5, 5, 1, 1, '2021-08-28 14:26:01'),
(6, 6, 1, 1, '2021-08-28 14:26:01'),
(31, 1, 2, 1, '2023-09-05 08:14:07'),
(32, 2, 2, 1, '2023-09-05 08:15:11'),
(15, 3, 2, 1, '2021-11-14 12:39:41'),
(16, 4, 2, 1, '2021-11-14 12:39:41'),
(30, 6, 2, 1, '2023-09-01 21:31:02'),
(29, 5, 2, 1, '2023-09-01 21:30:56'),
(20, 7, 2, 1, '2021-11-17 15:31:34'),
(21, 7, 1, 1, '2021-11-17 15:31:55'),
(22, 1, 2, 2, '2022-05-18 17:03:55'),
(23, 2, 2, 2, '2022-05-18 17:03:55'),
(24, 3, 2, 1, '2022-05-18 17:03:55'),
(25, 7, 2, 1, '2022-05-18 17:03:55'),
(26, 4, 2, 1, '2022-05-18 17:03:55'),
(27, 5, 2, 1, '2022-05-18 17:03:55'),
(28, 6, 2, 1, '2022-05-18 17:03:55');

-- --------------------------------------------------------

--
-- Table structure for table `almacen`
--

CREATE TABLE `almacen` (
  `almacen_id` int(11) NOT NULL,
  `ubicacion_id` int(11) NOT NULL,
  `nombre` char(30) NOT NULL,
  `estado` int(11) NOT NULL,
  `empresa_id` int(11) NOT NULL,
  `facturar_cero` int(11) NOT NULL,
  `fecha_registro` datetime NOT NULL
) ENGINE=MyISAM DEFAULT CHARSET=utf8mb4 COLLATE=utf8mb4_spanish_ci;

--
-- Dumping data for table `almacen`
--

INSERT INTO `almacen` (`almacen_id`, `ubicacion_id`, `nombre`, `estado`, `empresa_id`, `facturar_cero`, `fecha_registro`) VALUES
(1, 1, 'Almacén Principal', 1, 1, 1, '2021-07-11 15:26:06'),
(2, 1, 'Oficina San Pedro Sula', 1, 1, 1, '0000-00-00 00:00:00');

-- --------------------------------------------------------

--
-- Table structure for table `apertura`
--

CREATE TABLE `apertura` (
  `apertura_id` int(11) NOT NULL,
  `colaboradores_id` int(11) NOT NULL,
  `fecha` date NOT NULL,
  `factura_inicial` char(20) NOT NULL,
  `factura_final` char(20) NOT NULL,
  `apertura` float(12,2) NOT NULL COMMENT 'Monto de Apertura',
  `neto` float(12,2) NOT NULL,
  `estado` int(11) NOT NULL COMMENT '1. Activo 2. Inactivo',
  `fecha_registro` datetime NOT NULL,
  `empresa_id` int(11) NOT NULL
) ENGINE=MyISAM DEFAULT CHARSET=utf8mb4 COLLATE=utf8mb4_spanish_ci;

--
-- Dumping data for table `apertura`
--

INSERT INTO `apertura` (`apertura_id`, `colaboradores_id`, `fecha`, `factura_inicial`, `factura_final`, `apertura`, `neto`, `estado`, `fecha_registro`, `empresa_id`) VALUES
(1, 1, '2025-01-31', '', '', 0.00, 0.00, 2, '2025-01-31 08:24:59', 1),
(2, 1, '2025-03-03', '', '', 0.00, 0.00, 2, '2025-03-03 05:42:31', 1),
(3, 1, '2025-04-02', '', '', 0.00, 0.00, 2, '2025-04-02 18:19:54', 1);

-- --------------------------------------------------------

--
-- Table structure for table `asistencia`
--

CREATE TABLE `asistencia` (
  `asistencia_id` int(11) NOT NULL,
  `colaboradores_id` int(11) NOT NULL,
  `fecha` date NOT NULL,
  `horai` time NOT NULL,
  `horaf` char(8) NOT NULL,
  `comentario` char(254) NOT NULL,
  `estado` int(11) NOT NULL COMMENT '0. Sin pagar 1. Pagado',
  `fecha_registro` datetime NOT NULL
) ENGINE=MyISAM DEFAULT CHARSET=utf8mb4 COLLATE=utf8mb4_spanish_ci;

-- --------------------------------------------------------

--
-- Table structure for table `banco`
--

CREATE TABLE `banco` (
  `banco_id` int(11) NOT NULL,
  `nombre` char(30) NOT NULL,
  `estado` int(11) NOT NULL,
  `fecha_registro` datetime NOT NULL
) ENGINE=MyISAM DEFAULT CHARSET=utf8mb4 COLLATE=utf8mb4_spanish_ci;

--
-- Dumping data for table `banco`
--

INSERT INTO `banco` (`banco_id`, `nombre`, `estado`, `fecha_registro`) VALUES
(0, 'Sin Banco', 1, '2021-04-01 14:56:40'),
(1, 'Ficohsa', 1, '2021-04-01 14:56:40'),
(2, 'BAC', 1, '2021-04-01 14:56:40'),
(3, 'Occidente', 1, '2021-04-01 14:56:40'),
(4, 'Lafise', 1, '2021-04-01 14:56:40'),
(5, 'Promerica', 1, '2021-04-01 14:56:40'),
(6, 'Bancafe', 1, '2021-04-01 14:56:40'),
(7, 'Banpais', 1, '2021-04-01 14:56:40'),
(8, 'Banrural', 1, '2021-04-01 14:56:40'),
(9, 'Banco Popular', 1, '2021-04-01 14:56:40'),
(10, 'Cooperativa Elga', 1, '2021-04-01 14:56:40');

-- --------------------------------------------------------

--
-- Table structure for table `bitacora`
--

CREATE TABLE `bitacora` (
  `bitacora_id` int(11) NOT NULL,
  `bitacoraCodigo` char(9) NOT NULL,
  `bitacoraFecha` date NOT NULL,
  `bitacoraHoraInicio` time NOT NULL,
  `bitacoraHoraFinal` char(13) NOT NULL,
  `bitacoraTipo` int(11) NOT NULL,
  `bitacoraYear` char(4) NOT NULL,
  `colaboradores_id` int(11) NOT NULL,
  `fecha_registro` datetime NOT NULL
) ENGINE=MyISAM DEFAULT CHARSET=utf8mb4 COLLATE=utf8mb4_spanish_ci;

--
-- Dumping data for table `bitacora`
--

INSERT INTO `bitacora` (`bitacora_id`, `bitacoraCodigo`, `bitacoraFecha`, `bitacoraHoraInicio`, `bitacoraHoraFinal`, `bitacoraTipo`, `bitacoraYear`, `colaboradores_id`, `fecha_registro`) VALUES
(1, 'CB9163333', '2025-01-20', '18:01:59', 'Sin Registro', 1, '2025', 1, '2025-01-20 18:14:59'),
(2, 'CB0526033', '2025-01-21', '09:01:18', 'Sin Registro', 1, '2025', 1, '2025-01-21 09:06:18'),
(3, 'CB2073777', '2025-01-21', '11:01:47', 'Sin Registro', 1, '2025', 1, '2025-01-21 11:07:47'),
(4, 'CB5058955', '2025-01-21', '11:01:44', 'Sin Registro', 1, '2025', 1, '2025-01-21 11:16:44'),
(5, 'CB2723355', '2025-01-21', '12:01:24', '12:01:33', 1, '2025', 1, '2025-01-21 12:02:24'),
(6, 'CB1988400', '2025-01-21', '12:01:52', '12:01:01', 1, '2025', 1, '2025-01-21 12:02:52'),
(7, 'CB7379944', '2025-01-21', '12:01:30', '12:01:47', 1, '2025', 1, '2025-01-21 12:03:30'),
(8, 'CB8953344', '2025-01-21', '12:01:52', 'Sin Registro', 1, '2025', 1, '2025-01-21 12:13:52'),
(9, 'CB6639866', '2025-01-21', '13:01:30', '15:01:09', 1, '2025', 1, '2025-01-21 13:48:30'),
(10, 'CB7000533', '2025-01-21', '15:01:52', '17:01:24', 1, '2025', 1, '2025-01-21 15:39:52'),
(11, 'CB8723677', '2025-01-21', '17:01:30', '18:01:59', 1, '2025', 1, '2025-01-21 17:30:30'),
(12, 'CB4873966', '2025-01-21', '18:01:41', '18:01:21', 1, '2025', 1, '2025-01-21 18:34:41'),
(13, 'CB0150833', '2025-01-21', '18:01:55', '19:01:48', 1, '2025', 1, '2025-01-21 18:35:55'),
(14, 'CB4189877', '2025-01-21', '19:01:03', '19:01:09', 1, '2025', 1, '2025-01-21 19:46:03'),
(15, 'CB5382066', '2025-01-21', '20:01:50', '20:01:55', 1, '2025', 1, '2025-01-21 20:04:50'),
(16, 'CB2311522', '2025-01-21', '20:01:44', '20:01:57', 1, '2025', 1, '2025-01-21 20:33:44'),
(17, 'CB4523211', '2025-01-21', '21:01:34', '21:01:24', 1, '2025', 1, '2025-01-21 21:45:34'),
(18, 'CB8973222', '2025-01-22', '10:01:16', '11:01:49', 1, '2025', 1, '2025-01-22 10:50:16'),
(19, 'CB3381822', '2025-01-24', '08:01:41', 'Sin Registro', 1, '2025', 1, '2025-01-24 08:48:41'),
(20, 'CB0012477', '2025-01-24', '09:01:30', 'Sin Registro', 1, '2025', 1, '2025-01-24 09:44:30'),
(21, 'CB4839633', '2025-01-24', '09:01:28', '10:01:23', 1, '2025', 1, '2025-01-24 09:53:28'),
(22, 'CB8971544', '2025-01-24', '10:01:40', '10:01:33', 1, '2025', 1, '2025-01-24 10:14:40'),
(23, 'CB7807988', '2025-01-24', '10:01:03', '10:01:33', 1, '2025', 1, '2025-01-24 10:44:03'),
(24, 'CB4133177', '2025-01-24', '19:01:48', '20:01:22', 1, '2025', 1, '2025-01-24 19:42:48'),
(25, 'CB1299244', '2025-01-27', '16:01:49', 'Sin Registro', 1, '2025', 1, '2025-01-27 16:02:49'),
(26, 'CB5952822', '2025-01-30', '18:01:07', 'Sin Registro', 1, '2025', 1, '2025-01-30 18:11:07'),
(27, 'CB2203077', '2025-01-30', '18:01:22', '19:01:09', 1, '2025', 1, '2025-01-30 18:55:22'),
(28, 'CB9249055', '2025-01-31', '08:01:28', '09:01:30', 1, '2025', 1, '2025-01-31 08:09:28'),
(29, 'CB4557455', '2025-01-31', '15:01:11', 'Sin Registro', 1, '2025', 1, '2025-01-31 15:15:11'),
(30, 'CB3591400', '2025-02-01', '07:02:47', '07:02:26', 1, '2025', 1, '2025-02-01 07:18:47'),
(31, 'CB9048355', '2025-02-01', '08:02:15', '08:02:07', 1, '2025', 1, '2025-02-01 08:17:15'),
(32, 'CB8969100', '2025-02-01', '08:02:46', 'Sin Registro', 1, '2025', 1, '2025-02-01 08:30:46'),
(33, 'CB5654344', '2025-02-01', '08:02:01', 'Sin Registro', 1, '2025', 1, '2025-02-01 08:48:01'),
(34, 'CB9850999', '2025-02-01', '09:02:56', 'Sin Registro', 1, '2025', 1, '2025-02-01 09:05:56'),
(35, 'CB2320188', '2025-02-02', '12:02:01', 'Sin Registro', 1, '2025', 1, '2025-02-02 12:23:01'),
(36, 'CB4187211', '2025-02-02', '13:02:28', '13:02:34', 1, '2025', 1, '2025-02-02 13:45:28'),
(37, 'CB4165155', '2025-02-02', '17:02:01', 'Sin Registro', 1, '2025', 1, '2025-02-02 17:07:01'),
(38, 'CB7317711', '2025-02-02', '17:02:39', '17:02:24', 1, '2025', 1, '2025-02-02 17:25:39'),
(39, 'CB2327666', '2025-02-03', '11:02:40', 'Sin Registro', 1, '2025', 1, '2025-02-03 11:15:40'),
(40, 'CB3928500', '2025-02-03', '11:02:44', '11:02:13', 1, '2025', 1, '2025-02-03 11:47:44'),
(41, 'CB3685800', '2025-02-03', '11:02:02', '11:02:18', 1, '2025', 1, '2025-02-03 11:53:02'),
(42, 'CB2298666', '2025-02-03', '18:02:58', '18:02:08', 1, '2025', 1, '2025-02-03 18:38:58'),
(43, 'CB8562922', '2025-02-04', '16:02:16', 'Sin Registro', 1, '2025', 1, '2025-02-04 16:31:16'),
(44, 'CB1145077', '2025-02-04', '16:02:12', '17:02:54', 1, '2025', 1, '2025-02-04 16:57:12'),
(45, 'CB4789922', '2025-02-05', '11:02:46', 'Sin Registro', 1, '2025', 1, '2025-02-05 11:44:46'),
(46, 'CB0583288', '2025-02-05', '14:02:36', 'Sin Registro', 1, '2025', 1, '2025-02-05 14:45:36'),
(47, 'CB3292577', '2025-02-06', '05:02:18', 'Sin Registro', 1, '2025', 1, '2025-02-06 05:58:18'),
(48, 'CB2356644', '2025-02-06', '06:02:42', '06:02:33', 1, '2025', 1, '2025-02-06 06:19:42'),
(49, 'CB2369888', '2025-02-07', '05:02:24', 'Sin Registro', 1, '2025', 1, '2025-02-07 05:44:24'),
(50, 'CB2295622', '2025-02-07', '19:02:35', 'Sin Registro', 1, '2025', 1, '2025-02-07 19:23:35'),
(51, 'CB8728411', '2025-02-10', '13:02:10', '14:02:09', 1, '2025', 1, '2025-02-10 13:54:10'),
(52, 'CB4543633', '2025-02-10', '17:02:12', '17:02:39', 1, '2025', 1, '2025-02-10 17:04:12'),
(53, 'CB4521311', '2025-02-11', '09:02:02', 'Sin Registro', 1, '2025', 1, '2025-02-11 09:24:02'),
(54, 'CB0519655', '2025-02-12', '17:02:33', 'Sin Registro', 1, '2025', 1, '2025-02-12 17:18:33'),
(55, 'CB5335966', '2025-02-12', '19:02:23', 'Sin Registro', 1, '2025', 1, '2025-02-12 19:39:23'),
(56, 'CB8559177', '2025-02-14', '16:02:12', '16:02:45', 1, '2025', 1, '2025-02-14 16:31:12'),
(57, 'CB7993066', '2025-02-15', '15:02:46', '15:02:17', 1, '2025', 1, '2025-02-15 15:50:46'),
(58, 'CB9640088', '2025-02-17', '15:02:28', '16:02:12', 1, '2025', 1, '2025-02-17 15:40:28'),
(59, 'CB8359477', '2025-02-17', '16:02:44', '16:02:49', 1, '2025', 1, '2025-02-17 16:18:44'),
(60, 'CB7846433', '2025-02-23', '19:02:31', '19:02:20', 1, '2025', 1, '2025-02-23 19:02:31'),
(61, 'CB2007499', '2025-02-24', '06:02:39', '06:02:50', 1, '2025', 1, '2025-02-24 06:10:39'),
(62, 'CB8577033', '2025-02-25', '17:02:18', '17:02:24', 1, '2025', 1, '2025-02-25 17:14:18'),
(63, 'CB2024711', '2025-02-25', '17:02:46', '17:02:45', 1, '2025', 1, '2025-02-25 17:29:46'),
(64, 'CB3416655', '2025-02-26', '11:02:14', 'Sin Registro', 1, '2025', 1, '2025-02-26 11:35:14'),
(65, 'CB7624144', '2025-03-03', '05:03:13', 'Sin Registro', 1, '2025', 1, '2025-03-03 05:32:13'),
(66, 'CB0819744', '2025-03-03', '09:03:53', 'Sin Registro', 1, '2025', 1, '2025-03-03 09:50:53'),
(67, 'CB4599577', '2025-03-03', '13:03:43', 'Sin Registro', 1, '2025', 1, '2025-03-03 13:23:43'),
(68, 'CB2416766', '2025-03-03', '19:03:43', 'Sin Registro', 1, '2025', 1, '2025-03-03 19:01:43'),
(69, 'CB7712166', '2025-03-04', '15:03:58', 'Sin Registro', 1, '2025', 1, '2025-03-04 15:59:58'),
(70, 'CB4744566', '2025-03-04', '16:03:50', 'Sin Registro', 1, '2025', 1, '2025-03-04 16:17:50'),
(71, 'CB2207611', '2025-03-05', '15:03:13', 'Sin Registro', 1, '2025', 1, '2025-03-05 15:50:13'),
(72, 'CB2737999', '2025-03-05', '15:03:04', '15:03:14', 1, '2025', 1, '2025-03-05 15:54:04'),
(73, 'CB0590400', '2025-03-05', '15:03:47', 'Sin Registro', 1, '2025', 1, '2025-03-05 15:54:47'),
(74, 'CB8655622', '2025-03-06', '05:03:40', '05:03:11', 1, '2025', 1, '2025-03-06 05:44:40'),
(75, 'CB5838511', '2025-03-06', '18:03:02', '18:03:47', 1, '2025', 1, '2025-03-06 18:05:02'),
(76, 'CB3577255', '2025-03-08', '12:03:41', '12:03:51', 1, '2025', 1, '2025-03-08 12:53:41'),
(77, 'CB5143899', '2025-03-08', '12:03:25', 'Sin Registro', 1, '2025', 1, '2025-03-08 12:57:25'),
(78, 'CB8499311', '2025-03-10', '18:03:47', '18:03:35', 1, '2025', 1, '2025-03-10 18:39:47'),
(79, 'CB2135611', '2025-03-11', '15:03:30', 'Sin Registro', 1, '2025', 1, '2025-03-11 15:43:30'),
(80, 'CB5088622', '2025-03-12', '11:03:18', '11:03:45', 1, '2025', 1, '2025-03-12 11:21:18'),
(81, 'CB2415544', '2025-03-12', '18:03:15', '18:03:56', 1, '2025', 1, '2025-03-12 18:55:15'),
(82, 'CB3240000', '2025-03-13', '09:03:31', 'Sin Registro', 1, '2025', 1, '2025-03-13 09:45:31'),
(83, 'CB9844400', '2025-03-13', '17:03:32', 'Sin Registro', 1, '2025', 1, '2025-03-13 17:32:32'),
(84, 'CB3796811', '2025-03-13', '18:03:47', 'Sin Registro', 1, '2025', 1, '2025-03-13 18:52:47'),
(85, 'CB5290044', '2025-03-14', '15:03:16', 'Sin Registro', 1, '2025', 1, '2025-03-14 15:26:16'),
(86, 'CB6150177', '2025-03-15', '12:03:29', '12:03:10', 2, '2025', 39, '2025-03-15 12:04:29'),
(87, 'CB2722022', '2025-03-15', '12:03:43', 'Sin Registro', 2, '2025', 39, '2025-03-15 12:05:43'),
(88, 'CB0552544', '2025-03-15', '18:03:08', 'Sin Registro', 1, '2025', 1, '2025-03-15 18:00:08'),
(89, 'CB2749022', '2025-03-15', '18:03:25', 'Sin Registro', 1, '2025', 1, '2025-03-15 18:48:25'),
(90, 'CB3470433', '2025-03-15', '22:03:32', 'Sin Registro', 1, '2025', 1, '2025-03-15 22:36:32'),
(91, 'CB2352466', '2025-03-15', '22:03:28', 'Sin Registro', 1, '2025', 1, '2025-03-15 22:47:28'),
(92, 'CB1980477', '2025-03-15', '22:03:10', '22:03:52', 1, '2025', 1, '2025-03-15 22:51:10'),
(93, 'CB4475288', '2025-03-16', '10:03:58', 'Sin Registro', 1, '2025', 1, '2025-03-16 10:10:58'),
(94, 'CB8122600', '2025-03-16', '10:03:06', 'Sin Registro', 1, '2025', 1, '2025-03-16 10:28:06'),
(95, 'CB3361299', '2025-03-16', '17:03:37', 'Sin Registro', 1, '2025', 1, '2025-03-16 17:59:37'),
(96, 'CB5905611', '2025-03-17', '13:03:11', '13:03:17', 1, '2025', 1, '2025-03-17 13:35:11'),
(97, 'CB5667200', '2025-03-20', '18:03:01', 'Sin Registro', 1, '2025', 1, '2025-03-20 18:38:01'),
(98, 'CB4241155', '2025-03-21', '17:03:26', 'Sin Registro', 1, '2025', 1, '2025-03-21 17:54:26'),
(99, 'CB3142766', '2025-03-22', '07:03:28', '07:03:42', 1, '2025', 1, '2025-03-22 07:39:28'),
(100, 'CB3498511', '2025-03-22', '18:03:34', 'Sin Registro', 1, '2025', 1, '2025-03-22 18:57:34'),
(101, 'CB4557477', '2025-03-25', '17:03:02', '17:03:29', 1, '2025', 1, '2025-03-25 17:10:02'),
(102, 'CB6551100', '2025-03-26', '20:03:18', 'Sin Registro', 1, '2025', 1, '2025-03-26 20:46:18'),
(103, 'CB4537077', '2025-03-26', '20:03:29', 'Sin Registro', 1, '2025', 1, '2025-03-26 20:46:29'),
(104, 'CB4121766', '2025-03-30', '15:03:07', 'Sin Registro', 1, '2025', 1, '2025-03-30 15:51:07'),
(105, 'CB6995455', '2025-03-30', '17:03:04', 'Sin Registro', 1, '2025', 1, '2025-03-30 17:47:04'),
(106, 'CB6947577', '2025-04-01', '05:04:06', 'Sin Registro', 1, '2025', 1, '2025-04-01 05:53:06'),
(107, 'CB0668411', '2025-04-01', '06:04:47', 'Sin Registro', 1, '2025', 1, '2025-04-01 06:07:47'),
(108, 'CB1773733', '2025-04-01', '20:04:10', 'Sin Registro', 1, '2025', 1, '2025-04-01 20:27:10'),
(109, 'CB8748099', '2025-04-01', '20:04:10', 'Sin Registro', 1, '2025', 1, '2025-04-01 20:58:10'),
(110, 'CB7138899', '2025-04-02', '07:04:18', 'Sin Registro', 1, '2025', 1, '2025-04-02 07:23:18'),
(111, 'CB3548600', '2025-04-02', '07:04:30', '07:04:55', 1, '2025', 1, '2025-04-02 07:35:30'),
(112, 'CB3219966', '2025-04-02', '07:04:24', 'Sin Registro', 1, '2025', 1, '2025-04-02 07:38:24'),
(113, 'CB7464900', '2025-04-02', '08:04:07', 'Sin Registro', 1, '2025', 1, '2025-04-02 08:38:07'),
(114, 'CB3166577', '2025-04-02', '08:04:43', '08:04:44', 1, '2025', 1, '2025-04-02 08:38:43'),
(115, 'CB2649466', '2025-04-02', '15:04:09', '15:04:25', 1, '2025', 1, '2025-04-02 15:33:09'),
(116, 'CB7267099', '2025-04-02', '18:04:54', 'Sin Registro', 1, '2025', 1, '2025-04-02 18:17:54'),
(117, 'CB3961977', '2025-04-02', '19:04:18', 'Sin Registro', 1, '2025', 1, '2025-04-02 19:25:18'),
(118, 'CB1730211', '2025-04-02', '20:04:28', 'Sin Registro', 1, '2025', 1, '2025-04-02 20:29:28'),
(119, 'CB5747300', '2025-04-03', '04:04:22', '04:04:51', 1, '2025', 1, '2025-04-03 04:23:22'),
(120, 'CB1445400', '2025-04-03', '11:04:04', 'Sin Registro', 1, '2025', 1, '2025-04-03 11:46:04'),
(121, 'CB2698066', '2025-04-03', '18:04:47', '19:04:58', 1, '2025', 1, '2025-04-03 18:57:47'),
(122, 'CB2375211', '2025-04-03', '20:04:21', 'Sin Registro', 1, '2025', 1, '2025-04-03 20:38:21'),
(123, 'CB5337366', '2025-04-03', '21:04:50', 'Sin Registro', 1, '2025', 1, '2025-04-03 21:07:50'),
(124, 'CB7909599', '2025-04-04', '10:04:55', 'Sin Registro', 1, '2025', 1, '2025-04-04 10:56:55'),
(125, 'CB6160711', '2025-04-05', '07:04:35', 'Sin Registro', 1, '2025', 1, '2025-04-05 07:08:35'),
(126, 'CB4684777', '2025-04-05', '08:04:26', '08:04:26', 1, '2025', 1, '2025-04-05 08:07:26'),
(127, 'CB1870444', '2025-04-05', '14:04:02', 'Sin Registro', 1, '2025', 1, '2025-04-05 14:27:02'),
(128, 'CB9129444', '2025-04-05', '14:04:34', 'Sin Registro', 1, '2025', 1, '2025-04-05 14:29:34'),
(129, 'CB0061433', '2025-04-05', '17:04:35', 'Sin Registro', 1, '2025', 1, '2025-04-05 17:04:35'),
(130, 'CB4345644', '2025-04-06', '10:04:51', 'Sin Registro', 1, '2025', 1, '2025-04-06 10:52:51'),
(131, 'CB0692688', '2025-04-06', '16:04:04', 'Sin Registro', 1, '2025', 1, '2025-04-06 16:05:04'),
(132, 'CB0025944', '2025-04-07', '08:04:29', '08:04:49', 1, '2025', 1, '2025-04-07 08:48:29'),
(133, 'CB9373211', '2025-04-07', '09:04:29', '09:04:55', 1, '2025', 1, '2025-04-07 09:38:29'),
(134, 'CB6000066', '2025-04-07', '16:04:17', 'Sin Registro', 1, '2025', 1, '2025-04-07 16:28:17'),
(135, 'CB3817477', '2025-04-07', '17:04:08', '17:04:44', 1, '2025', 1, '2025-04-07 17:33:08'),
(136, 'CB5503277', '2025-04-08', '04:04:22', '04:04:43', 1, '2025', 1, '2025-04-08 04:44:22'),
(137, 'CB5196522', '2025-04-08', '17:04:06', 'Sin Registro', 1, '2025', 1, '2025-04-08 17:09:06'),
(138, 'CB7399288', '2025-04-09', '11:04:31', 'Sin Registro', 1, '2025', 1, '2025-04-09 11:46:31');

-- --------------------------------------------------------

--
-- Table structure for table `categoria`
--

CREATE TABLE `categoria` (
  `categoria_id` int(11) NOT NULL,
  `nombre` char(30) NOT NULL,
  `estado` int(11) NOT NULL,
  `fecha_registro` datetime NOT NULL
) ENGINE=MyISAM DEFAULT CHARSET=utf8mb4 COLLATE=utf8mb4_spanish_ci;

--
-- Dumping data for table `categoria`
--

INSERT INTO `categoria` (`categoria_id`, `nombre`, `estado`, `fecha_registro`) VALUES
(1, 'Servicios Informáticos', 1, '2021-10-22 18:57:17'),
(2, 'Mobiliario Y Equipo Oficina', 1, '2023-01-03 16:55:51'),
(3, 'Router', 1, '2023-05-03 12:29:20'),
(4, 'Fuente De Poder', 1, '2023-05-03 14:13:49'),
(5, 'Compras En Linea', 1, '2023-05-07 09:41:11'),
(6, 'Computadoras Escritorio', 1, '2023-05-15 16:52:26'),
(7, 'Laptops', 1, '2023-05-15 16:52:32');

-- --------------------------------------------------------

--
-- Table structure for table `categoria_gastos`
--

CREATE TABLE `categoria_gastos` (
  `categoria_gastos_id` int(11) NOT NULL,
  `nombre` varchar(30) NOT NULL,
  `estado` int(11) NOT NULL COMMENT '0 Inactivo 1. Activo',
  `usuario` int(11) NOT NULL,
  `date_write` datetime NOT NULL
) ENGINE=MyISAM DEFAULT CHARSET=utf8mb4 COLLATE=utf8mb4_spanish_ci;

--
-- Dumping data for table `categoria_gastos`
--

INSERT INTO `categoria_gastos` (`categoria_gastos_id`, `nombre`, `estado`, `usuario`, `date_write`) VALUES
(1, 'Alimentacion', 1, 1, '2024-01-07 04:37:59'),
(2, 'Combustible', 1, 1, '2024-01-07 04:44:17'),
(3, 'Licencias', 1, 1, '2024-04-03 13:08:47'),
(4, 'Tasa de Seguridad', 1, 1, '2024-10-06 19:26:22'),
(5, 'Telefonia', 1, 1, '2024-10-06 19:26:54'),
(6, 'Prestamos', 1, 1, '2025-02-05 11:46:55'),
(7, 'Servidor', 1, 1, '2025-02-12 20:03:12'),
(8, 'Servicios Publicos', 1, 1, '2025-02-17 15:46:12'),
(9, 'Renta', 1, 1, '2025-02-17 15:46:19'),
(10, 'Mantenimiento Vehiculos', 1, 1, '2025-03-03 05:35:15'),
(11, 'Impuesto Sobre Ventas', 1, 1, '2025-03-06 18:33:18'),
(12, 'Dominios', 1, 1, '2025-03-11 15:44:27'),
(13, 'Antivirus', 1, 1, '2025-03-11 15:48:38');

-- --------------------------------------------------------

--
-- Table structure for table `cheque`
--

CREATE TABLE `cheque` (
  `cheque_id` int(11) NOT NULL,
  `cuentas_id` int(11) NOT NULL,
  `proveedores_id` int(11) NOT NULL,
  `empresa_id` int(11) NOT NULL,
  `fecha` date NOT NULL,
  `factura` char(18) NOT NULL,
  `importe` float(12,2) NOT NULL,
  `observacion` char(150) NOT NULL,
  `colaboradores_id` int(11) NOT NULL,
  `fecha_registro` datetime NOT NULL
) ENGINE=MyISAM DEFAULT CHARSET=utf8mb4 COLLATE=utf8mb4_spanish_ci;

-- --------------------------------------------------------

--
-- Table structure for table `clientes`
--

CREATE TABLE `clientes` (
  `clientes_id` int(11) NOT NULL,
  `nombre` char(100) NOT NULL,
  `rtn` char(14) NOT NULL,
  `fecha` date NOT NULL,
  `departamentos_id` int(11) NOT NULL,
  `municipios_id` int(11) NOT NULL,
  `localidad` char(150) NOT NULL,
  `telefono` char(8) NOT NULL,
  `correo` char(70) NOT NULL,
  `estado` int(11) NOT NULL,
  `colaboradores_id` int(11) NOT NULL,
  `fecha_registro` datetime NOT NULL,
  `empresa` char(30) NOT NULL,
  `eslogan` char(50) NOT NULL,
  `otra_informacion` char(50) NOT NULL,
  `whatsapp` char(8) NOT NULL
) ENGINE=MyISAM DEFAULT CHARSET=utf8mb4 COLLATE=utf8mb4_spanish_ci;

--
-- Dumping data for table `clientes`
--

INSERT INTO `clientes` (`clientes_id`, `nombre`, `rtn`, `fecha`, `departamentos_id`, `municipios_id`, `localidad`, `telefono`, `correo`, `estado`, `colaboradores_id`, `fecha_registro`, `empresa`, `eslogan`, `otra_informacion`, `whatsapp`) VALUES
(1, 'Consumidor Final', '999999999', '2025-06-01', 5, 68, '.', '0', 'alguien@algo.com', 1, 1, '2025-06-01 11:28:13', '', '', '', ''),
(2, 'Castro Urbina y Asociados S. D R.L', '05019021248785', '2025-06-01', 5, 68, 'Barrio: los Andes: 7, 12-13 Calle Avenida, Sector: N.O., Casa NO.: 105, Departamento: Cortes, Municipio: San Pedro Sula', '25404054', 'administracion@patolab.org', 1, 1, '2025-06-01 19:04:19', 'patolab', 'Calidad Diagnostica A Su Servicio', '', '94428529'),
(3, 'Inversiones Integrales del Norte S De RL', '05019021261032', '2025-06-01', 5, 69, '3Ra Ave, Frente A Instalaciones De La Cruz Roja Hondureña, A La Par De Fundevi, Choloma, Cortés.', '94892808', 'centrointegral21@hotmail.com', 1, 1, '2025-06-01 19:05:07', 'centro integral', 'Expertos En Salud', '', '94892808'),
(4, 'Francisco Lennyn Alvarenga Fajardo', '0801197909835', '2025-06-01', 5, 68, '3er piso hospital bendaña consultorio 3008. Avenida circunvalación. San pedro sula. Honduras', '31534321', 'cino.informacion@gmail.com', 1, 1, '2025-06-01 08:57:46', 'cino', 'Cambiamos Vidas. Iniciamos Historias', '', '31534321'),
(5, 'Materiales Y Accesorios Para Laboratorios S. De R.L', '05019021310060', '2025-06-01', 5, 68, 'Barrio: los Andes: 7, 12-13 Calle Avenida, Sector: N.O., Casa NO.: 105, Departamento: Cortes, Municipio: San Pedro Sula', '25404055', 'administracion@maxlabhn.com', 1, 1, '2025-06-01 08:13:03', '', 'SOMOS TU ASESOR MAS QUE TU PROVEEDOR', '', '93646995'),
(6, 'Inversiones Medica Palore S De Rl', '05019023517779', '2025-01-21', 1, 1, 'Avenida 14 de julio, entre 17 y 18 calle, contiguo a gasolinera Puma', '92814240', 'labopat.hn@gmail.com', 1, 1, '2025-01-21 09:09:03', '', '', '', ''),
(7, 'Skin Health Center S DE RL', '08019021299265', '2025-01-21', 8, 115, 'Skin Health Center, Clínicas Millenium, 5to piso, locales 506/507, Colonia Tepeyac, Tegucigalpa, CP. 11101', '33127607', '', 1, 1, '2025-01-21 09:12:09', '', '', '', ''),
(8, 'Flores 504', '', '2025-01-21', 5, 68, 'Barrio Suyapa 11 Calle, 14-15 Avenida N.O San Pedro Sula, Cortes. C.A', '98585689', '504floreshn@gmail.com', 1, 1, '2025-01-21 09:12:59', '', '', '', ''),
(9, 'Stefany Paola Flores Mejía', '18041997027245', '2025-01-21', 18, 295, 'EL PROGRESO,YORO. CARRETERA HACIA SANTA RITA , PLAZA SAMMY LOCAL #1 FRENTE A MOLINEROS A LA PAR DE INU BAR &ampampPUB.', '96570485', 'stefanyd17@gmail.com', 1, 1, '2025-01-21 09:14:04', '', '', '', ''),
(10, 'Jose Roberto Galindo Donaire', '08011989118187', '2025-01-21', 8, 115, 'Hospital Centro Médico Hondureño, 1era avenida, Tegucigalpa, FM', '31718788', '', 1, 1, '2025-01-21 09:15:22', '', '', '', ''),
(11, 'VIERA FLORES Y ASOCIADOS S. DE R.L', '05019021332771', '2025-01-21', 5, 68, 'Barrio río de piedra, 10 calle,23 ave S.O Edificio terravista plaza local 809', '32475478', 'dra.floresgo@gmail.com', 2, 1, '2025-01-21 09:16:59', '', '', '', ''),
(12, 'ES MULTISERVICIOS', '18041991043390', '2025-01-21', 5, 68, '', '89136844', '', 1, 1, '2025-01-21 13:52:57', '', '', '', ''),
(13, 'BAC Credomatic de Honduras', '', '2025-02-02', 8, 115, '', '', '', 1, 1, '2025-02-02 12:25:32', '', '', '', '');

-- --------------------------------------------------------

--
-- Table structure for table `cobrar_clientes`
--

CREATE TABLE `cobrar_clientes` (
  `cobrar_clientes_id` int(11) NOT NULL,
  `clientes_id` int(11) NOT NULL,
  `facturas_id` int(11) NOT NULL,
  `fecha` date NOT NULL,
  `saldo` float(12,4) NOT NULL,
  `estado` int(11) NOT NULL COMMENT '1. Pendiente de Cobrar 2. Pago Realizado',
  `usuario` int(11) NOT NULL,
  `empresa_id` int(11) NOT NULL,
  `fecha_registro` datetime NOT NULL
) ENGINE=MyISAM DEFAULT CHARSET=utf8mb4 COLLATE=utf8mb4_spanish_ci;

--
-- Dumping data for table `cobrar_clientes`
--

INSERT INTO `cobrar_clientes` (`cobrar_clientes_id`, `clientes_id`, `facturas_id`, `fecha`, `saldo`, `estado`, `usuario`, `empresa_id`, `fecha_registro`) VALUES
(1, 3, 1, '2025-01-31', 0.0000, 2, 1, 1, '2025-01-31 08:26:39'),
(2, 2, 2, '2025-01-31', 0.0000, 2, 1, 1, '2025-01-31 08:28:02'),
(3, 6, 3, '2025-01-31', 0.0000, 2, 1, 1, '2025-01-31 08:28:47'),
(4, 9, 4, '2025-01-31', 0.0000, 2, 1, 1, '2025-01-31 08:29:40'),
(5, 8, 5, '2025-01-31', 0.0000, 2, 1, 1, '2025-01-31 08:30:58'),
(6, 10, 6, '2025-01-31', 0.0000, 2, 1, 1, '2025-01-31 08:31:46'),
(7, 7, 7, '2025-01-31', 0.0000, 2, 1, 1, '2025-01-31 08:32:36'),
(8, 4, 8, '2025-01-31', 0.0000, 2, 1, 1, '2025-01-31 08:35:50'),
(9, 7, 9, '2025-01-31', 0.0000, 2, 1, 1, '2025-01-31 08:36:39'),
(10, 5, 10, '2025-01-31', 0.0000, 2, 1, 1, '2025-01-31 08:37:20'),
(11, 3, 11, '2025-03-03', 0.0000, 2, 1, 1, '2025-03-03 05:42:58'),
(12, 4, 12, '2025-03-03', 0.0000, 2, 1, 1, '2025-03-03 05:47:43'),
(13, 6, 13, '2025-03-03', 0.0000, 2, 1, 1, '2025-03-03 05:49:23'),
(14, 7, 14, '2025-03-03', 0.0000, 2, 1, 1, '2025-03-03 05:51:09'),
(15, 8, 15, '2025-03-03', 0.0000, 2, 1, 1, '2025-03-03 05:51:55'),
(16, 9, 16, '2025-03-03', 0.0000, 2, 1, 1, '2025-03-03 05:52:53'),
(17, 5, 17, '2025-03-03', 0.0000, 2, 1, 1, '2025-03-03 05:53:38'),
(18, 10, 18, '2025-03-03', 0.0000, 2, 1, 1, '2025-03-03 05:54:18'),
(19, 2, 19, '2025-03-03', 0.0000, 2, 1, 1, '2025-03-03 05:54:48'),
(20, 3, 20, '2025-04-02', 0.0000, 2, 1, 1, '2025-04-02 18:20:43'),
(21, 4, 21, '2025-04-02', 3450.0000, 1, 1, 1, '2025-04-02 18:24:06'),
(22, 6, 22, '2025-04-02', 0.0000, 2, 1, 1, '2025-04-02 18:25:40'),
(23, 7, 23, '2025-04-02', 5998.0000, 1, 1, 1, '2025-04-02 18:31:25'),
(24, 5, 24, '2025-04-02', 0.0000, 2, 1, 1, '2025-04-02 18:51:32'),
(25, 10, 25, '2025-04-02', 0.0000, 2, 1, 1, '2025-04-02 19:02:38'),
(26, 2, 26, '2025-04-02', 0.0000, 2, 1, 1, '2025-04-02 19:03:07'),
(27, 8, 27, '2025-04-02', 1099.0000, 1, 1, 1, '2025-04-02 19:04:05'),
(28, 9, 28, '2025-04-02', 1610.0000, 1, 1, 1, '2025-04-02 19:05:05');

-- --------------------------------------------------------

--
-- Table structure for table `colaboradores`
--

CREATE TABLE `colaboradores` (
  `colaboradores_id` int(11) NOT NULL,
  `puestos_id` int(11) NOT NULL,
  `nombre` char(20) NOT NULL,
  `apellido` char(20) NOT NULL,
  `identidad` char(13) NOT NULL,
  `estado` int(11) NOT NULL COMMENT '1. Activo 2. Inactivo',
  `telefono` char(8) NOT NULL,
  `empresa_id` int(11) NOT NULL,
  `fecha_registro` datetime NOT NULL,
  `fecha_ingreso` date NOT NULL,
  `fecha_egreso` varchar(30) NOT NULL
) ENGINE=MyISAM DEFAULT CHARSET=utf8mb4 COLLATE=utf8mb4_spanish_ci;

--
-- Dumping data for table `colaboradores`
--

INSERT INTO `colaboradores` (`colaboradores_id`, `puestos_id`, `nombre`, `apellido`, `identidad`, `estado`, `telefono`, `empresa_id`, `fecha_registro`, `fecha_ingreso`, `fecha_egreso`) VALUES
(1, 2, 'ES', 'MULTISERVICIOS', '1804199104339', 1, '89136844', 1, '2021-08-14 17:37:21', '0000-00-00', ''),
(2, 1, 'Dennis Eduardo', 'Maldonado Pineda', '0', 1, '99460530', 1, '2021-08-27 18:26:17', '2023-01-04', ''),
(3, 1, 'Lee Erick', 'Sing Zelada', '1804199104847', 2, '95542292', 1, '2022-04-04 18:44:19', '2023-09-15', '2023-09-15'),
(4, 3, 'Alexandra', 'Ponce', '1804199904969', 1, '95146190', 1, '2022-05-18 16:58:58', '2022-05-09', ''),
(5, 1, 'Edwin Javier', 'Velasquez Cotes', '1804199104339', 1, '97079577', 1, '2023-01-04 16:34:13', '2023-01-04', ''),
(6, 4, 'Naban Esaú', 'Guardado Mejía', '0102198500023', 1, '94182740', 1, '2023-08-29 20:56:21', '2023-08-29', ''),
(7, 5, 'Ana Raquel', 'Urbina Salgado', '0703198700009', 1, '95309626', 1, '2021-11-19 13:31:09', '0000-00-00', ''),
(8, 5, 'Pedro Luis', 'Castro Rivera', '1501198603154', 1, '99245973', 1, '2021-11-19 13:31:41', '0000-00-00', ''),
(9, 5, 'Elsa Gabriela', 'Corea', '0501200204870', 2, '99272692', 1, '2021-11-19 13:32:33', '0000-00-00', ''),
(10, 5, 'Carlos', 'Chavarria', '02', 1, '94517024', 1, '2021-12-14 12:01:11', '0000-00-00', ''),
(11, 5, 'Ana María', 'Urbina', '01', 1, '0', 1, '2021-12-28 13:36:57', '0000-00-00', ''),
(12, 5, 'Carlos', 'Castillo', '0501199908224', 1, '31537202', 1, '2022-11-17 17:59:53', '0000-00-00', ''),
(13, 5, 'David', '', '98585689', 1, '98585689', 1, '2023-12-06 17:59:53', '0000-00-00', ''),
(15, 5, 'Fernanda', 'Vallecillo', '0501199903726', 1, '', 1, '2024-01-12 17:37:21', '0000-00-00', ''),
(14, 5, 'Patricia', 'Vallecillo', '0501198305786', 1, '', 1, '2024-01-12 17:37:21', '0000-00-00', ''),
(16, 5, 'Oscar', 'Hernandez', '0501196505339', 1, '', 1, '2024-01-12 17:37:21', '0000-00-00', ''),
(17, 5, 'Henry', 'Castillo', '0100620000112', 1, '', 1, '2024-01-12 17:37:21', '0000-00-00', ''),
(18, 5, 'Oscar Alejandro', 'Hernandez', '0501200300711', 1, '', 1, '2024-01-12 17:37:21', '0000-00-00', ''),
(19, 5, 'Harim', 'Cordero', '', 1, '', 1, '2024-01-12 17:37:21', '0000-00-00', ''),
(20, 5, 'Miguel', 'López Sabillón', '', 1, '', 1, '2024-01-26 17:37:21', '2024-01-14', ''),
(23, 5, 'Zaira', 'Urbina', '', 1, '', 1, '2024-01-26 17:37:21', '0000-00-00', ''),
(21, 5, 'Alejandra', 'Paz Euceda', '', 1, '', 1, '2024-01-26 17:37:21', '0000-00-00', ''),
(22, 5, 'Heidy Lourdes', 'Torres Cantarero', '', 1, '', 1, '2024-01-26 17:37:21', '0000-00-00', ''),
(24, 5, 'Julio Armando', 'Barahona Bonilla', '', 1, '', 1, '2024-02-07 17:37:21', '0000-00-00', ''),
(25, 5, 'Arlyn Yamileth', 'Gerezano Mendoza', '', 1, '', 1, '2024-02-07 17:37:21', '0000-00-00', ''),
(26, 1, 'Yasmin', 'Maldonado', '00000', 1, '94844698', 1, '2024-02-26 11:36:20', '2024-02-26', ''),
(27, 5, 'Claudia Johana', 'Flores Zuniga', '0801198807874', 1, '', 1, '2024-04-30 17:37:21', '0000-00-00', ''),
(28, 5, 'Alejandra', 'Viera Zelaya', '0801198706106', 1, '', 1, '2024-04-30 17:37:21', '0000-00-00', ''),
(29, 5, 'Ayari Maholi', 'Rivera Rapalo', '0501200100615', 1, '', 1, '2024-04-30 17:37:21', '0000-00-00', ''),
(30, 5, 'Aborroteria', 'Sonaguera', '', 1, '', 1, '2024-06-18 04:01:07', '2024-06-18', ''),
(31, 5, 'Repaccell', '', '', 1, '', 1, '2024-06-18 04:01:07', '2024-06-18', ''),
(35, 5, 'Tereza', 'Murillo', '0501199810750', 1, '33445062', 1, '2024-11-19 15:30:03', '2024-11-19', ''),
(36, 5, 'Stefany Paola', 'Flores Mejía', '1804199702724', 1, '96570485', 1, '2024-11-22 15:30:03', '2024-11-22', ''),
(37, 5, 'La casa', 'de las flores', '12121212', 1, '95703337', 1, '2024-11-22 15:30:03', '2024-11-22', ''),
(38, 5, 'Clelia Castañeda', 'Pérez', '1001196900087', 1, '00102', 1, '2024-12-03 17:37:21', '2024-12-03', ''),
(39, 5, 'Linda Rosmery', 'Navas Hernández', '0801198120704', 1, '00101', 1, '2024-12-03 17:37:21', '2024-12-03', ''),
(40, 5, 'Francia Bourdett', 'Castañeda', '1208200000324', 1, '00103', 1, '2024-12-03 17:37:21', '2024-12-03', ''),
(41, 5, 'Pamela Cestoni', 'Benítez', '0801199501154', 1, '00104', 1, '2024-12-03 17:37:21', '2024-12-03', ''),
(42, 5, 'Clelian Yamileth', 'Espinal Castañeda', '1208198900145', 1, '00105', 1, '2024-12-03 17:37:21', '2024-12-03', ''),
(43, 5, 'Fardo', 'Flores', '1234', 1, '1234', 1, '2025-03-15 12:02:56', '2025-03-15', ''),
(44, 5, 'Rosmery', 'Navas', '1234444', 1, '1234444', 1, '2025-03-15 12:02:56', '2025-03-15', '');

-- --------------------------------------------------------

--
-- Table structure for table `compras`
--

CREATE TABLE `compras` (
  `compras_id` int(11) NOT NULL,
  `proveedores_id` int(11) NOT NULL,
  `number` char(30) NOT NULL,
  `tipo_compra` int(11) NOT NULL COMMENT '1. Contado 2. Crédito',
  `colaboradores_id` int(11) NOT NULL,
  `importe` float(12,2) NOT NULL,
  `notas` char(255) NOT NULL,
  `fecha` date NOT NULL,
  `estado` int(11) NOT NULL COMMENT '1. Borrador 2. Pagada 3. Crédito 4. Cancelada',
  `usuario` int(11) NOT NULL,
  `empresa_id` int(11) NOT NULL,
  `fecha_registro` datetime NOT NULL,
  `cuentas_id` int(11) NOT NULL,
  `recordatorio` int(11) NOT NULL
) ENGINE=MyISAM DEFAULT CHARSET=utf8mb4 COLLATE=utf8mb4_spanish_ci;

-- --------------------------------------------------------

--
-- Table structure for table `compras_detalles`
--

CREATE TABLE `compras_detalles` (
  `compras_detalles_id` int(11) NOT NULL,
  `compras_id` int(11) NOT NULL,
  `productos_id` int(11) NOT NULL,
  `cantidad` int(11) NOT NULL,
  `precio` float(12,2) NOT NULL,
  `isv_valor` float(12,2) NOT NULL,
  `descuento` float(12,2) NOT NULL,
  `medida` char(12) NOT NULL
) ENGINE=MyISAM DEFAULT CHARSET=utf8mb4 COLLATE=utf8mb4_spanish_ci;

-- --------------------------------------------------------

--
-- Table structure for table `config`
--

CREATE TABLE `config` (
  `config_id` int(11) NOT NULL,
  `accion` char(40) NOT NULL,
  `activar` int(11) NOT NULL COMMENT '1. Si 0.No'
) ENGINE=MyISAM DEFAULT CHARSET=utf8mb4 COLLATE=utf8mb4_spanish_ci;

--
-- Dumping data for table `config`
--

INSERT INTO `config` (`config_id`, `accion`, `activar`) VALUES
(1, 'Mostrar detalle facturas - Caja', 1),
(2, 'Validar Apertura Caja', 1);

-- --------------------------------------------------------

--
-- Table structure for table `contrato`
--

CREATE TABLE `contrato` (
  `contrato_id` int(11) NOT NULL,
  `colaborador_id` int(11) NOT NULL,
  `tipo_contrato_id` int(11) NOT NULL,
  `pago_planificado_id` int(11) NOT NULL,
  `tipo_empleado_id` int(11) NOT NULL,
  `salario_mensual` decimal(12,2) NOT NULL,
  `salario` decimal(12,2) NOT NULL,
  `fecha_inicio` date NOT NULL,
  `fecha_fin` varchar(30) NOT NULL,
  `notas` varchar(255) NOT NULL,
  `usuario` int(11) NOT NULL,
  `estado` int(11) NOT NULL COMMENT '1. Activo 2.Inactivo',
  `fecha_registro` datetime NOT NULL,
  `semanal` int(11) NOT NULL
) ENGINE=MyISAM DEFAULT CHARSET=utf8mb4 COLLATE=utf8mb4_spanish_ci;

--
-- Dumping data for table `contrato`
--

INSERT INTO `contrato` (`contrato_id`, `colaborador_id`, `tipo_contrato_id`, `pago_planificado_id`, `tipo_empleado_id`, `salario_mensual`, `salario`, `fecha_inicio`, `fecha_fin`, `notas`, `usuario`, `estado`, `fecha_registro`, `semanal`) VALUES
(1, 5, 1, 3, 1, 3000.00, 3000.00, '2025-02-01', '', '', 1, 1, '2025-02-01 17:37:02', 0);

-- --------------------------------------------------------

--
-- Table structure for table `correo`
--

CREATE TABLE `correo` (
  `correo_id` int(11) NOT NULL,
  `correo_tipo_id` int(11) NOT NULL,
  `server` char(30) NOT NULL COMMENT 'Servidor de Correo SMTP',
  `correo` char(100) NOT NULL COMMENT 'Correo de la cuenta',
  `password` char(100) NOT NULL COMMENT 'Contraseña de la Cuenta',
  `port` int(11) NOT NULL,
  `smtp_secure` char(3) NOT NULL COMMENT 'tls o ssl',
  `estado` int(11) NOT NULL COMMENT '1. Activo 2. Inactivo',
  `fecha_registro` datetime NOT NULL
) ENGINE=MyISAM DEFAULT CHARSET=utf8mb4 COLLATE=utf8mb4_spanish_ci;

--
-- Dumping data for table `correo`
--

INSERT INTO `correo` (`correo_id`, `correo_tipo_id`, `server`, `correo`, `password`, `port`, `smtp_secure`, `estado`, `fecha_registro`) VALUES
(1, 1, 'smtp.office365.com', 'notificaciones@esmultiservicio', 'enA4cjluNXlwZG1UeDR4Y1M4VHB6dz09', 587, 'tls', 1, '2021-11-05 18:57:26'),
(2, 2, 'mail.izzycloud.app', 'soporte@izzycloud.app', 'enA4cjluNXlwZG1UeDR4Y1M4VHB6dz09', 587, 'tls', 1, '2021-11-05 18:57:26'),
(3, 3, 'mail.izzycloud.app', 'facturas@izzycloud.app', 'enA4cjluNXlwZG1UeDR4Y1M4VHB6dz09', 587, 'tls', 1, '2021-11-05 18:57:26'),
(4, 4, 'mail.izzycloud.app', 'noreply@izzycloud.app', 'enA4cjluNXlwZG1UeDR4Y1M4VHB6dz09', 587, 'tls', 1, '2022-02-25 09:23:29');

-- --------------------------------------------------------

--
-- Table structure for table `correo_tipo`
--

CREATE TABLE `correo_tipo` (
  `correo_tipo_id` int(11) NOT NULL,
  `nombre` char(15) NOT NULL
) ENGINE=MyISAM DEFAULT CHARSET=utf8mb4 COLLATE=utf8mb4_spanish_ci;

--
-- Dumping data for table `correo_tipo`
--

INSERT INTO `correo_tipo` (`correo_tipo_id`, `nombre`) VALUES
(1, 'Notificaciones'),
(2, 'Soporte'),
(3, 'Facturas'),
(4, 'No Reply');

-- --------------------------------------------------------

--
-- Table structure for table `cotizacion`
--

CREATE TABLE `cotizacion` (
  `cotizacion_id` int(11) NOT NULL,
  `clientes_id` int(11) NOT NULL,
  `number` int(11) NOT NULL,
  `tipo_factura` int(11) NOT NULL COMMENT '1. Contado 2. Crédito',
  `colaboradores_id` int(11) NOT NULL,
  `importe` float(12,2) NOT NULL,
  `notas` char(255) NOT NULL,
  `fecha` date NOT NULL,
  `estado` int(11) NOT NULL COMMENT '1. Activa 2. Cancelada',
  `vigencia_cotizacion_id` int(11) NOT NULL,
  `usuario` int(11) NOT NULL,
  `empresa_id` int(11) NOT NULL,
  `fecha_registro` datetime NOT NULL,
  `fecha_dolar` date NOT NULL
) ENGINE=MyISAM DEFAULT CHARSET=utf8mb4 COLLATE=utf8mb4_spanish_ci;

-- --------------------------------------------------------

--
-- Table structure for table `cotizacion_detalles`
--

CREATE TABLE `cotizacion_detalles` (
  `cotizacion_detalle_id` int(11) NOT NULL,
  `cotizacion_id` int(11) NOT NULL,
  `productos_id` int(11) NOT NULL,
  `cantidad` int(11) NOT NULL,
  `precio` float(12,2) NOT NULL,
  `isv_valor` float(12,2) NOT NULL,
  `descuento` float(12,2) NOT NULL
) ENGINE=MyISAM DEFAULT CHARSET=utf8mb4 COLLATE=utf8mb4_spanish_ci;

-- --------------------------------------------------------

--
-- Table structure for table `cuentas`
--

CREATE TABLE `cuentas` (
  `cuentas_id` int(11) NOT NULL,
  `codigo` char(11) NOT NULL,
  `nombre` char(30) NOT NULL,
  `estado` int(11) NOT NULL COMMENT '1. Activo 2. Inactivo',
  `fecha_registro` datetime NOT NULL
) ENGINE=MyISAM DEFAULT CHARSET=utf8mb4 COLLATE=utf8mb4_spanish_ci;

--
-- Dumping data for table `cuentas`
--

INSERT INTO `cuentas` (`cuentas_id`, `codigo`, `nombre`, `estado`, `fecha_registro`) VALUES
(1, '1010', 'Apertura', 1, '2021-09-14 16:45:39'),
(2, '1011', 'Caja', 1, '2021-09-14 16:45:39'),
(3, '1012', 'Banco Bac 755233101', 1, '2021-09-14 16:45:00'),
(4, '1013', 'CxC Clientes', 1, '2021-09-14 16:45:00'),
(5, '1014', 'CxP Proveedores', 1, '2021-09-15 20:09:20'),
(6, '1015', 'CxP Socios', 1, '2021-09-30 11:37:02');

-- --------------------------------------------------------

--
-- Table structure for table `departamentos`
--

CREATE TABLE `departamentos` (
  `departamentos_id` int(11) NOT NULL,
  `nombre` char(17) NOT NULL
) ENGINE=MyISAM DEFAULT CHARSET=utf8mb4 COLLATE=utf8mb4_spanish_ci;

--
-- Dumping data for table `departamentos`
--

INSERT INTO `departamentos` (`departamentos_id`, `nombre`) VALUES
(1, 'Atlántida'),
(2, 'Colón'),
(3, 'Comayagua'),
(4, 'Copán'),
(5, 'Cortés'),
(6, 'Choluteca'),
(7, 'El Paraíso'),
(8, 'Francisco Morazán'),
(9, 'Gracias a Dios'),
(10, 'Intibucá'),
(11, 'Islas de la Bahía'),
(12, 'La Paz'),
(13, 'Lempira'),
(14, 'Ocotepeque'),
(15, 'Olancho'),
(16, 'Santa Bárbara'),
(17, 'Valle'),
(18, 'Yoro');

-- --------------------------------------------------------

--
-- Table structure for table `diarios`
--

CREATE TABLE `diarios` (
  `diarios_id` int(11) NOT NULL,
  `nombre` char(30) NOT NULL,
  `cuentas_id` int(11) NOT NULL,
  `estado` int(11) NOT NULL,
  `fecha_registro` datetime NOT NULL
) ENGINE=MyISAM DEFAULT CHARSET=utf8mb4 COLLATE=utf8mb4_spanish_ci;

--
-- Dumping data for table `diarios`
--

INSERT INTO `diarios` (`diarios_id`, `nombre`, `cuentas_id`, `estado`, `fecha_registro`) VALUES
(1, 'Clientes', 4, 1, '2021-11-12 20:03:06'),
(2, 'Proveedores', 5, 1, '2021-11-12 20:03:06'),
(3, 'Planilla', 3, 1, '2022-12-30 19:45:34');

-- --------------------------------------------------------

--
-- Table structure for table `documento`
--

CREATE TABLE `documento` (
  `documento_id` int(11) NOT NULL,
  `nombre` char(30) NOT NULL,
  `estado` int(11) NOT NULL
) ENGINE=MyISAM DEFAULT CHARSET=utf8mb4 COLLATE=utf8mb4_spanish_ci;

--
-- Dumping data for table `documento`
--

INSERT INTO `documento` (`documento_id`, `nombre`, `estado`) VALUES
(1, 'Factura Electronica', 1),
(2, 'Nota de Credito', 2),
(3, 'Nota de Debito', 2),
(4, 'Factura Proforma', 1);

-- --------------------------------------------------------

--
-- Table structure for table `egresos`
--

CREATE TABLE `egresos` (
  `egresos_id` int(11) NOT NULL,
  `cuentas_id` int(11) NOT NULL,
  `proveedores_id` int(11) NOT NULL,
  `empresa_id` int(11) NOT NULL,
  `tipo_egreso` int(11) NOT NULL COMMENT '1. Compras 2. Gastos	',
  `fecha` date NOT NULL,
  `factura` char(20) NOT NULL,
  `subtotal` float(12,2) NOT NULL,
  `descuento` float(12,2) NOT NULL,
  `nc` float(12,2) NOT NULL COMMENT 'Nota de Credito',
  `impuesto` float(12,2) NOT NULL,
  `total` float(12,2) NOT NULL,
  `observacion` char(150) NOT NULL,
  `estado` int(11) NOT NULL COMMENT '1. Activo 2. Inactivo',
  `colaboradores_id` int(11) NOT NULL,
  `fecha_registro` datetime NOT NULL,
  `categoria_gastos_id` int(11) NOT NULL
) ENGINE=MyISAM DEFAULT CHARSET=utf8mb4 COLLATE=utf8mb4_spanish_ci;

--
-- Dumping data for table `egresos`
--

INSERT INTO `egresos` (`egresos_id`, `cuentas_id`, `proveedores_id`, `empresa_id`, `tipo_egreso`, `fecha`, `factura`, `subtotal`, `descuento`, `nc`, `impuesto`, `total`, `observacion`, `estado`, `colaboradores_id`, `fecha_registro`, `categoria_gastos_id`) VALUES
(1, 3, 2, 1, 2, '2025-02-05', '4004', 2170.55, 0.00, 0.00, 0.00, 2170.55, 'PAGO PRINCIPAL CR 502067841', 1, 1, '2025-02-05 11:47:36', 6),
(2, 3, 2, 1, 2, '2025-02-05', '4004-1', 7955.84, 0.00, 0.00, 0.00, 7955.84, 'PAGO INTERESES CR 502067841', 1, 1, '2025-02-05 11:48:28', 0),
(3, 3, 2, 1, 2, '2025-02-05', '4004-2', 33.62, 0.00, 0.00, 0.00, 33.62, 'SEGURO SALDO DE DEUD 502067841', 1, 1, '2025-02-05 11:49:12', 0),
(4, 3, 3, 1, 2, '2025-02-08', '951472799', 686.82, 0.00, 0.00, 0.00, 686.82, '', 1, 1, '2025-02-10 14:07:41', 0),
(5, 3, 4, 1, 2, '2025-02-10', '250100002206784', 210.00, 0.00, 0.00, 0.00, 210.00, 'Pago Siisar 18041991043390, referencia de pago 400429841', 1, 1, '2025-02-10 17:09:19', 0),
(6, 3, 5, 1, 2, '2025-02-10', 'CB-843894', 641.69, 0.00, 0.00, 0.00, 641.69, 'Pago Licencia Antivirus inmunify360 25 dolares americanos', 1, 1, '2025-02-11 09:32:16', 3),
(7, 3, 6, 1, 2, '2025-02-12', '134674890003', 4826.10, 0.00, 0.00, 0.00, 4826.10, 'Pago Servidor Principal', 1, 1, '2025-02-12 20:11:08', 7),
(8, 3, 7, 1, 2, '2025-02-17', '412409160', 3500.00, 0.00, 0.00, 0.00, 3500.00, 'Pago Renta Domicilio', 1, 1, '2025-02-17 15:47:31', 9),
(9, 3, 3, 1, 2, '2025-02-17', '210020061595', 1161.94, 0.00, 0.00, 0.00, 1161.94, 'Pago Energia Electrica en domicilio, San Jose V Calle: Principal Esquina Opuesta A Canchas De Majoncho Sosa', 1, 1, '2025-02-17 15:52:48', 0),
(10, 3, 8, 1, 2, '2025-02-22', '412406676', 160.00, 0.00, 0.00, 0.00, 160.00, 'Cambio Aceite Hidraulico', 1, 1, '2025-02-22 05:36:16', 10),
(11, 3, 9, 1, 2, '2025-02-23', '412406095', 500.00, 0.00, 0.00, 0.00, 500.00, 'Gastos Alimentacion', 1, 1, '2025-02-23 05:38:27', 1),
(12, 3, 10, 1, 2, '2025-03-06', '001-004-01-00520113', 1061.80, 0.00, 0.00, 0.00, 1061.80, 'Compra Combustible en Texaco', 1, 1, '2025-03-06 05:51:35', 2),
(13, 3, 6, 1, 2, '2025-03-06', '134674890004', 4835.65, 0.00, 0.00, 0.00, 4835.65, 'Pago Servidor Contabo 187.99 dolares tasa de cambio usada 25.7229, el dinero se paga a Representante Edwin Velasquez', 1, 1, '2025-03-06 18:19:28', 7),
(14, 3, 4, 1, 2, '2025-03-06', '400406354', 2517.13, 0.00, 0.00, 0.00, 2517.13, 'Pago Siisar 18041991043390', 1, 1, '2025-03-06 18:34:31', 11),
(15, 3, 10, 1, 2, '2025-03-09', '001-004-01-00521903', 300.00, 0.00, 0.00, 0.00, 300.00, 'Combustible visita a clientes', 1, 1, '2025-03-10 18:41:50', 2),
(16, 3, 11, 1, 2, '2025-03-11', '3605241213', 6294.34, 0.00, 0.00, 0.00, 6294.34, 'Pago dominios en godaddy izzycloud.app y camicloud.app se pagan a socio segun factura 3605241213', 1, 1, '2025-03-11 15:44:54', 12),
(17, 3, 5, 1, 2, '2025-03-11', 'CB-856975', 643.23, 0.00, 0.00, 0.00, 643.23, 'Pago licencia antivirus servidor número factura CB-856975 pago 25 dolares', 1, 1, '2025-03-11 15:49:11', 13),
(18, 3, 3, 1, 2, '2025-03-11', '951463351', 1596.15, 0.00, 0.00, 0.00, 1596.15, 'Pago energia electrica', 1, 1, '2025-03-11 15:54:03', 8),
(19, 3, 1, 1, 2, '2025-03-13', 'Nomina 1', 3000.00, 0.00, 0.00, 0.00, 3000.00, 'Pago de Nomina 1', 1, 1, '2025-03-13 17:40:05', 0),
(20, 3, 1, 1, 2, '2025-03-22', '412405836', 190.00, 0.00, 0.00, 0.00, 190.00, 'Compra comida no se tiene factura', 1, 1, '2025-03-22 07:40:25', 1),
(21, 3, 10, 1, 2, '2025-03-21', '001-004-01-00529070', 500.00, 0.00, 0.00, 0.00, 500.00, 'Visita Clientes', 1, 1, '2025-03-22 07:44:19', 2),
(22, 3, 1, 1, 2, '2025-04-03', '412406873', 3441.60, 0.00, 0.00, 0.00, 3441.60, 'Se movio el dinero a una cuenta de Ficohsa, para evitar que BAC lo tome por el préstamo personal que se debe', 1, 1, '2025-04-03 19:07:29', 0);

-- --------------------------------------------------------

--
-- Table structure for table `empresa`
--

CREATE TABLE `empresa` (
  `empresa_id` int(11) NOT NULL,
  `razon_social` char(50) NOT NULL,
  `nombre` char(50) NOT NULL,
  `otra_informacion` char(150) NOT NULL,
  `eslogan` char(150) NOT NULL,
  `celular` char(8) NOT NULL,
  `telefono` char(8) NOT NULL,
  `correo` char(50) NOT NULL,
  `logotipo` char(40) NOT NULL,
  `rtn` char(14) NOT NULL,
  `ubicacion` char(150) NOT NULL,
  `facebook` char(150) NOT NULL,
  `sitioweb` char(150) NOT NULL,
  `horario` char(100) NOT NULL,
  `estado` int(11) NOT NULL,
  `colaboradores_id` int(11) NOT NULL,
  `fecha_registro` datetime NOT NULL,
  `firma_documento` char(40) NOT NULL,
  `MostrarFirma` int(11) NOT NULL COMMENT '0. No 1. Si'
) ENGINE=MyISAM DEFAULT CHARSET=utf8mb4 COLLATE=utf8mb4_spanish_ci;

--
-- Dumping data for table `empresa`
--

INSERT INTO `empresa` (`empresa_id`, `razon_social`, `nombre`, `otra_informacion`, `eslogan`, `celular`, `telefono`, `correo`, `logotipo`, `rtn`, `ubicacion`, `facebook`, `sitioweb`, `horario`, `estado`, `colaboradores_id`, `fecha_registro`, `firma_documento`, `MostrarFirma`) VALUES
(1, 'Edwin Javier Velasquez Cortes', 'E.S MULTISERVICIOS', '', 'Mas que servicios, construimos soluciones', '89136844', '', 'gerencia@esmultiservicios.com', 'drgalindo_logo.png', '18041991043390', 'Colonia: San Jose V Calle: Principal Esquina Opuesta A Canchas De Majoncho Sosa', 'https://www.facebook.com/esmultiserv', 'https://www.esmultiservicios.com', 'Horario: Lunes a Viernes 8:00am a 5:00pm', 1, 1, '2025-06-01 18:30:43', 'esmultiservicios_sello.png', 1);

-- --------------------------------------------------------

--
-- Table structure for table `facturas`
--

CREATE TABLE `facturas` (
  `facturas_id` int(11) NOT NULL,
  `clientes_id` int(11) NOT NULL,
  `secuencia_facturacion_id` int(11) NOT NULL,
  `apertura_id` int(11) NOT NULL,
  `number` int(11) NOT NULL,
  `tipo_factura` int(11) NOT NULL COMMENT '1. Contado 2. Crédito',
  `colaboradores_id` int(11) NOT NULL,
  `importe` float(12,2) NOT NULL,
  `notas` char(255) NOT NULL,
  `fecha` date NOT NULL,
  `estado` int(11) NOT NULL COMMENT '1. Borrador 2. Pagada 3. Crédito 4. Cancelada',
  `usuario` int(11) NOT NULL,
  `empresa_id` int(11) NOT NULL,
  `fecha_registro` datetime NOT NULL,
  `fecha_dolar` date NOT NULL
) ENGINE=MyISAM DEFAULT CHARSET=utf8mb4 COLLATE=utf8mb4_spanish_ci;

--
-- Dumping data for table `facturas`
--

INSERT INTO `facturas` (`facturas_id`, `clientes_id`, `secuencia_facturacion_id`, `apertura_id`, `number`, `tipo_factura`, `colaboradores_id`, `importe`, `notas`, `fecha`, `estado`, `usuario`, `empresa_id`, `fecha_registro`, `fecha_dolar`) VALUES
(1, 3, 1, 1, 2, 2, 1, 1800.00, '', '2025-02-01', 2, 1, 1, '2025-02-01 08:26:39', '2025-02-01'),
(2, 2, 1, 1, 3, 2, 1, 2300.00, '', '2025-02-03', 2, 1, 1, '2025-02-03 08:28:02', '2025-02-03'),
(3, 6, 1, 1, 5, 2, 1, 2300.00, '', '2025-02-05', 2, 1, 1, '2025-01-31 08:28:47', '2025-01-31'),
(4, 9, 2, 1, 4, 2, 1, 1610.00, '', '2025-01-31', 3, 1, 1, '2025-01-31 08:29:40', '2025-01-31'),
(5, 8, 2, 1, 5, 2, 1, 1099.00, '', '2025-01-31', 3, 1, 1, '2025-01-31 08:30:58', '2025-01-31'),
(6, 10, 1, 1, 1, 2, 1, 1610.00, '', '2025-01-31', 2, 1, 1, '2025-01-31 08:31:46', '2025-01-31'),
(7, 7, 1, 1, 6, 2, 1, 2499.00, 'Sistema CAMI', '2025-02-12', 2, 1, 1, '2025-01-31 08:32:36', '2025-01-31'),
(8, 4, 1, 1, 8, 2, 1, 3450.00, '', '2025-02-15', 2, 1, 1, '2025-01-31 08:35:50', '2025-01-31'),
(9, 7, 1, 1, 7, 2, 1, 3499.00, 'Sistema IZZY', '2025-02-12', 2, 1, 1, '2025-01-31 08:36:39', '2025-01-31'),
(10, 5, 1, 1, 4, 2, 1, 3450.00, '', '2025-02-03', 2, 1, 1, '2025-02-03 08:37:20', '2025-02-03'),
(11, 3, 1, 2, 9, 1, 1, 1800.00, '', '2025-03-01', 2, 1, 1, '2025-03-01 05:42:58', '2025-03-03'),
(12, 4, 1, 2, 15, 2, 1, 3450.00, '', '2025-03-12', 2, 1, 1, '2025-03-03 05:47:43', '2025-03-03'),
(13, 6, 1, 2, 13, 2, 1, 2300.00, '', '2025-03-06', 2, 1, 1, '2025-03-03 05:49:23', '2025-03-03'),
(14, 7, 1, 2, 14, 2, 1, 5998.00, 'Facturas de los Sistemas:\r\nIZZY y CAMI', '2025-03-10', 2, 1, 1, '2025-03-03 05:51:09', '2025-03-03'),
(15, 8, 2, 2, 14, 2, 1, 1099.00, '', '2025-03-03', 2, 1, 1, '2025-03-03 05:51:55', '2025-03-03'),
(16, 9, 2, 2, 15, 2, 1, 1610.00, '', '2025-03-03', 2, 1, 1, '2025-03-03 05:52:53', '2025-03-03'),
(17, 5, 1, 2, 12, 2, 1, 3450.00, '', '2025-03-04', 2, 1, 1, '2025-03-03 05:53:38', '2025-03-03'),
(18, 10, 1, 2, 11, 2, 1, 1610.00, '', '2025-03-04', 2, 1, 1, '2025-03-03 05:54:18', '2025-03-03'),
(19, 2, 1, 2, 10, 2, 1, 2300.00, '', '2025-03-04', 2, 1, 1, '2025-03-03 05:54:48', '2025-03-03'),
(20, 3, 1, 3, 16, 1, 1, 1800.00, '', '2025-04-02', 2, 1, 1, '2025-04-02 18:20:43', '2025-04-02'),
(24, 5, 1, 3, 19, 2, 1, 3450.00, '', '2025-04-05', 2, 1, 1, '2025-04-02 19:01:59', '2025-04-02'),
(23, 7, 2, 3, 21, 2, 1, 5998.00, '', '2025-04-02', 2, 1, 1, '2025-04-02 19:01:19', '2025-04-02'),
(22, 6, 1, 3, 20, 2, 1, 2300.00, '', '2025-04-07', 2, 1, 1, '2025-04-02 19:00:14', '2025-04-02'),
(21, 4, 2, 3, 19, 2, 1, 3450.00, '', '2025-04-02', 2, 1, 1, '2025-04-02 18:57:31', '2025-04-02'),
(25, 10, 1, 3, 17, 2, 1, 1610.00, '', '2025-04-03', 2, 1, 1, '2025-04-02 19:02:38', '2025-04-02'),
(26, 2, 1, 3, 18, 2, 1, 2300.00, '', '2025-04-05', 2, 1, 1, '2025-04-02 19:03:07', '2025-04-02'),
(27, 8, 2, 3, 25, 2, 1, 1099.00, '', '2025-04-02', 2, 1, 1, '2025-04-02 19:04:05', '2025-04-02'),
(28, 9, 2, 3, 26, 2, 1, 1610.00, '', '2025-04-02', 2, 1, 1, '2025-04-02 19:05:05', '2025-04-02');

-- --------------------------------------------------------

--
-- Table structure for table `facturas_detalles`
--

CREATE TABLE `facturas_detalles` (
  `facturas_detalle_id` int(11) NOT NULL,
  `facturas_id` int(11) NOT NULL,
  `productos_id` int(11) NOT NULL,
  `cantidad` int(11) NOT NULL,
  `precio` float(12,4) NOT NULL,
  `isv_valor` float(12,4) NOT NULL,
  `descuento` float(12,4) NOT NULL,
  `medida` char(12) NOT NULL
) ENGINE=MyISAM DEFAULT CHARSET=utf8mb4 COLLATE=utf8mb4_spanish_ci;

--
-- Dumping data for table `facturas_detalles`
--

INSERT INTO `facturas_detalles` (`facturas_detalle_id`, `facturas_id`, `productos_id`, `cantidad`, `precio`, `isv_valor`, `descuento`, `medida`) VALUES
(1, 1, 6, 1, 1565.2200, 234.7800, 0.0000, 'Und'),
(2, 2, 7, 1, 2000.0000, 300.0000, 0.0000, 'Und'),
(3, 3, 7, 1, 2000.0000, 300.0000, 0.0000, 'Und'),
(4, 4, 3, 1, 1400.0000, 210.0000, 0.0000, 'Und'),
(5, 5, 2, 1, 955.6500, 143.3500, 0.0000, 'Und'),
(6, 6, 3, 1, 1400.0000, 210.0000, 0.0000, 'Und'),
(7, 7, 4, 1, 2173.0400, 325.9600, 0.0000, 'Und'),
(8, 8, 8, 1, 3000.0000, 450.0000, 0.0000, 'Und'),
(9, 9, 5, 1, 3042.6101, 456.3900, 0.0000, 'Und'),
(10, 10, 8, 1, 3000.0000, 450.0000, 0.0000, 'Und'),
(11, 11, 6, 1, 1565.2200, 234.7800, 0.0000, 'Und'),
(12, 12, 8, 1, 3000.0000, 450.0000, 0.0000, 'Und'),
(13, 13, 7, 1, 2000.0000, 300.0000, 0.0000, 'Und'),
(14, 14, 4, 1, 2173.0400, 325.9600, 0.0000, 'Und'),
(15, 14, 5, 1, 3042.6101, 456.3900, 0.0000, 'Und'),
(16, 15, 2, 1, 955.6500, 143.3500, 0.0000, 'Und'),
(17, 16, 3, 1, 1400.0000, 210.0000, 0.0000, 'Und'),
(18, 17, 8, 1, 3000.0000, 450.0000, 0.0000, 'Und'),
(19, 18, 3, 1, 1400.0000, 210.0000, 0.0000, 'Und'),
(20, 19, 7, 1, 2000.0000, 300.0000, 0.0000, 'Und'),
(21, 20, 6, 1, 1565.2200, 234.7800, 0.0000, 'Und'),
(26, 24, 8, 1, 3000.0000, 450.0000, 0.0000, 'Und'),
(25, 23, 5, 1, 3042.6101, 456.3900, 0.0000, 'Und'),
(24, 23, 4, 1, 2173.0400, 325.9600, 0.0000, 'Und'),
(23, 22, 7, 1, 2000.0000, 300.0000, 0.0000, 'Und'),
(22, 21, 8, 1, 3000.0000, 450.0000, 0.0000, 'Und'),
(27, 25, 3, 1, 1400.0000, 210.0000, 0.0000, 'Und'),
(28, 26, 7, 1, 2000.0000, 300.0000, 0.0000, 'Und'),
(29, 27, 2, 1, 955.6500, 143.3500, 0.0000, 'Und'),
(30, 28, 3, 1, 1400.0000, 210.0000, 0.0000, 'Und');

-- --------------------------------------------------------

--
-- Table structure for table `facturas_proforma`
--

CREATE TABLE `facturas_proforma` (
  `facturas_proforma_id` int(11) NOT NULL,
  `facturas_id` int(11) NOT NULL,
  `clientes_id` int(11) NOT NULL,
  `secuencia_facturacion_id` int(11) NOT NULL,
  `numero` int(11) NOT NULL,
  `importe` float(12,2) NOT NULL,
  `usuario` int(11) NOT NULL,
  `empresa_id` int(11) NOT NULL,
  `estado` int(11) NOT NULL COMMENT '0. Pendiente 1. Pagada',
  `fecha_creacion` datetime NOT NULL
) ENGINE=MyISAM DEFAULT CHARSET=utf8mb4 COLLATE=utf8mb4_spanish_ci;

--
-- Dumping data for table `facturas_proforma`
--

INSERT INTO `facturas_proforma` (`facturas_proforma_id`, `facturas_id`, `clientes_id`, `secuencia_facturacion_id`, `numero`, `importe`, `usuario`, `empresa_id`, `estado`, `fecha_creacion`) VALUES
(1, 1, 3, 2, 2, 1800.00, 1, 1, 1, '2025-01-31 08:26:39'),
(2, 2, 2, 2, 3, 2300.00, 1, 1, 1, '2025-01-31 08:28:02'),
(3, 3, 6, 2, 4, 2300.00, 1, 1, 1, '2025-01-31 08:28:47'),
(4, 4, 9, 2, 5, 1610.00, 1, 1, 0, '2025-01-31 08:29:40'),
(5, 5, 8, 2, 6, 1099.00, 1, 1, 0, '2025-01-31 08:30:58'),
(6, 6, 10, 2, 7, 1610.00, 1, 1, 1, '2025-01-31 08:31:46'),
(7, 7, 7, 2, 8, 2499.00, 1, 1, 1, '2025-01-31 08:32:36'),
(8, 8, 4, 2, 9, 3450.00, 1, 1, 1, '2025-01-31 08:35:50'),
(9, 9, 7, 2, 10, 3499.00, 1, 1, 1, '2025-01-31 08:36:39'),
(10, 10, 5, 2, 11, 3450.00, 1, 1, 1, '2025-01-31 08:37:20'),
(11, 12, 4, 2, 12, 3450.00, 1, 1, 1, '2025-03-03 05:47:43'),
(12, 13, 6, 2, 13, 2300.00, 1, 1, 1, '2025-03-03 05:49:23'),
(13, 14, 7, 2, 14, 5998.00, 1, 1, 1, '2025-03-03 05:51:09'),
(14, 15, 8, 2, 15, 1099.00, 1, 1, 0, '2025-03-03 05:51:55'),
(15, 16, 9, 2, 16, 1610.00, 1, 1, 0, '2025-03-03 05:52:53'),
(16, 17, 5, 2, 17, 3450.00, 1, 1, 1, '2025-03-03 05:53:38'),
(17, 18, 10, 2, 18, 1610.00, 1, 1, 1, '2025-03-03 05:54:18'),
(18, 19, 2, 2, 19, 2300.00, 1, 1, 1, '2025-03-03 05:54:48'),
(19, 21, 4, 2, 20, 3450.00, 1, 1, 0, '2025-04-02 18:57:31'),
(20, 22, 6, 2, 21, 2300.00, 1, 1, 1, '2025-04-02 19:00:14'),
(21, 23, 7, 2, 22, 5998.00, 1, 1, 0, '2025-04-02 19:01:19'),
(22, 24, 5, 2, 23, 3450.00, 1, 1, 1, '2025-04-02 19:01:59'),
(23, 25, 10, 2, 24, 1610.00, 1, 1, 1, '2025-04-02 19:02:38'),
(24, 26, 2, 2, 25, 2300.00, 1, 1, 1, '2025-04-02 19:03:07'),
(25, 27, 8, 2, 26, 1099.00, 1, 1, 0, '2025-04-02 19:04:05'),
(26, 28, 9, 2, 27, 1610.00, 1, 1, 0, '2025-04-02 19:05:05');

-- --------------------------------------------------------

--
-- Table structure for table `historial`
--

CREATE TABLE `historial` (
  `historial_id` int(11) NOT NULL,
  `modulo` char(30) NOT NULL,
  `colaboradores_id` int(11) NOT NULL,
  `status` char(10) NOT NULL,
  `observacion` char(254) NOT NULL,
  `fecha_registro` datetime NOT NULL
) ENGINE=MyISAM DEFAULT CHARSET=utf8mb4 COLLATE=utf8mb4_spanish_ci;

--
-- Dumping data for table `historial`
--

INSERT INTO `historial` (`historial_id`, `modulo`, `colaboradores_id`, `status`, `observacion`, `fecha_registro`) VALUES
(1, 'Clientes', 1, 'Registro', 'Se registro el cliente Inversiones Medica Palore S De Rl con el RTN 05019023517779', '2025-01-21 09:09:03'),
(2, 'Clientes', 1, 'Registro', 'Se registro el cliente Skin Health Center S DE RL con el RTN 08019021299265', '2025-01-21 09:12:09'),
(3, 'Clientes', 1, 'Registro', 'Se registro el cliente Flores 504 con el RTN', '2025-01-21 09:12:59'),
(4, 'Clientes', 1, 'Registro', 'Se registro el cliente Stefany Paola Flores Mejía con el RTN 18041997027245', '2025-01-21 09:14:04'),
(5, 'Clientes', 1, 'Registro', 'Se registro el cliente Jose Roberto Galindo Donaire con el RTN 08011989118187', '2025-01-21 09:15:22'),
(6, 'Clientes', 1, 'Registro', 'Se registro el cliente VIERA FLORES Y ASOCIADOS S. DE R.L con el RTN 05019021332771', '2025-01-21 09:17:00'),
(7, 'Clientes', 1, 'Registro', 'Se registro el cliente ES MULTISERVICIOS con el RTN 18041991043390', '2025-01-21 13:52:57'),
(8, 'Clientes', 1, 'Registro', 'Se registro el cliente Test con el RTN', '2025-01-21 17:42:31'),
(9, 'Clientes', 1, 'Eliminar', 'Se elimino el cliente Test con el RTN', '2025-01-21 17:42:47'),
(10, 'Clientes', 1, 'Registro', 'Se registro el cliente Test con el RTN', '2025-01-21 17:44:27'),
(11, 'Clientes', 1, 'Eliminar', 'Se elimino el cliente Test con el RTN', '2025-01-21 17:44:35'),
(12, 'Caja', 1, 'Apertura', 'Se aperturo la caja', '2025-01-31 08:24:59'),
(13, 'Facturas', 1, 'Registrar', 'Se registro la factura 2 al crédito para el cliente Inversiones Integrales del Norte S De RL con el RTN 05019021261032', '2025-01-31 08:26:39'),
(14, 'Facturas', 1, 'Registrar', 'Se registro la factura 3 al crédito para el cliente Castro Urbina y Asociados S. D R.L con el RTN 05019021248785', '2025-01-31 08:28:02'),
(15, 'Facturas', 1, 'Registrar', 'Se registro la factura 4 al crédito para el cliente Inversiones Medica Palore S De Rl con el RTN 05019023517779', '2025-01-31 08:28:47'),
(16, 'Facturas', 1, 'Registrar', 'Se registro la factura 5 al crédito para el cliente Stefany Paola Flores Mejía con el RTN 18041997027245', '2025-01-31 08:29:40'),
(17, 'Facturas', 1, 'Registrar', 'Se registro la factura 6 al crédito para el cliente Flores 504 con el RTN', '2025-01-31 08:30:58'),
(18, 'Facturas', 1, 'Registrar', 'Se registro la factura 7 al crédito para el cliente Jose Roberto Galindo Donaire con el RTN 08011989118187', '2025-01-31 08:31:46'),
(19, 'Facturas', 1, 'Registrar', 'Se registro la factura 8 al crédito para el cliente Skin Health Center S DE RL con el RTN 08019021299265', '2025-01-31 08:32:36'),
(20, 'Facturas', 1, 'Registrar', 'Se registro la factura 9 al crédito para el cliente Francisco Lennyn Alvarenga Fajardo con el RTN 0801197909835', '2025-01-31 08:35:50'),
(21, 'Facturas', 1, 'Registrar', 'Se registro la factura 10 al crédito para el cliente Skin Health Center S DE RL con el RTN 08019021299265', '2025-01-31 08:36:39'),
(22, 'Facturas', 1, 'Registrar', 'Se registro la factura 11 al crédito para el cliente Materiales Y Accesorios Para Laboratorios S. De R.L con el RTN 05019021310060', '2025-01-31 08:37:20'),
(23, 'Pagos', 1, 'Registrar', 'Se registro el pago para la factura 00000006 al contado', '2025-01-31 15:15:56'),
(24, 'Proveedor', 1, 'Registro', 'Se registro el proveedor BAC Credomatic de Hoduras con el RTN', '2025-02-02 12:24:31'),
(25, 'Proveedor', 1, 'Eliminar', 'Se elimino el proveedor BAC Credomatic de Hoduras con el RTN', '2025-02-02 12:25:12'),
(26, 'Clientes', 1, 'Registro', 'Se registro el cliente BAC Credomatic de Honduras con el RTN', '2025-02-02 12:25:32'),
(27, 'Pagos', 1, 'Registrar', 'Se registro el pago para la factura 00000001 al contado', '2025-02-02 12:28:49'),
(28, 'Pagos', 1, 'Registrar', 'Se registro el pago para la factura 00000002 al contado', '2025-02-03 11:17:20'),
(29, 'Pagos', 1, 'Registrar', 'Se registro el pago para la factura 00000010 al contado', '2025-02-03 11:21:56'),
(30, 'Proveedor', 1, 'Registro', 'Se registro el proveedor BAC CREDOMATIC DE HONDURAS con el RTN', '2025-02-05 11:46:30'),
(31, 'Pagos', 1, 'Registrar', 'Se registro el pago para la factura 00000003 al contado', '2025-02-05 11:51:20'),
(32, 'Proveedor', 1, 'Registro', 'Se registro el proveedor ENEE con el RTN', '2025-02-10 14:07:03'),
(33, 'Proveedor', 1, 'Registro', 'Se registro el proveedor SERVICIO DE ADMINISTRACION DE RENTAS con el RTN', '2025-02-10 17:05:29'),
(34, 'Proveedor', 1, 'Registro', 'Se registro el proveedor Cloud Linux Software, Inc con el RTN', '2025-02-11 09:31:17'),
(35, 'Pagos', 1, 'Registrar', 'Se registro el pago para la factura 00000007 al contado', '2025-02-12 17:19:56'),
(36, 'Pagos', 1, 'Registrar', 'Se registro el pago para la factura 00000009 al contado', '2025-02-12 17:20:17'),
(37, 'Proveedor', 1, 'Registro', 'Se registro el proveedor Contabo con el RTN', '2025-02-12 20:02:34'),
(38, 'Pagos', 1, 'Registrar', 'Se registro el pago para la factura 00000008 al contado', '2025-02-15 15:52:03'),
(39, 'Proveedor', 1, 'Registro', 'Se registro el proveedor Carlos Enrique Baide Dominguez con el RTN', '2025-02-17 15:46:55'),
(40, 'Proveedor', 1, 'Registro', 'Se registro el proveedor ANTONIO ALEJANDRO CERRATO ANTUNEZ con el RTN', '2025-03-03 05:34:32'),
(41, 'Proveedor', 1, 'Registro', 'Se registro el proveedor MERCEDES RAMOS PINEDA con el RTN', '2025-03-03 05:37:22'),
(42, 'Caja', 1, 'Apertura', 'Se aperturo la caja', '2025-03-03 05:42:31'),
(43, 'Facturas', 1, 'Registro', 'Se registro la factura al contado para el cliente Inversiones Integrales del Norte S De RL con el RTN 05019021261032', '2025-03-03 05:42:58'),
(44, 'Pagos', 1, 'Registrar', 'Se registro el pago para la factura 9 al contado', '2025-03-03 05:43:17'),
(45, 'Facturas', 1, 'Registrar', 'Se registro la factura 12 al crédito para el cliente Francisco Lennyn Alvarenga Fajardo con el RTN 0801197909835', '2025-03-03 05:47:43'),
(46, 'Facturas', 1, 'Registrar', 'Se registro la factura 13 al crédito para el cliente Inversiones Medica Palore S De Rl con el RTN 05019023517779', '2025-03-03 05:49:23'),
(47, 'Facturas', 1, 'Registrar', 'Se registro la factura 14 al crédito para el cliente Skin Health Center S DE RL con el RTN 08019021299265', '2025-03-03 05:51:09'),
(48, 'Facturas', 1, 'Registrar', 'Se registro la factura 15 al crédito para el cliente Flores 504 con el RTN', '2025-03-03 05:51:55'),
(49, 'Facturas', 1, 'Registrar', 'Se registro la factura 16 al crédito para el cliente Stefany Paola Flores Mejía con el RTN 18041997027245', '2025-03-03 05:52:53'),
(50, 'Facturas', 1, 'Registrar', 'Se registro la factura 17 al crédito para el cliente Materiales Y Accesorios Para Laboratorios S. De R.L con el RTN 05019021310060', '2025-03-03 05:53:38'),
(51, 'Facturas', 1, 'Registrar', 'Se registro la factura 18 al crédito para el cliente Jose Roberto Galindo Donaire con el RTN 08011989118187', '2025-03-03 05:54:18'),
(52, 'Facturas', 1, 'Registrar', 'Se registro la factura 19 al crédito para el cliente Castro Urbina y Asociados S. D R.L con el RTN 05019021248785', '2025-03-03 05:54:48'),
(53, 'Pagos', 1, 'Registrar', 'Se registro el pago para la factura 00000018 al contado', '2025-03-04 16:04:49'),
(54, 'Pagos', 1, 'Registrar', 'Se registro el pago para la factura 00000017 al contado', '2025-03-04 16:06:12'),
(55, 'Pagos', 1, 'Registrar', 'Se registro el pago para la factura 00000016 al contado', '2025-03-04 16:19:08'),
(56, 'Pagos', 1, 'Registrar', 'Se registro el pago para la factura 00000012 al contado', '2025-03-06 05:45:54'),
(57, 'Proveedor', 1, 'Registro', 'Se registro el proveedor INVERSIONES BUENOS AIRES S.A con el RTN 05019009204111', '2025-03-06 05:50:21'),
(58, 'Clientes', 1, 'Edición', 'Se edito el cliente VIERA FLORES Y ASOCIADOS S. DE R.L con el RTN 05019021332771', '2025-03-08 12:55:12'),
(59, 'Pagos', 1, 'Registrar', 'Se registro el pago para la factura 00000013 al contado', '2025-03-10 18:43:15'),
(60, 'Proveedor', 1, 'Registro', 'Se registro el proveedor Godaddy con el RTN', '2025-03-11 15:44:06'),
(61, 'Pagos', 1, 'Registrar', 'Se registro el pago para la factura 00000011 al contado', '2025-03-12 18:56:06'),
(62, 'Caja', 1, 'Apertura', 'Se aperturo la caja', '2025-04-02 18:19:54'),
(63, 'Facturas', 1, 'Registro', 'Se registro la factura al contado para el cliente Inversiones Integrales del Norte S De RL con el RTN 05019021261032', '2025-04-02 18:20:43'),
(64, 'Pagos', 1, 'Registrar', 'Se registro el pago para la factura 16 al contado', '2025-04-02 18:20:56'),
(65, 'Facturas', 1, 'Registrar', 'Se registro la factura 18 al crédito para el cliente Francisco Lennyn Alvarenga Fajardo con el RTN 0801197909835', '2025-04-02 18:24:06'),
(66, 'Facturas', 1, 'Registrar', 'Se registro la factura 19 al crédito para el cliente Inversiones Medica Palore S De Rl con el RTN 05019023517779', '2025-04-02 18:25:40'),
(67, 'Facturas', 1, 'Registrar', 'Se registro la factura 20 al crédito para el cliente Skin Health Center S DE RL con el RTN 08019021299265', '2025-04-02 18:31:25'),
(68, 'Facturas', 1, 'Registrar', 'Se registro la factura 21 al crédito para el cliente Materiales Y Accesorios Para Laboratorios S. De R.L con el RTN 05019021310060', '2025-04-02 18:51:32'),
(69, 'Facturas', 1, 'Registrar', 'Se registro la factura 20 al crédito para el cliente Francisco Lennyn Alvarenga Fajardo con el RTN 0801197909835', '2025-04-02 18:57:31'),
(70, 'Facturas', 1, 'Registrar', 'Se registro la factura 21 al crédito para el cliente Inversiones Medica Palore S De Rl con el RTN 05019023517779', '2025-04-02 19:00:14'),
(71, 'Facturas', 1, 'Registrar', 'Se registro la factura 22 al crédito para el cliente Skin Health Center S DE RL con el RTN 08019021299265', '2025-04-02 19:01:19'),
(72, 'Facturas', 1, 'Registrar', 'Se registro la factura 23 al crédito para el cliente Materiales Y Accesorios Para Laboratorios S. De R.L con el RTN 05019021310060', '2025-04-02 19:01:59'),
(73, 'Facturas', 1, 'Registrar', 'Se registro la factura 24 al crédito para el cliente Jose Roberto Galindo Donaire con el RTN 08011989118187', '2025-04-02 19:02:38'),
(74, 'Facturas', 1, 'Registrar', 'Se registro la factura 25 al crédito para el cliente Castro Urbina y Asociados S. D R.L con el RTN 05019021248785', '2025-04-02 19:03:07'),
(75, 'Facturas', 1, 'Registrar', 'Se registro la factura 26 al crédito para el cliente Flores 504 con el RTN', '2025-04-02 19:04:05'),
(76, 'Facturas', 1, 'Registrar', 'Se registro la factura 27 al crédito para el cliente Stefany Paola Flores Mejía con el RTN 18041997027245', '2025-04-02 19:05:05'),
(77, 'Pagos', 1, 'Registrar', 'Se registro el pago para la factura 00000023 al contado', '2025-04-03 18:58:55'),
(78, 'Pagos', 1, 'Registrar', 'Se registro el pago para la factura 00000024 al contado', '2025-04-05 08:08:27'),
(79, 'Pagos', 1, 'Registrar', 'Se registro el pago para la factura 00000022 al contado', '2025-04-05 08:08:58'),
(80, 'Pagos', 1, 'Registrar', 'Se registro el pago para la factura 00000020 al contado', '2025-04-07 09:42:12');

-- --------------------------------------------------------

--
-- Table structure for table `historial_acceso`
--

CREATE TABLE `historial_acceso` (
  `historial_acceso_id` int(11) NOT NULL,
  `fecha` datetime NOT NULL,
  `colaboradores_id` int(11) NOT NULL,
  `ip` char(254) NOT NULL,
  `acceso` char(150) NOT NULL
) ENGINE=MyISAM DEFAULT CHARSET=utf8mb4 COLLATE=utf8mb4_spanish_ci;

--
-- Dumping data for table `historial_acceso`
--

INSERT INTO `historial_acceso` (`historial_acceso_id`, `fecha`, `colaboradores_id`, `ip`, `acceso`) VALUES
(1, '2025-01-20 18:14:59', 1, '127.0.0.1', 'Ingreso al modulo Dashboard'),
(2, '2025-01-21 09:06:18', 1, '127.0.0.1', 'Ingreso al modulo Dashboard'),
(3, '2025-01-21 09:06:22', 1, '127.0.0.1', 'Ingreso al modulo Clientes'),
(4, '2025-01-21 09:09:20', 1, '127.0.0.1', 'Ingreso al modulo Clientes'),
(5, '2025-01-21 09:10:00', 1, '127.0.0.1', 'Ingreso al modulo Dashboard'),
(6, '2025-01-21 09:10:14', 1, '127.0.0.1', 'Ingreso al modulo Clientes'),
(7, '2025-01-21 09:17:07', 1, '127.0.0.1', 'Ingreso al modulo Clientes'),
(8, '2025-01-21 09:17:46', 1, '127.0.0.1', 'Ingreso al modulo Clientes'),
(9, '2025-01-21 11:07:47', 1, '127.0.0.1', 'Ingreso al modulo Dashboard'),
(10, '2025-01-21 11:07:55', 1, '127.0.0.1', 'Ingreso al modulo Clientes'),
(11, '2025-01-21 11:09:25', 1, '127.0.0.1', 'Ingreso al modulo Clientes'),
(12, '2025-01-21 11:16:44', 1, '127.0.0.1', 'Ingreso al modulo Dashboard'),
(13, '2025-01-21 12:02:24', 1, '127.0.0.1', 'Ingreso al modulo Dashboard'),
(14, '2025-01-21 12:02:33', 1, '127.0.0.1', 'Cierre de Sesion'),
(15, '2025-01-21 12:02:52', 1, '127.0.0.1', 'Ingreso al modulo Dashboard'),
(16, '2025-01-21 12:03:01', 1, '127.0.0.1', 'Cierre de Sesion'),
(17, '2025-01-21 12:03:30', 1, '127.0.0.1', 'Ingreso al modulo Dashboard'),
(18, '2025-01-21 12:04:16', 1, '127.0.0.1', 'Ingreso al modulo Clientes'),
(19, '2025-01-21 12:05:50', 1, '127.0.0.1', 'Ingreso al modulo Clientes'),
(20, '2025-01-21 12:05:59', 1, '127.0.0.1', 'Ingreso al modulo Clientes'),
(21, '2025-01-21 12:06:35', 1, '127.0.0.1', 'Ingreso al modulo Dashboard'),
(22, '2025-01-21 12:06:35', 1, '127.0.0.1', 'Ingreso al modulo Dashboard'),
(23, '2025-01-21 12:06:38', 1, '127.0.0.1', 'Ingreso al modulo Clientes'),
(24, '2025-01-21 12:08:31', 1, '127.0.0.1', 'Ingreso al modulo Clientes'),
(25, '2025-01-21 12:09:52', 1, '127.0.0.1', 'Ingreso al modulo Clientes'),
(26, '2025-01-21 12:10:58', 1, '127.0.0.1', 'Ingreso al modulo Clientes'),
(27, '2025-01-21 12:13:31', 1, '127.0.0.1', 'Ingreso al modulo Clientes'),
(28, '2025-01-21 12:13:47', 1, '127.0.0.1', 'Cierre de Sesion'),
(29, '2025-01-21 12:13:53', 1, '127.0.0.1', 'Ingreso al modulo Dashboard'),
(30, '2025-01-21 12:14:03', 1, '127.0.0.1', 'Ingreso al modulo Clientes'),
(31, '2025-01-21 12:15:53', 1, '127.0.0.1', 'Ingreso al modulo Clientes'),
(32, '2025-01-21 12:16:15', 1, '127.0.0.1', 'Ingreso al modulo Clientes'),
(33, '2025-01-21 12:16:33', 1, '127.0.0.1', 'Ingreso al modulo Clientes'),
(34, '2025-01-21 12:16:47', 1, '127.0.0.1', 'Ingreso al modulo Clientes'),
(35, '2025-01-21 12:17:10', 1, '127.0.0.1', 'Ingreso al modulo Clientes'),
(36, '2025-01-21 13:14:10', 1, '127.0.0.1', 'Ingreso al modulo Empresas'),
(37, '2025-01-21 13:48:30', 1, '127.0.0.1', 'Ingreso al modulo Dashboard'),
(38, '2025-01-21 13:50:24', 1, '127.0.0.1', 'Ingreso al modulo Clientes'),
(39, '2025-01-21 13:50:40', 1, '127.0.0.1', 'Ingreso al modulo Ingresos Contabilidad'),
(40, '2025-01-21 13:52:08', 1, '127.0.0.1', 'Ingreso al modulo Clientes'),
(41, '2025-01-21 13:55:29', 1, '127.0.0.1', 'Ingreso al modulo Ingresos Contabilidad'),
(42, '2025-01-21 14:00:34', 1, '127.0.0.1', 'Ingreso al modulo Cuentas Cuentas Contabilidad'),
(43, '2025-01-21 14:00:42', 1, '127.0.0.1', 'Ingreso al modulo Reporte de Ventas'),
(44, '2025-01-21 14:00:44', 1, '127.0.0.1', 'Ingreso al modulo Reporte de Compras'),
(45, '2025-01-21 14:00:49', 1, '127.0.0.1', 'Ingreso al modulo Productos'),
(46, '2025-01-21 14:06:25', 1, '127.0.0.1', 'Ingreso al modulo Productos'),
(47, '2025-01-21 14:08:30', 1, '127.0.0.1', 'Ingreso al modulo Productos'),
(48, '2025-01-21 14:16:12', 1, '127.0.0.1', 'Ingreso al modulo Productos'),
(49, '2025-01-21 14:16:29', 1, '127.0.0.1', 'Ingreso al modulo Clientes'),
(50, '2025-01-21 15:39:09', 1, '127.0.0.1', 'Cierre de Sesion'),
(51, '2025-01-21 15:39:52', 1, '127.0.0.1', 'Ingreso al modulo Dashboard'),
(52, '2025-01-21 15:40:00', 1, '127.0.0.1', 'Ingreso al modulo Gastos Contabilidad'),
(53, '2025-01-21 15:40:06', 1, '127.0.0.1', 'Ingreso al modulo Ingresos Contabilidad'),
(54, '2025-01-21 17:30:24', 1, '127.0.0.1', 'Cierre de Sesion'),
(55, '2025-01-21 17:30:30', 1, '127.0.0.1', 'Ingreso al modulo Dashboard'),
(56, '2025-01-21 17:30:32', 1, '127.0.0.1', 'Ingreso al modulo Dashboard'),
(57, '2025-01-21 17:30:38', 1, '127.0.0.1', 'Ingreso al modulo Clientes'),
(58, '2025-01-21 17:41:01', 1, '127.0.0.1', 'Ingreso al modulo Clientes'),
(59, '2025-01-21 17:42:24', 1, '127.0.0.1', 'Ingreso al modulo Clientes'),
(60, '2025-01-21 18:01:59', 1, '127.0.0.1', 'Ingreso al modulo Dashboard'),
(61, '2025-01-21 18:03:43', 1, '127.0.0.1', 'Ingreso al modulo Dashboard'),
(62, '2025-01-21 18:04:01', 1, '127.0.0.1', 'Ingreso al modulo Dashboard'),
(63, '2025-01-21 18:04:59', 1, '127.0.0.1', 'Cierre de Sesion'),
(64, '2025-01-21 18:34:41', 1, '127.0.0.1', 'Ingreso al modulo Dashboard'),
(65, '2025-01-21 18:35:12', 1, '127.0.0.1', 'Ingreso al modulo Dashboard'),
(66, '2025-01-21 18:35:14', 1, '127.0.0.1', 'Ingreso al modulo Dashboard'),
(67, '2025-01-21 18:35:21', 1, '127.0.0.1', 'Cierre de Sesion'),
(68, '2025-01-21 18:35:55', 1, '127.0.0.1', 'Ingreso al modulo Dashboard'),
(69, '2025-01-21 18:35:59', 1, '127.0.0.1', 'Ingreso al modulo Clientes'),
(70, '2025-01-21 18:36:07', 1, '127.0.0.1', 'Ingreso al modulo Cuentas Cuentas Contabilidad'),
(71, '2025-01-21 18:37:48', 1, '127.0.0.1', 'Ingreso al modulo Cuentas Cuentas Contabilidad'),
(72, '2025-01-21 18:38:11', 1, '127.0.0.1', 'Ingreso al modulo Cuentas Cuentas Contabilidad'),
(73, '2025-01-21 18:38:42', 1, '127.0.0.1', 'Ingreso al modulo Cuentas Cuentas Contabilidad'),
(74, '2025-01-21 18:40:11', 1, '127.0.0.1', 'Ingreso al modulo Cuentas Cuentas Contabilidad'),
(75, '2025-01-21 18:40:48', 1, '127.0.0.1', 'Ingreso al modulo Cuentas Cuentas Contabilidad'),
(76, '2025-01-21 18:41:05', 1, '127.0.0.1', 'Ingreso al modulo Cuentas Cuentas Contabilidad'),
(77, '2025-01-21 18:41:23', 1, '127.0.0.1', 'Ingreso al modulo Cuentas Cuentas Contabilidad'),
(78, '2025-01-21 18:41:48', 1, '127.0.0.1', 'Ingreso al modulo Dashboard'),
(79, '2025-01-21 18:41:50', 1, '127.0.0.1', 'Ingreso al modulo Clientes'),
(80, '2025-01-21 18:43:01', 1, '127.0.0.1', 'Ingreso al modulo Clientes'),
(81, '2025-01-21 18:43:47', 1, '127.0.0.1', 'Ingreso al modulo Clientes'),
(82, '2025-01-21 18:44:37', 1, '127.0.0.1', 'Ingreso al modulo Clientes'),
(83, '2025-01-21 18:46:30', 1, '127.0.0.1', 'Ingreso al modulo Clientes'),
(84, '2025-01-21 18:49:17', 1, '127.0.0.1', 'Ingreso al modulo Clientes'),
(85, '2025-01-21 18:50:02', 1, '127.0.0.1', 'Ingreso al modulo Clientes'),
(86, '2025-01-21 19:07:38', 1, '127.0.0.1', 'Ingreso al modulo Clientes'),
(87, '2025-01-21 19:07:48', 1, '127.0.0.1', 'Cierre de Sesion'),
(88, '2025-01-21 19:46:03', 1, '170.83.119.131', 'Ingreso al modulo Dashboard'),
(89, '2025-01-21 19:46:09', 1, '170.83.119.131', 'Cierre de Sesion'),
(90, '2025-01-21 20:04:50', 1, '170.83.119.131', 'Ingreso al modulo Dashboard'),
(91, '2025-01-21 20:04:55', 1, '170.83.119.131', 'Cierre de Sesion'),
(92, '2025-01-21 20:17:41', 0, '40.77.167.151', 'Cierre de Sesion Forzado'),
(93, '2025-01-21 20:33:44', 1, '170.83.119.131', 'Ingreso al modulo Dashboard'),
(94, '2025-01-21 20:33:51', 1, '170.83.119.131', 'Ingreso al modulo Empresas'),
(95, '2025-01-21 20:34:57', 1, '170.83.119.131', 'Cierre de Sesion'),
(96, '2025-01-21 20:41:33', 0, '157.55.39.63', 'Cierre de Sesion Forzado'),
(97, '2025-01-21 20:41:34', 0, '157.55.39.63', 'Cierre de Sesion Forzado'),
(98, '2025-01-21 20:41:35', 0, '157.55.39.63', 'Cierre de Sesion Forzado'),
(99, '2025-01-21 20:41:35', 0, '157.55.39.63', 'Cierre de Sesion Forzado'),
(100, '2025-01-21 21:45:34', 1, '170.83.119.131', 'Ingreso al modulo Dashboard'),
(101, '2025-01-21 21:56:24', 1, '170.83.119.131', 'Cierre de Sesion'),
(102, '2025-01-22 03:38:13', 0, '52.167.144.215', 'Cierre de Sesion Forzado'),
(103, '2025-01-22 08:45:44', 0, '40.77.167.53', 'Cierre de Sesion Forzado'),
(104, '2025-01-22 10:50:16', 1, '181.115.6.134', 'Ingreso al modulo Dashboard'),
(105, '2025-01-22 10:50:25', 1, '181.115.6.134', 'Ingreso al modulo Facturas'),
(106, '2025-01-22 11:01:49', 1, '181.115.6.134', 'Cierre de Sesion'),
(107, '2025-01-22 12:15:06', 0, '40.77.167.23', 'Cierre de Sesion Forzado'),
(108, '2025-01-22 14:31:04', 0, '52.167.144.161', 'Cierre de Sesion Forzado'),
(109, '2025-01-22 14:47:48', 0, '52.167.144.213', 'Cierre de Sesion Forzado'),
(110, '2025-01-22 18:08:54', 0, '52.167.144.229', 'Cierre de Sesion Forzado'),
(111, '2025-01-22 18:51:17', 0, '52.167.144.166', 'Cierre de Sesion Forzado'),
(112, '2025-01-22 18:51:23', 0, '52.167.144.199', 'Cierre de Sesion Forzado'),
(113, '2025-01-22 21:26:09', 0, '52.167.144.216', 'Cierre de Sesion Forzado'),
(114, '2025-01-22 22:16:01', 0, '52.167.144.195', 'Cierre de Sesion Forzado'),
(115, '2025-01-22 22:25:47', 0, '40.77.167.37', 'Cierre de Sesion Forzado'),
(116, '2025-01-23 00:43:26', 0, '40.77.167.58', 'Cierre de Sesion Forzado'),
(117, '2025-01-23 00:44:51', 0, '207.46.13.87', 'Cierre de Sesion Forzado'),
(118, '2025-01-23 01:10:14', 0, '40.77.167.53', 'Cierre de Sesion Forzado'),
(119, '2025-01-23 02:35:49', 0, '52.167.144.189', 'Cierre de Sesion Forzado'),
(120, '2025-01-23 02:45:36', 0, '40.77.167.47', 'Cierre de Sesion Forzado'),
(121, '2025-01-23 03:00:31', 0, '40.77.167.243', 'Cierre de Sesion Forzado'),
(122, '2025-01-23 04:33:42', 0, '207.46.13.52', 'Cierre de Sesion Forzado'),
(123, '2025-01-23 11:00:56', 0, '52.167.144.169', 'Cierre de Sesion Forzado'),
(124, '2025-01-23 11:34:25', 0, '52.167.144.186', 'Cierre de Sesion Forzado'),
(125, '2025-01-23 12:59:35', 0, '40.77.167.23', 'Cierre de Sesion Forzado'),
(126, '2025-01-23 14:13:23', 0, '52.167.144.161', 'Cierre de Sesion Forzado'),
(127, '2025-01-23 15:27:38', 0, '52.167.144.215', 'Cierre de Sesion Forzado'),
(128, '2025-01-23 17:18:44', 0, '52.167.144.183', 'Cierre de Sesion Forzado'),
(129, '2025-01-23 17:44:16', 0, '52.167.144.162', 'Cierre de Sesion Forzado'),
(130, '2025-01-23 18:02:56', 0, '40.77.167.243', 'Cierre de Sesion Forzado'),
(131, '2025-01-23 18:55:34', 0, '52.167.144.176', 'Cierre de Sesion Forzado'),
(132, '2025-01-23 19:17:32', 0, '52.167.144.211', 'Cierre de Sesion Forzado'),
(133, '2025-01-23 19:17:32', 0, '52.167.144.211', 'Cierre de Sesion Forzado'),
(134, '2025-01-23 20:31:15', 0, '40.77.167.79', 'Cierre de Sesion Forzado'),
(135, '2025-01-23 20:35:02', 0, '52.167.144.161', 'Cierre de Sesion Forzado'),
(136, '2025-01-23 20:51:22', 0, '40.77.167.10', 'Cierre de Sesion Forzado'),
(137, '2025-01-23 21:09:30', 0, '52.167.144.172', 'Cierre de Sesion Forzado'),
(138, '2025-01-23 21:26:40', 0, '40.77.167.55', 'Cierre de Sesion Forzado'),
(139, '2025-01-24 08:00:54', 0, '181.115.64.6', 'Cierre de Sesion Forzado'),
(140, '2025-01-24 08:48:41', 1, '170.83.119.131', 'Ingreso al modulo Dashboard'),
(141, '2025-01-24 08:48:46', 1, '170.83.119.131', 'Ingreso al modulo Empresas'),
(142, '2025-01-24 08:52:16', 0, '52.167.144.161', 'Cierre de Sesion Forzado'),
(143, '2025-01-24 09:04:50', 0, '181.115.64.6', 'Cierre de Sesion Forzado'),
(144, '2025-01-24 09:44:30', 1, '170.83.119.131', 'Ingreso al modulo Dashboard'),
(145, '2025-01-24 09:44:35', 1, '170.83.119.131', 'Ingreso al modulo Configurar Almacén'),
(146, '2025-01-24 09:44:37', 1, '170.83.119.131', 'Ingreso al modulo Reporte de Ventas'),
(147, '2025-01-24 09:48:10', 0, '52.167.144.157', 'Cierre de Sesion Forzado'),
(148, '2025-01-24 09:53:28', 1, '170.83.119.131', 'Ingreso al modulo Dashboard'),
(149, '2025-01-24 09:53:34', 0, '52.167.144.156', 'Cierre de Sesion Forzado'),
(150, '2025-01-24 09:53:34', 1, '170.83.119.131', 'Ingreso al modulo Configurar Almacén'),
(151, '2025-01-24 09:53:45', 1, '170.83.119.131', 'Ingreso al modulo Empresas'),
(152, '2025-01-24 09:57:21', 1, '170.83.119.131', 'Ingreso al modulo Empresas'),
(153, '2025-01-24 10:01:19', 1, '170.83.119.131', 'Ingreso al modulo Empresas'),
(154, '2025-01-24 10:02:23', 1, '170.83.119.131', 'Cierre de Sesion'),
(155, '2025-01-24 10:08:30', 0, '52.167.144.158', 'Cierre de Sesion Forzado'),
(156, '2025-01-24 10:14:40', 1, '170.83.119.131', 'Ingreso al modulo Dashboard'),
(157, '2025-01-24 10:14:46', 1, '170.83.119.131', 'Ingreso al modulo Empresas'),
(158, '2025-01-24 10:42:26', 1, '170.83.119.131', 'Ingreso al modulo Usuarios'),
(159, '2025-01-24 10:42:33', 1, '170.83.119.131', 'Cierre de Sesion'),
(160, '2025-01-24 10:42:59', 0, '40.77.167.54', 'Cierre de Sesion Forzado'),
(161, '2025-01-24 10:44:03', 1, '170.83.119.131', 'Ingreso al modulo Dashboard'),
(162, '2025-01-24 10:44:15', 1, '170.83.119.131', 'Ingreso al modulo Configuración Medidas'),
(163, '2025-01-24 10:45:33', 1, '170.83.119.131', 'Cierre de Sesion'),
(164, '2025-01-24 10:53:54', 0, '40.77.167.68', 'Cierre de Sesion Forzado'),
(165, '2025-01-24 11:34:18', 0, '52.167.144.166', 'Cierre de Sesion Forzado'),
(166, '2025-01-24 11:47:50', 0, '52.167.144.168', 'Cierre de Sesion Forzado'),
(167, '2025-01-24 12:11:13', 0, '40.77.167.4', 'Cierre de Sesion Forzado'),
(168, '2025-01-24 12:51:48', 0, '181.115.64.6', 'Cierre de Sesion Forzado'),
(169, '2025-01-24 12:55:40', 0, '52.167.144.205', 'Cierre de Sesion Forzado'),
(170, '2025-01-24 13:01:46', 0, '40.77.167.42', 'Cierre de Sesion Forzado'),
(171, '2025-01-24 14:02:46', 0, '52.167.144.185', 'Cierre de Sesion Forzado'),
(172, '2025-01-24 15:21:57', 0, '52.167.144.18', 'Cierre de Sesion Forzado'),
(173, '2025-01-24 15:24:23', 0, '52.167.144.183', 'Cierre de Sesion Forzado'),
(174, '2025-01-24 15:31:49', 0, '40.77.167.23', 'Cierre de Sesion Forzado'),
(175, '2025-01-24 16:42:49', 0, '52.167.144.138', 'Cierre de Sesion Forzado'),
(176, '2025-01-24 18:26:35', 0, '40.77.167.70', 'Cierre de Sesion Forzado'),
(177, '2025-01-24 18:33:56', 0, '40.77.167.159', 'Cierre de Sesion Forzado'),
(178, '2025-01-24 18:33:57', 0, '40.77.167.159', 'Cierre de Sesion Forzado'),
(179, '2025-01-24 18:59:21', 0, '52.167.144.225', 'Cierre de Sesion Forzado'),
(180, '2025-01-24 19:42:48', 1, '170.83.119.131', 'Ingreso al modulo Dashboard'),
(181, '2025-01-24 19:43:23', 1, '170.83.119.131', 'Ingreso al modulo Configuración Medidas'),
(182, '2025-01-24 20:03:16', 1, '170.83.119.131', 'Ingreso al modulo Reporte de Ventas'),
(183, '2025-01-24 20:03:22', 1, '170.83.119.131', 'Cierre de Sesion'),
(184, '2025-01-24 20:23:50', 0, '52.167.144.202', 'Cierre de Sesion Forzado'),
(185, '2025-01-24 21:25:22', 0, '52.167.144.186', 'Cierre de Sesion Forzado'),
(186, '2025-01-24 21:43:10', 0, '52.167.144.161', 'Cierre de Sesion Forzado'),
(187, '2025-01-24 21:50:31', 0, '40.77.167.243', 'Cierre de Sesion Forzado'),
(188, '2025-01-24 22:46:11', 0, '52.167.144.219', 'Cierre de Sesion Forzado'),
(189, '2025-01-25 03:15:18', 0, '52.167.144.176', 'Cierre de Sesion Forzado'),
(190, '2025-01-25 05:31:20', 0, '52.167.144.166', 'Cierre de Sesion Forzado'),
(191, '2025-01-25 08:04:31', 0, '40.77.167.150', 'Cierre de Sesion Forzado'),
(192, '2025-01-25 08:10:38', 0, '52.167.144.228', 'Cierre de Sesion Forzado'),
(193, '2025-01-25 08:10:49', 0, '40.77.167.126', 'Cierre de Sesion Forzado'),
(194, '2025-01-25 08:17:32', 0, '52.167.144.228', 'Cierre de Sesion Forzado'),
(195, '2025-01-25 09:54:44', 0, '52.167.144.196', 'Cierre de Sesion Forzado'),
(196, '2025-01-25 10:20:29', 0, '52.167.144.137', 'Cierre de Sesion Forzado'),
(197, '2025-01-25 10:27:26', 0, '52.167.144.208', 'Cierre de Sesion Forzado'),
(198, '2025-01-25 11:31:47', 0, '52.167.144.137', 'Cierre de Sesion Forzado'),
(199, '2025-01-25 11:51:12', 0, '40.77.167.35', 'Cierre de Sesion Forzado'),
(200, '2025-01-25 12:55:09', 0, '40.77.167.42', 'Cierre de Sesion Forzado'),
(201, '2025-01-25 14:05:03', 0, '40.77.167.126', 'Cierre de Sesion Forzado'),
(202, '2025-01-25 14:45:17', 0, '52.167.144.238', 'Cierre de Sesion Forzado'),
(203, '2025-01-25 17:40:38', 0, '52.167.144.158', 'Cierre de Sesion Forzado'),
(204, '2025-01-25 18:00:39', 0, '52.167.144.214', 'Cierre de Sesion Forzado'),
(205, '2025-01-25 18:19:22', 0, '40.77.167.156', 'Cierre de Sesion Forzado'),
(206, '2025-01-25 18:30:43', 0, '40.77.167.48', 'Cierre de Sesion Forzado'),
(207, '2025-01-25 20:08:21', 0, '207.46.13.150', 'Cierre de Sesion Forzado'),
(208, '2025-01-25 22:26:19', 0, '207.46.13.150', 'Cierre de Sesion Forzado'),
(209, '2025-01-26 00:06:07', 0, '157.55.39.52', 'Cierre de Sesion Forzado'),
(210, '2025-01-26 04:50:44', 0, '52.167.144.218', 'Cierre de Sesion Forzado'),
(211, '2025-01-26 05:55:51', 0, '207.46.13.168', 'Cierre de Sesion Forzado'),
(212, '2025-01-26 06:06:40', 0, '52.167.144.139', 'Cierre de Sesion Forzado'),
(213, '2025-01-26 07:07:36', 0, '40.77.167.62', 'Cierre de Sesion Forzado'),
(214, '2025-01-26 09:24:52', 0, '52.167.144.169', 'Cierre de Sesion Forzado'),
(215, '2025-01-26 10:11:50', 0, '52.167.144.188', 'Cierre de Sesion Forzado'),
(216, '2025-01-26 10:51:26', 0, '40.77.167.4', 'Cierre de Sesion Forzado'),
(217, '2025-01-26 12:19:34', 0, '52.167.144.221', 'Cierre de Sesion Forzado'),
(218, '2025-01-26 12:19:34', 0, '52.167.144.221', 'Cierre de Sesion Forzado'),
(219, '2025-01-26 12:19:34', 0, '52.167.144.221', 'Cierre de Sesion Forzado'),
(220, '2025-01-26 12:30:30', 0, '40.77.167.156', 'Cierre de Sesion Forzado'),
(221, '2025-01-26 12:30:30', 0, '40.77.167.156', 'Cierre de Sesion Forzado'),
(222, '2025-01-26 13:16:38', 0, '40.77.167.14', 'Cierre de Sesion Forzado'),
(223, '2025-01-26 13:38:56', 0, '40.77.167.9', 'Cierre de Sesion Forzado'),
(224, '2025-01-26 13:41:39', 0, '52.167.144.186', 'Cierre de Sesion Forzado'),
(225, '2025-01-26 14:14:04', 0, '66.249.68.65', 'Cierre de Sesion Forzado'),
(226, '2025-01-26 14:20:59', 0, '40.77.167.136', 'Cierre de Sesion Forzado'),
(227, '2025-01-26 14:22:00', 0, '52.167.144.204', 'Cierre de Sesion Forzado'),
(228, '2025-01-26 16:03:02', 0, '52.167.144.202', 'Cierre de Sesion Forzado'),
(229, '2025-01-26 16:46:26', 0, '52.167.144.226', 'Cierre de Sesion Forzado'),
(230, '2025-01-26 20:35:37', 0, '157.55.39.60', 'Cierre de Sesion Forzado'),
(231, '2025-01-26 23:06:55', 0, '207.46.13.7', 'Cierre de Sesion Forzado'),
(232, '2025-01-27 07:58:41', 0, '40.77.167.156', 'Cierre de Sesion Forzado'),
(233, '2025-01-27 08:40:54', 0, '52.167.144.205', 'Cierre de Sesion Forzado'),
(234, '2025-01-27 09:20:13', 0, '52.167.144.226', 'Cierre de Sesion Forzado'),
(235, '2025-01-27 09:28:40', 0, '207.46.13.6', 'Cierre de Sesion Forzado'),
(236, '2025-01-27 10:03:15', 0, '52.167.144.22', 'Cierre de Sesion Forzado'),
(237, '2025-01-27 10:49:35', 0, '40.77.167.243', 'Cierre de Sesion Forzado'),
(238, '2025-01-27 11:07:11', 0, '157.55.39.11', 'Cierre de Sesion Forzado'),
(239, '2025-01-27 11:13:38', 0, '157.55.39.11', 'Cierre de Sesion Forzado'),
(240, '2025-01-27 11:19:48', 0, '52.167.144.203', 'Cierre de Sesion Forzado'),
(241, '2025-01-27 11:21:54', 0, '52.167.144.212', 'Cierre de Sesion Forzado'),
(242, '2025-01-27 12:41:37', 0, '40.77.167.75', 'Cierre de Sesion Forzado'),
(243, '2025-01-27 13:35:10', 0, '157.55.39.205', 'Cierre de Sesion Forzado'),
(244, '2025-01-27 16:02:49', 1, '170.83.119.131', 'Ingreso al modulo Dashboard'),
(245, '2025-01-27 16:22:28', 0, '157.55.39.55', 'Cierre de Sesion Forzado'),
(246, '2025-01-27 16:22:39', 0, '52.167.144.188', 'Cierre de Sesion Forzado'),
(247, '2025-01-27 18:15:15', 0, '40.77.167.61', 'Cierre de Sesion Forzado'),
(248, '2025-01-27 19:14:01', 0, '157.55.39.60', 'Cierre de Sesion Forzado'),
(249, '2025-01-27 20:41:27', 0, '40.77.167.55', 'Cierre de Sesion Forzado'),
(250, '2025-01-27 20:43:47', 0, '52.167.144.197', 'Cierre de Sesion Forzado'),
(251, '2025-01-27 20:57:30', 0, '40.77.167.159', 'Cierre de Sesion Forzado'),
(252, '2025-01-27 21:01:36', 0, '40.77.167.17', 'Cierre de Sesion Forzado'),
(253, '2025-01-27 21:08:00', 0, '40.77.167.22', 'Cierre de Sesion Forzado'),
(254, '2025-01-27 21:08:47', 0, '40.77.167.17', 'Cierre de Sesion Forzado'),
(255, '2025-01-27 22:42:49', 0, '40.77.167.23', 'Cierre de Sesion Forzado'),
(256, '2025-01-27 22:50:26', 0, '40.77.167.23', 'Cierre de Sesion Forzado'),
(257, '2025-01-28 02:13:33', 0, '207.46.13.7', 'Cierre de Sesion Forzado'),
(258, '2025-01-28 02:39:08', 0, '207.46.13.78', 'Cierre de Sesion Forzado'),
(259, '2025-01-28 06:08:42', 0, '52.167.144.197', 'Cierre de Sesion Forzado'),
(260, '2025-01-28 06:22:40', 0, '52.167.144.167', 'Cierre de Sesion Forzado'),
(261, '2025-01-28 07:27:23', 0, '207.46.13.157', 'Cierre de Sesion Forzado'),
(262, '2025-01-28 07:29:32', 0, '52.167.144.162', 'Cierre de Sesion Forzado'),
(263, '2025-01-28 08:23:42', 0, '52.167.144.169', 'Cierre de Sesion Forzado'),
(264, '2025-01-28 08:48:45', 0, '157.55.39.60', 'Cierre de Sesion Forzado'),
(265, '2025-01-28 09:22:33', 0, '157.55.39.13', 'Cierre de Sesion Forzado'),
(266, '2025-01-28 10:13:14', 0, '207.46.13.126', 'Cierre de Sesion Forzado'),
(267, '2025-01-28 10:51:55', 0, '52.167.144.199', 'Cierre de Sesion Forzado'),
(268, '2025-01-28 11:02:12', 0, '40.77.167.79', 'Cierre de Sesion Forzado'),
(269, '2025-01-28 11:15:58', 0, '40.77.167.156', 'Cierre de Sesion Forzado'),
(270, '2025-01-28 11:30:28', 0, '52.167.144.196', 'Cierre de Sesion Forzado'),
(271, '2025-01-28 11:52:04', 0, '40.77.167.34', 'Cierre de Sesion Forzado'),
(272, '2025-01-28 12:33:19', 0, '207.46.13.54', 'Cierre de Sesion Forzado'),
(273, '2025-01-28 12:48:31', 0, '40.77.167.65', 'Cierre de Sesion Forzado'),
(274, '2025-01-28 14:30:45', 0, '40.77.167.3', 'Cierre de Sesion Forzado'),
(275, '2025-01-28 15:27:21', 0, '157.55.39.58', 'Cierre de Sesion Forzado'),
(276, '2025-01-28 16:39:32', 0, '52.167.144.163', 'Cierre de Sesion Forzado'),
(277, '2025-01-28 16:54:09', 0, '207.46.13.78', 'Cierre de Sesion Forzado'),
(278, '2025-01-28 16:58:29', 0, '40.77.167.3', 'Cierre de Sesion Forzado'),
(279, '2025-01-28 17:52:55', 0, '40.77.167.71', 'Cierre de Sesion Forzado'),
(280, '2025-01-28 18:23:44', 0, '52.167.144.219', 'Cierre de Sesion Forzado'),
(281, '2025-01-28 18:30:31', 0, '52.167.144.219', 'Cierre de Sesion Forzado'),
(282, '2025-01-28 18:58:56', 0, '40.77.167.33', 'Cierre de Sesion Forzado'),
(283, '2025-01-28 18:58:56', 0, '40.77.167.33', 'Cierre de Sesion Forzado'),
(284, '2025-01-28 20:05:15', 0, '40.77.167.136', 'Cierre de Sesion Forzado'),
(285, '2025-01-28 20:05:15', 0, '40.77.167.136', 'Cierre de Sesion Forzado'),
(286, '2025-01-29 02:12:13', 0, '52.167.144.176', 'Cierre de Sesion Forzado'),
(287, '2025-01-29 03:21:58', 0, '40.77.167.51', 'Cierre de Sesion Forzado'),
(288, '2025-01-29 04:45:57', 0, '157.55.39.16', 'Cierre de Sesion Forzado'),
(289, '2025-01-29 05:55:17', 0, '52.167.144.19', 'Cierre de Sesion Forzado'),
(290, '2025-01-29 09:01:34', 0, '40.77.167.16', 'Cierre de Sesion Forzado'),
(291, '2025-01-29 09:12:28', 0, '40.77.167.156', 'Cierre de Sesion Forzado'),
(292, '2025-01-29 10:53:29', 0, '40.77.167.79', 'Cierre de Sesion Forzado'),
(293, '2025-01-29 11:23:24', 0, '207.46.13.7', 'Cierre de Sesion Forzado'),
(294, '2025-01-29 12:14:09', 0, '207.46.13.127', 'Cierre de Sesion Forzado'),
(295, '2025-01-29 14:06:57', 0, '52.167.144.194', 'Cierre de Sesion Forzado'),
(296, '2025-01-29 14:27:30', 0, '157.55.39.63', 'Cierre de Sesion Forzado'),
(297, '2025-01-29 15:03:10', 0, '157.55.39.16', 'Cierre de Sesion Forzado'),
(298, '2025-01-29 15:51:51', 0, '207.46.13.126', 'Cierre de Sesion Forzado'),
(299, '2025-01-29 16:37:09', 0, '40.77.167.143', 'Cierre de Sesion Forzado'),
(300, '2025-01-29 17:22:02', 0, '207.46.13.7', 'Cierre de Sesion Forzado'),
(301, '2025-01-29 17:41:36', 0, '40.77.167.33', 'Cierre de Sesion Forzado'),
(302, '2025-01-29 17:43:32', 0, '40.77.167.33', 'Cierre de Sesion Forzado'),
(303, '2025-01-29 18:07:45', 0, '207.46.13.116', 'Cierre de Sesion Forzado'),
(304, '2025-01-29 18:12:34', 0, '207.46.13.116', 'Cierre de Sesion Forzado'),
(305, '2025-01-29 20:04:40', 0, '207.46.13.157', 'Cierre de Sesion Forzado'),
(306, '2025-01-29 22:35:26', 0, '52.167.144.207', 'Cierre de Sesion Forzado'),
(307, '2025-01-29 23:14:41', 0, '207.46.13.157', 'Cierre de Sesion Forzado'),
(308, '2025-01-30 01:21:25', 0, '40.77.167.150', 'Cierre de Sesion Forzado'),
(309, '2025-01-30 01:48:29', 0, '157.55.39.16', 'Cierre de Sesion Forzado'),
(310, '2025-01-30 02:11:56', 0, '207.46.13.54', 'Cierre de Sesion Forzado'),
(311, '2025-01-30 02:26:09', 0, '207.46.13.31', 'Cierre de Sesion Forzado'),
(312, '2025-01-30 03:30:02', 0, '207.46.13.153', 'Cierre de Sesion Forzado'),
(313, '2025-01-30 03:37:20', 0, '52.167.144.145', 'Cierre de Sesion Forzado'),
(314, '2025-01-30 12:39:51', 0, '40.77.167.46', 'Cierre de Sesion Forzado'),
(315, '2025-01-30 14:44:47', 0, '52.167.144.218', 'Cierre de Sesion Forzado'),
(316, '2025-01-30 15:13:08', 0, '52.167.144.176', 'Cierre de Sesion Forzado'),
(317, '2025-01-30 15:18:35', 0, '52.167.144.207', 'Cierre de Sesion Forzado'),
(318, '2025-01-30 16:17:04', 0, '52.167.144.234', 'Cierre de Sesion Forzado'),
(319, '2025-01-30 17:51:59', 0, '52.167.144.234', 'Cierre de Sesion Forzado'),
(320, '2025-01-30 17:54:33', 0, '157.55.39.6', 'Cierre de Sesion Forzado'),
(321, '2025-01-30 18:11:07', 1, '170.83.119.131', 'Ingreso al modulo Dashboard'),
(322, '2025-01-30 18:11:14', 1, '170.83.119.131', 'Ingreso al modulo Configuración Medidas'),
(323, '2025-01-30 18:55:22', 1, '170.83.119.131', 'Ingreso al modulo Dashboard'),
(324, '2025-01-30 18:55:28', 1, '170.83.119.131', 'Ingreso al modulo Empresas'),
(325, '2025-01-30 19:01:09', 1, '170.83.119.131', 'Cierre de Sesion'),
(326, '2025-01-30 19:30:18', 0, '52.167.144.175', 'Cierre de Sesion Forzado'),
(327, '2025-01-30 19:37:25', 0, '52.167.144.175', 'Cierre de Sesion Forzado'),
(328, '2025-01-30 19:40:15', 0, '207.46.13.126', 'Cierre de Sesion Forzado'),
(329, '2025-01-30 19:51:54', 0, '52.167.144.231', 'Cierre de Sesion Forzado'),
(330, '2025-01-30 19:59:32', 0, '207.46.13.17', 'Cierre de Sesion Forzado'),
(331, '2025-01-30 20:24:51', 0, '52.167.144.157', 'Cierre de Sesion Forzado'),
(332, '2025-01-30 20:33:07', 0, '52.167.144.160', 'Cierre de Sesion Forzado'),
(333, '2025-01-30 21:23:52', 0, '52.167.144.19', 'Cierre de Sesion Forzado'),
(334, '2025-01-30 21:52:29', 0, '157.55.39.56', 'Cierre de Sesion Forzado'),
(335, '2025-01-30 23:01:54', 0, '40.77.167.33', 'Cierre de Sesion Forzado'),
(336, '2025-01-31 00:16:15', 0, '207.46.13.102', 'Cierre de Sesion Forzado'),
(337, '2025-01-31 00:30:06', 0, '40.77.167.73', 'Cierre de Sesion Forzado'),
(338, '2025-01-31 01:08:13', 0, '52.167.144.145', 'Cierre de Sesion Forzado'),
(339, '2025-01-31 06:10:23', 0, '40.77.167.61', 'Cierre de Sesion Forzado'),
(340, '2025-01-31 08:09:28', 1, '170.83.119.131', 'Ingreso al modulo Dashboard'),
(341, '2025-01-31 08:18:52', 1, '170.83.119.131', 'Ingreso al modulo Secuencia de Facturación'),
(342, '2025-01-31 08:21:53', 1, '170.83.119.131', 'Ingreso al modulo Cajas'),
(343, '2025-01-31 08:21:57', 1, '170.83.119.131', 'Ingreso al modulo Cuentas Cuentas Contabilidad'),
(344, '2025-01-31 08:24:53', 1, '170.83.119.131', 'Ingreso al modulo Facturas'),
(345, '2025-01-31 08:26:07', 1, '170.83.119.131', 'Ingreso al modulo Facturas'),
(346, '2025-01-31 08:32:53', 1, '170.83.119.131', 'Ingreso al modulo Productos'),
(347, '2025-01-31 08:35:22', 1, '170.83.119.131', 'Ingreso al modulo Dashboard'),
(348, '2025-01-31 08:35:30', 1, '170.83.119.131', 'Ingreso al modulo Facturas'),
(349, '2025-01-31 08:37:33', 1, '170.83.119.131', 'Ingreso al modulo Dashboard'),
(350, '2025-01-31 08:38:31', 1, '170.83.119.131', 'Ingreso al modulo Reporte de Ventas'),
(351, '2025-01-31 08:39:05', 1, '170.83.119.131', 'Ingreso al modulo Dashboard'),
(352, '2025-01-31 09:00:19', 0, '52.167.144.157', 'Cierre de Sesion Forzado'),
(353, '2025-01-31 09:05:05', 1, '170.83.119.131', 'Ingreso al modulo Facturas'),
(354, '2025-01-31 09:05:18', 1, '170.83.119.131', 'Ingreso al modulo Cajas'),
(355, '2025-01-31 09:05:30', 1, '170.83.119.131', 'Cierre de Sesion'),
(356, '2025-01-31 09:08:14', 0, '157.55.39.60', 'Cierre de Sesion Forzado'),
(357, '2025-01-31 09:31:57', 0, '40.77.167.13', 'Cierre de Sesion Forzado'),
(358, '2025-01-31 09:48:53', 0, '52.167.144.196', 'Cierre de Sesion Forzado'),
(359, '2025-01-31 10:06:11', 0, '52.167.144.145', 'Cierre de Sesion Forzado'),
(360, '2025-01-31 15:15:11', 1, '170.83.119.131', 'Ingreso al modulo Dashboard'),
(361, '2025-01-31 15:15:36', 1, '170.83.119.131', 'Ingreso al modulo Cuentas por Cobrar Clientes'),
(362, '2025-01-31 15:25:55', 1, '170.83.119.131', 'Ingreso al modulo Cuentas Cuentas Contabilidad'),
(363, '2025-01-31 16:59:48', 0, '207.46.13.18', 'Cierre de Sesion Forzado'),
(364, '2025-01-31 17:15:37', 0, '40.77.167.79', 'Cierre de Sesion Forzado'),
(365, '2025-01-31 17:18:47', 0, '40.77.167.79', 'Cierre de Sesion Forzado'),
(366, '2025-01-31 17:25:08', 0, '157.55.39.10', 'Cierre de Sesion Forzado'),
(367, '2025-01-31 18:06:52', 0, '157.55.39.15', 'Cierre de Sesion Forzado'),
(368, '2025-01-31 18:14:11', 0, '157.55.39.10', 'Cierre de Sesion Forzado'),
(369, '2025-01-31 18:35:23', 0, '157.55.39.50', 'Cierre de Sesion Forzado'),
(370, '2025-01-31 19:30:23', 0, '52.167.144.231', 'Cierre de Sesion Forzado'),
(371, '2025-02-01 02:44:09', 0, '157.55.39.9', 'Cierre de Sesion Forzado'),
(372, '2025-02-01 02:48:52', 0, '52.167.144.145', 'Cierre de Sesion Forzado'),
(373, '2025-02-01 07:18:47', 1, '170.83.119.131', 'Ingreso al modulo Dashboard'),
(374, '2025-02-01 07:19:16', 1, '170.83.119.131', 'Ingreso al modulo Reporte de Ventas'),
(375, '2025-02-01 07:19:43', 1, '170.83.119.131', 'Ingreso al modulo Productos'),
(376, '2025-02-01 07:20:15', 1, '170.83.119.131', 'Ingreso al modulo Reporte de Ventas'),
(377, '2025-02-01 07:20:15', 1, '170.83.119.131', 'Ingreso al modulo Dashboard'),
(378, '2025-02-01 07:20:19', 1, '170.83.119.131', 'Ingreso al modulo Reporte de Ventas'),
(379, '2025-02-01 07:20:26', 1, '170.83.119.131', 'Cierre de Sesion'),
(380, '2025-02-01 07:43:00', 0, '40.77.167.42', 'Cierre de Sesion Forzado'),
(381, '2025-02-01 07:54:04', 0, '52.167.144.157', 'Cierre de Sesion Forzado'),
(382, '2025-02-01 08:17:01', 0, '40.77.167.73', 'Cierre de Sesion Forzado'),
(383, '2025-02-01 08:17:15', 1, '170.83.119.131', 'Ingreso al modulo Dashboard'),
(384, '2025-02-01 08:17:17', 1, '170.83.119.131', 'Ingreso al modulo Dashboard'),
(385, '2025-02-01 08:17:18', 1, '170.83.119.131', 'Ingreso al modulo Reporte de Ventas'),
(386, '2025-02-01 08:17:19', 1, '170.83.119.131', 'Ingreso al modulo Reporte de Ventas'),
(387, '2025-02-01 08:17:39', 1, '170.83.119.131', 'Ingreso al modulo Configurar Almacén'),
(388, '2025-02-01 08:17:40', 1, '170.83.119.131', 'Ingreso al modulo Configurar Almacén'),
(389, '2025-02-01 08:17:41', 1, '170.83.119.131', 'Ingreso al modulo Reporte de Ventas'),
(390, '2025-02-01 08:17:42', 1, '170.83.119.131', 'Ingreso al modulo Reporte de Ventas'),
(391, '2025-02-01 08:18:07', 1, '170.83.119.131', 'Cierre de Sesion'),
(392, '2025-02-01 08:30:46', 1, '170.83.119.131', 'Ingreso al modulo Dashboard'),
(393, '2025-02-01 08:30:48', 1, '170.83.119.131', 'Ingreso al modulo Dashboard'),
(394, '2025-02-01 08:30:49', 1, '170.83.119.131', 'Ingreso al modulo Reporte de Ventas'),
(395, '2025-02-01 08:30:50', 1, '170.83.119.131', 'Ingreso al modulo Reporte de Ventas'),
(396, '2025-02-01 08:31:03', 1, '170.83.119.131', 'Ingreso al modulo Configurar Almacén'),
(397, '2025-02-01 08:31:04', 1, '170.83.119.131', 'Ingreso al modulo Configurar Almacén'),
(398, '2025-02-01 08:48:01', 1, '170.83.119.131', 'Ingreso al modulo Dashboard'),
(399, '2025-02-01 08:48:03', 1, '170.83.119.131', 'Ingreso al modulo Dashboard'),
(400, '2025-02-01 08:48:08', 1, '170.83.119.131', 'Ingreso al modulo Configurar Almacén'),
(401, '2025-02-01 08:48:09', 1, '170.83.119.131', 'Ingreso al modulo Configurar Almacén'),
(402, '2025-02-01 08:48:14', 1, '170.83.119.131', 'Ingreso al modulo Reporte de Ventas'),
(403, '2025-02-01 08:48:15', 1, '170.83.119.131', 'Ingreso al modulo Reporte de Ventas'),
(404, '2025-02-01 09:05:56', 1, '170.83.119.131', 'Ingreso al modulo Dashboard'),
(405, '2025-02-01 09:05:58', 1, '170.83.119.131', 'Ingreso al modulo Dashboard'),
(406, '2025-02-01 09:06:00', 1, '170.83.119.131', 'Ingreso al modulo Reporte de Ventas'),
(407, '2025-02-01 09:06:01', 1, '170.83.119.131', 'Ingreso al modulo Reporte de Ventas'),
(408, '2025-02-01 11:40:01', 0, '40.77.167.11', 'Cierre de Sesion Forzado'),
(409, '2025-02-01 13:18:12', 0, '40.77.167.33', 'Cierre de Sesion Forzado'),
(410, '2025-02-01 13:44:35', 0, '40.77.167.21', 'Cierre de Sesion Forzado'),
(411, '2025-02-01 14:02:33', 0, '40.77.188.183', 'Cierre de Sesion Forzado'),
(412, '2025-02-01 16:53:56', 0, '52.167.144.145', 'Cierre de Sesion Forzado'),
(413, '2025-02-01 17:00:50', 0, '52.167.144.145', 'Cierre de Sesion Forzado'),
(414, '2025-02-01 17:08:08', 0, '157.55.39.56', 'Cierre de Sesion Forzado'),
(415, '2025-02-01 17:08:09', 0, '157.55.39.56', 'Cierre de Sesion Forzado'),
(416, '2025-02-01 23:28:03', 0, '52.167.144.140', 'Cierre de Sesion Forzado'),
(417, '2025-02-02 05:36:57', 0, '157.55.39.6', 'Cierre de Sesion Forzado'),
(418, '2025-02-02 06:33:16', 0, '157.55.39.12', 'Cierre de Sesion Forzado'),
(419, '2025-02-02 07:23:33', 0, '52.167.144.176', 'Cierre de Sesion Forzado'),
(420, '2025-02-02 10:38:56', 0, '207.46.13.126', 'Cierre de Sesion Forzado'),
(421, '2025-02-02 11:32:56', 0, '157.55.39.9', 'Cierre de Sesion Forzado'),
(422, '2025-02-02 12:23:01', 1, '170.83.119.131', 'Ingreso al modulo Dashboard'),
(423, '2025-02-02 12:23:03', 1, '170.83.119.131', 'Ingreso al modulo Dashboard'),
(424, '2025-02-02 12:23:43', 1, '170.83.119.131', 'Ingreso al modulo Ingresos Contabilidad'),
(425, '2025-02-02 12:23:45', 1, '170.83.119.131', 'Ingreso al modulo Ingresos Contabilidad'),
(426, '2025-02-02 12:24:09', 1, '170.83.119.131', 'Ingreso al modulo Proveedores'),
(427, '2025-02-02 12:24:11', 1, '170.83.119.131', 'Ingreso al modulo Proveedores'),
(428, '2025-02-02 12:24:38', 1, '170.83.119.131', 'Ingreso al modulo Gastos Contabilidad'),
(429, '2025-02-02 12:24:40', 1, '170.83.119.131', 'Ingreso al modulo Gastos Contabilidad'),
(430, '2025-02-02 12:24:43', 1, '170.83.119.131', 'Ingreso al modulo Ingresos Contabilidad'),
(431, '2025-02-02 12:24:44', 1, '170.83.119.131', 'Ingreso al modulo Ingresos Contabilidad'),
(432, '2025-02-02 12:25:06', 1, '170.83.119.131', 'Ingreso al modulo Proveedores'),
(433, '2025-02-02 12:25:07', 1, '170.83.119.131', 'Ingreso al modulo Proveedores'),
(434, '2025-02-02 12:25:17', 1, '170.83.119.131', 'Ingreso al modulo Clientes'),
(435, '2025-02-02 12:25:19', 1, '170.83.119.131', 'Ingreso al modulo Clientes'),
(436, '2025-02-02 12:25:37', 1, '170.83.119.131', 'Ingreso al modulo Ingresos Contabilidad'),
(437, '2025-02-02 12:25:39', 1, '170.83.119.131', 'Ingreso al modulo Ingresos Contabilidad'),
(438, '2025-02-02 12:27:06', 1, '170.83.119.131', 'Ingreso al modulo Cuentas Cuentas Contabilidad'),
(439, '2025-02-02 12:27:07', 1, '170.83.119.131', 'Ingreso al modulo Cuentas Cuentas Contabilidad'),
(440, '2025-02-02 12:27:14', 1, '170.83.119.131', 'Ingreso al modulo Cuentas por Cobrar Clientes'),
(441, '2025-02-02 12:27:16', 1, '170.83.119.131', 'Ingreso al modulo Cuentas por Cobrar Clientes'),
(442, '2025-02-02 12:27:19', 1, '170.83.119.131', 'Ingreso al modulo Cuentas por Pagar Proveedores'),
(443, '2025-02-02 12:27:20', 1, '170.83.119.131', 'Ingreso al modulo Cuentas por Pagar Proveedores'),
(444, '2025-02-02 12:27:20', 1, '170.83.119.131', 'Ingreso al modulo Cuentas por Cobrar Clientes'),
(445, '2025-02-02 12:27:22', 1, '170.83.119.131', 'Ingreso al modulo Cuentas por Cobrar Clientes'),
(446, '2025-02-02 12:28:29', 1, '170.83.119.131', 'Ingreso al modulo Reporte de Ventas'),
(447, '2025-02-02 12:28:30', 1, '170.83.119.131', 'Ingreso al modulo Reporte de Ventas'),
(448, '2025-02-02 12:28:31', 1, '170.83.119.131', 'Ingreso al modulo Cuentas por Cobrar Clientes'),
(449, '2025-02-02 12:28:33', 1, '170.83.119.131', 'Ingreso al modulo Cuentas por Cobrar Clientes'),
(450, '2025-02-02 12:29:10', 1, '170.83.119.131', 'Ingreso al modulo Reporte de Ventas'),
(451, '2025-02-02 12:29:11', 1, '170.83.119.131', 'Ingreso al modulo Reporte de Ventas'),
(452, '2025-02-02 12:29:15', 1, '170.83.119.131', 'Ingreso al modulo Configurar Almacén'),
(453, '2025-02-02 12:29:16', 1, '170.83.119.131', 'Ingreso al modulo Configurar Almacén'),
(454, '2025-02-02 12:30:01', 1, '170.83.119.131', 'Ingreso al modulo Reporte de Ventas'),
(455, '2025-02-02 12:30:03', 1, '170.83.119.131', 'Ingreso al modulo Reporte de Ventas'),
(456, '2025-02-02 12:30:07', 1, '170.83.119.131', 'Ingreso al modulo Configurar Almacén'),
(457, '2025-02-02 12:30:09', 1, '170.83.119.131', 'Ingreso al modulo Configurar Almacén'),
(458, '2025-02-02 12:31:01', 1, '170.83.119.131', 'Ingreso al modulo Cuentas Cuentas Contabilidad'),
(459, '2025-02-02 12:31:03', 1, '170.83.119.131', 'Ingreso al modulo Cuentas Cuentas Contabilidad'),
(460, '2025-02-02 13:11:06', 0, '157.55.39.63', 'Cierre de Sesion Forzado'),
(461, '2025-02-02 13:12:44', 0, '40.77.167.75', 'Cierre de Sesion Forzado'),
(462, '2025-02-02 13:45:28', 1, '170.83.119.131', 'Ingreso al modulo Dashboard'),
(463, '2025-02-02 13:45:38', 1, '170.83.119.131', 'Ingreso al modulo Reporte de Ventas'),
(464, '2025-02-02 13:57:48', 1, '170.83.119.131', 'Ingreso al modulo Configurar Almacén'),
(465, '2025-02-02 13:58:34', 1, '170.83.119.131', 'Cierre de Sesion'),
(466, '2025-02-02 14:13:27', 0, '207.46.13.168', 'Cierre de Sesion Forzado'),
(467, '2025-02-02 14:13:28', 0, '207.46.13.168', 'Cierre de Sesion Forzado'),
(468, '2025-02-02 15:23:34', 0, '157.55.39.11', 'Cierre de Sesion Forzado'),
(469, '2025-02-02 15:40:18', 0, '40.77.190.84', 'Cierre de Sesion Forzado'),
(470, '2025-02-02 15:52:30', 0, '52.167.144.233', 'Cierre de Sesion Forzado'),
(471, '2025-02-02 17:07:01', 1, '170.83.119.131', 'Ingreso al modulo Dashboard'),
(472, '2025-02-02 17:07:52', 1, '170.83.119.131', 'Ingreso al modulo Compras'),
(473, '2025-02-02 17:25:39', 1, '170.83.119.131', 'Ingreso al modulo Dashboard'),
(474, '2025-02-02 17:25:44', 1, '170.83.119.131', 'Ingreso al modulo Reporte de Ventas'),
(475, '2025-02-02 17:25:52', 1, '170.83.119.131', 'Ingreso al modulo Ingresos Contabilidad'),
(476, '2025-02-02 17:26:05', 1, '170.83.119.131', 'Ingreso al modulo Gastos Contabilidad'),
(477, '2025-02-02 17:26:24', 1, '170.83.119.131', 'Cierre de Sesion'),
(478, '2025-02-02 18:27:13', 0, '52.167.144.233', 'Cierre de Sesion Forzado'),
(479, '2025-02-02 20:27:22', 0, '40.77.167.28', 'Cierre de Sesion Forzado'),
(480, '2025-02-02 23:57:20', 0, '40.77.167.48', 'Cierre de Sesion Forzado'),
(481, '2025-02-03 03:37:00', 0, '40.77.167.11', 'Cierre de Sesion Forzado'),
(482, '2025-02-03 05:22:32', 0, '52.167.144.184', 'Cierre de Sesion Forzado'),
(483, '2025-02-03 07:02:28', 0, '40.77.167.54', 'Cierre de Sesion Forzado'),
(484, '2025-02-03 09:57:20', 0, '40.77.167.46', 'Cierre de Sesion Forzado'),
(485, '2025-02-03 10:10:37', 0, '157.55.39.63', 'Cierre de Sesion Forzado'),
(486, '2025-02-03 11:15:40', 1, '181.115.95.15', 'Ingreso al modulo Dashboard'),
(487, '2025-02-03 11:15:47', 1, '181.115.95.15', 'Ingreso al modulo Cuentas por Cobrar Clientes'),
(488, '2025-02-03 11:16:46', 0, '40.77.167.243', 'Cierre de Sesion Forzado'),
(489, '2025-02-03 11:17:56', 1, '181.115.95.15', 'Ingreso al modulo Reporte de Ventas'),
(490, '2025-02-03 11:19:08', 1, '181.115.95.15', 'Ingreso al modulo Reporte de Ventas'),
(491, '2025-02-03 11:21:31', 1, '181.115.95.15', 'Ingreso al modulo Cuentas por Cobrar Clientes'),
(492, '2025-02-03 11:22:47', 1, '181.115.95.15', 'Ingreso al modulo Reporte de Ventas'),
(493, '2025-02-03 11:47:44', 1, '181.115.95.15', 'Ingreso al modulo Dashboard'),
(494, '2025-02-03 11:49:13', 1, '181.115.95.15', 'Cierre de Sesion'),
(495, '2025-02-03 11:52:51', 0, '181.115.95.15', 'Cierre de Sesion Forzado'),
(496, '2025-02-03 11:52:54', 0, '181.115.95.15', 'Cierre de Sesion Forzado'),
(497, '2025-02-03 11:53:02', 1, '181.115.95.15', 'Ingreso al modulo Dashboard'),
(498, '2025-02-03 11:54:18', 1, '181.115.95.15', 'Cierre de Sesion'),
(499, '2025-02-03 13:42:43', 0, '52.167.144.150', 'Cierre de Sesion Forzado'),
(500, '2025-02-03 15:11:51', 0, '157.55.39.55', 'Cierre de Sesion Forzado'),
(501, '2025-02-03 15:24:35', 0, '40.77.167.42', 'Cierre de Sesion Forzado'),
(502, '2025-02-03 15:29:06', 0, '40.77.167.132', 'Cierre de Sesion Forzado'),
(503, '2025-02-03 15:44:46', 0, '52.167.144.173', 'Cierre de Sesion Forzado'),
(504, '2025-02-03 15:48:44', 0, '52.167.144.173', 'Cierre de Sesion Forzado'),
(505, '2025-02-03 16:46:06', 0, '52.167.144.184', 'Cierre de Sesion Forzado'),
(506, '2025-02-03 17:29:14', 0, '40.77.167.116', 'Cierre de Sesion Forzado'),
(507, '2025-02-03 17:48:19', 0, '40.77.167.59', 'Cierre de Sesion Forzado'),
(508, '2025-02-03 18:05:21', 0, '40.77.188.72', 'Cierre de Sesion Forzado'),
(509, '2025-02-03 18:38:58', 1, '170.83.119.131', 'Ingreso al modulo Dashboard'),
(510, '2025-02-03 18:39:08', 1, '170.83.119.131', 'Cierre de Sesion'),
(511, '2025-02-03 20:58:46', 0, '52.167.144.22', 'Cierre de Sesion Forzado'),
(512, '2025-02-03 21:15:37', 0, '40.77.190.226', 'Cierre de Sesion Forzado'),
(513, '2025-02-03 22:13:00', 0, '40.77.189.84', 'Cierre de Sesion Forzado'),
(514, '2025-02-03 22:25:20', 0, '157.55.39.55', 'Cierre de Sesion Forzado'),
(515, '2025-02-04 01:58:24', 0, '40.77.167.121', 'Cierre de Sesion Forzado'),
(516, '2025-02-04 01:58:51', 0, '207.46.13.64', 'Cierre de Sesion Forzado'),
(517, '2025-02-04 02:03:09', 0, '207.46.13.64', 'Cierre de Sesion Forzado'),
(518, '2025-02-04 02:37:00', 0, '40.77.167.41', 'Cierre de Sesion Forzado'),
(519, '2025-02-04 06:51:17', 0, '52.167.144.207', 'Cierre de Sesion Forzado'),
(520, '2025-02-04 08:40:19', 0, '52.167.144.145', 'Cierre de Sesion Forzado'),
(521, '2025-02-04 09:19:18', 0, '52.167.144.236', 'Cierre de Sesion Forzado'),
(522, '2025-02-04 10:20:47', 0, '40.77.167.8', 'Cierre de Sesion Forzado'),
(523, '2025-02-04 11:28:04', 0, '181.115.95.15', 'Cierre de Sesion Forzado'),
(524, '2025-02-04 11:28:06', 0, '181.115.95.15', 'Cierre de Sesion Forzado'),
(525, '2025-02-04 13:55:28', 0, '52.167.144.183', 'Cierre de Sesion Forzado'),
(526, '2025-02-04 15:25:49', 0, '52.167.144.156', 'Cierre de Sesion Forzado'),
(527, '2025-02-04 16:31:16', 1, '181.115.63.191', 'Ingreso al modulo Dashboard'),
(528, '2025-02-04 16:31:28', 1, '181.115.63.191', 'Ingreso al modulo Configuración Medidas'),
(529, '2025-02-04 16:57:12', 1, '170.83.119.131', 'Ingreso al modulo Dashboard'),
(530, '2025-02-04 17:00:14', 1, '170.83.119.131', 'Ingreso al modulo Configuración Medidas'),
(531, '2025-02-04 17:09:54', 1, '170.83.119.131', 'Cierre de Sesion'),
(532, '2025-02-04 17:27:04', 0, '170.83.119.131', 'Cierre de Sesion'),
(533, '2025-02-04 17:27:06', 0, '170.83.119.131', 'Cierre de Sesion Forzado'),
(534, '2025-02-04 17:27:09', 0, '170.83.119.131', 'Cierre de Sesion Forzado'),
(535, '2025-02-04 18:29:26', 0, '207.46.13.102', 'Cierre de Sesion Forzado'),
(536, '2025-02-04 19:11:26', 0, '52.167.144.187', 'Cierre de Sesion Forzado'),
(537, '2025-02-04 19:33:56', 0, '52.167.144.160', 'Cierre de Sesion Forzado'),
(538, '2025-02-04 19:33:56', 0, '52.167.144.160', 'Cierre de Sesion Forzado'),
(539, '2025-02-04 19:34:24', 0, '52.167.144.160', 'Cierre de Sesion Forzado'),
(540, '2025-02-04 20:32:55', 0, '52.167.144.196', 'Cierre de Sesion Forzado'),
(541, '2025-02-04 21:11:37', 0, '52.167.144.173', 'Cierre de Sesion Forzado'),
(542, '2025-02-04 21:11:37', 0, '52.167.144.173', 'Cierre de Sesion Forzado'),
(543, '2025-02-04 21:47:14', 0, '52.167.144.139', 'Cierre de Sesion Forzado'),
(544, '2025-02-04 21:47:14', 0, '52.167.144.139', 'Cierre de Sesion Forzado'),
(545, '2025-02-04 22:47:33', 0, '40.77.188.115', 'Cierre de Sesion Forzado'),
(546, '2025-02-05 08:29:48', 0, '52.167.144.219', 'Cierre de Sesion Forzado'),
(547, '2025-02-05 11:25:58', 0, '40.77.167.72', 'Cierre de Sesion Forzado'),
(548, '2025-02-05 11:44:46', 1, '181.115.63.79', 'Ingreso al modulo Dashboard'),
(549, '2025-02-05 11:44:56', 1, '181.115.63.79', 'Ingreso al modulo Gastos Contabilidad'),
(550, '2025-02-05 11:45:44', 1, '181.115.63.79', 'Ingreso al modulo Cuentas Cuentas Contabilidad'),
(551, '2025-02-05 11:46:08', 1, '181.115.63.79', 'Ingreso al modulo Proveedores'),
(552, '2025-02-05 11:46:36', 1, '181.115.63.79', 'Ingreso al modulo Gastos Contabilidad'),
(553, '2025-02-05 11:50:53', 1, '181.115.63.79', 'Ingreso al modulo Cuentas por Cobrar Clientes'),
(554, '2025-02-05 12:04:21', 0, '52.167.144.21', 'Cierre de Sesion Forzado'),
(555, '2025-02-05 12:07:08', 0, '40.77.167.4', 'Cierre de Sesion Forzado'),
(556, '2025-02-05 12:19:54', 0, '52.167.144.156', 'Cierre de Sesion Forzado'),
(557, '2025-02-05 13:36:22', 0, '52.167.144.20', 'Cierre de Sesion Forzado'),
(558, '2025-02-05 13:46:07', 0, '52.167.144.20', 'Cierre de Sesion Forzado'),
(559, '2025-02-05 13:48:42', 0, '40.77.167.14', 'Cierre de Sesion Forzado'),
(560, '2025-02-05 13:48:42', 0, '40.77.167.14', 'Cierre de Sesion Forzado'),
(561, '2025-02-05 13:49:10', 0, '40.77.167.14', 'Cierre de Sesion Forzado'),
(562, '2025-02-05 14:45:36', 1, '181.115.63.79', 'Ingreso al modulo Dashboard'),
(563, '2025-02-05 14:45:41', 1, '181.115.63.79', 'Ingreso al modulo Reporte de Ventas'),
(564, '2025-02-05 14:47:18', 0, '52.167.144.213', 'Cierre de Sesion Forzado'),
(565, '2025-02-05 14:53:34', 0, '52.167.144.231', 'Cierre de Sesion Forzado'),
(566, '2025-02-05 14:57:52', 0, '52.167.144.231', 'Cierre de Sesion Forzado'),
(567, '2025-02-05 15:07:14', 0, '40.77.167.21', 'Cierre de Sesion Forzado'),
(568, '2025-02-05 15:46:42', 0, '40.77.167.42', 'Cierre de Sesion Forzado'),
(569, '2025-02-05 16:07:00', 0, '207.46.13.153', 'Cierre de Sesion Forzado'),
(570, '2025-02-05 16:50:36', 0, '157.55.39.52', 'Cierre de Sesion Forzado'),
(571, '2025-02-05 17:00:42', 0, '40.77.167.78', 'Cierre de Sesion Forzado'),
(572, '2025-02-05 18:28:22', 0, '52.167.144.238', 'Cierre de Sesion Forzado'),
(573, '2025-02-05 18:40:52', 0, '40.77.167.230', 'Cierre de Sesion Forzado'),
(574, '2025-02-05 18:45:08', 0, '40.77.188.137', 'Cierre de Sesion Forzado'),
(575, '2025-02-05 21:01:09', 0, '207.46.13.126', 'Cierre de Sesion Forzado'),
(576, '2025-02-05 21:18:27', 0, '52.167.144.238', 'Cierre de Sesion Forzado'),
(577, '2025-02-05 22:38:32', 0, '207.46.13.31', 'Cierre de Sesion Forzado'),
(578, '2025-02-05 22:42:43', 0, '52.167.144.238', 'Cierre de Sesion Forzado'),
(579, '2025-02-05 22:50:35', 0, '157.55.39.12', 'Cierre de Sesion Forzado'),
(580, '2025-02-06 00:36:38', 0, '40.77.202.27', 'Cierre de Sesion Forzado'),
(581, '2025-02-06 02:03:18', 0, '52.167.144.187', 'Cierre de Sesion Forzado'),
(582, '2025-02-06 02:21:13', 0, '40.77.188.29', 'Cierre de Sesion Forzado'),
(583, '2025-02-06 02:24:43', 0, '40.77.188.114', 'Cierre de Sesion Forzado'),
(584, '2025-02-06 05:48:21', 0, '52.167.144.210', 'Cierre de Sesion Forzado'),
(585, '2025-02-06 05:58:18', 1, '181.115.63.79', 'Ingreso al modulo Dashboard'),
(586, '2025-02-06 05:58:21', 1, '181.115.63.79', 'Ingreso al modulo Clientes'),
(587, '2025-02-06 06:19:42', 1, '181.115.63.79', 'Ingreso al modulo Dashboard'),
(588, '2025-02-06 06:19:45', 1, '181.115.63.79', 'Ingreso al modulo Clientes'),
(589, '2025-02-06 06:23:25', 1, '181.115.63.79', 'Ingreso al modulo Productos'),
(590, '2025-02-06 06:30:33', 1, '181.115.63.79', 'Cierre de Sesion'),
(591, '2025-02-06 07:45:00', 0, '52.167.144.146', 'Cierre de Sesion Forzado'),
(592, '2025-02-06 08:24:54', 0, '157.55.39.10', 'Cierre de Sesion Forzado'),
(593, '2025-02-06 08:56:52', 0, '40.77.167.64', 'Cierre de Sesion Forzado'),
(594, '2025-02-06 09:14:16', 0, '52.167.144.210', 'Cierre de Sesion Forzado'),
(595, '2025-02-06 09:56:51', 0, '207.46.13.78', 'Cierre de Sesion Forzado'),
(596, '2025-02-06 09:57:35', 0, '52.167.144.218', 'Cierre de Sesion Forzado'),
(597, '2025-02-06 10:09:55', 0, '52.167.144.174', 'Cierre de Sesion Forzado'),
(598, '2025-02-06 10:22:21', 0, '157.55.39.205', 'Cierre de Sesion Forzado'),
(599, '2025-02-06 10:26:39', 0, '40.77.167.11', 'Cierre de Sesion Forzado'),
(600, '2025-02-06 12:04:41', 0, '66.249.64.1', 'Cierre de Sesion Forzado'),
(601, '2025-02-06 12:51:57', 0, '207.46.13.126', 'Cierre de Sesion Forzado'),
(602, '2025-02-06 13:17:36', 0, '52.167.144.176', 'Cierre de Sesion Forzado'),
(603, '2025-02-06 14:26:35', 0, '40.77.167.17', 'Cierre de Sesion Forzado'),
(604, '2025-02-06 15:54:01', 0, '207.46.13.17', 'Cierre de Sesion Forzado'),
(605, '2025-02-06 16:19:32', 0, '52.167.144.157', 'Cierre de Sesion Forzado'),
(606, '2025-02-06 18:17:47', 0, '66.249.64.1', 'Cierre de Sesion Forzado'),
(607, '2025-02-06 18:18:51', 0, '40.77.167.11', 'Cierre de Sesion Forzado'),
(608, '2025-02-06 19:58:24', 0, '40.77.167.13', 'Cierre de Sesion Forzado'),
(609, '2025-02-06 20:14:42', 0, '40.77.167.55', 'Cierre de Sesion Forzado'),
(610, '2025-02-06 20:18:59', 0, '52.167.144.210', 'Cierre de Sesion Forzado'),
(611, '2025-02-06 20:33:51', 0, '66.249.64.1', 'Cierre de Sesion Forzado'),
(612, '2025-02-06 22:23:05', 0, '52.167.144.16', 'Cierre de Sesion Forzado'),
(613, '2025-02-06 22:35:01', 0, '207.46.13.78', 'Cierre de Sesion Forzado'),
(614, '2025-02-06 22:45:31', 0, '157.55.39.11', 'Cierre de Sesion Forzado'),
(615, '2025-02-06 23:00:23', 0, '52.167.144.191', 'Cierre de Sesion Forzado'),
(616, '2025-02-07 03:21:28', 0, '40.77.167.27', 'Cierre de Sesion Forzado'),
(617, '2025-02-07 03:38:16', 0, '40.77.189.89', 'Cierre de Sesion Forzado'),
(618, '2025-02-07 05:44:24', 1, '181.115.95.15', 'Ingreso al modulo Dashboard'),
(619, '2025-02-07 05:44:28', 1, '181.115.95.15', 'Ingreso al modulo Clientes'),
(620, '2025-02-07 05:45:39', 1, '181.115.95.15', 'Ingreso al modulo Reporte de Ventas'),
(621, '2025-02-07 05:45:44', 1, '181.115.95.15', 'Ingreso al modulo Cuentas por Cobrar Clientes'),
(622, '2025-02-07 05:46:01', 1, '181.115.95.15', 'Ingreso al modulo Reporte de Ventas'),
(623, '2025-02-07 09:00:51', 0, '157.55.39.12', 'Cierre de Sesion Forzado'),
(624, '2025-02-07 11:02:55', 0, '207.46.13.31', 'Cierre de Sesion Forzado'),
(625, '2025-02-07 12:07:09', 0, '40.77.167.17', 'Cierre de Sesion Forzado'),
(626, '2025-02-07 12:49:06', 0, '207.46.13.157', 'Cierre de Sesion Forzado'),
(627, '2025-02-07 13:50:03', 0, '40.77.167.55', 'Cierre de Sesion Forzado'),
(628, '2025-02-07 14:08:41', 0, '40.77.167.121', 'Cierre de Sesion Forzado'),
(629, '2025-02-07 14:10:28', 0, '207.46.13.111', 'Cierre de Sesion Forzado'),
(630, '2025-02-07 14:20:56', 0, '40.77.167.73', 'Cierre de Sesion Forzado'),
(631, '2025-02-07 15:13:47', 0, '52.167.144.187', 'Cierre de Sesion Forzado'),
(632, '2025-02-07 16:04:22', 0, '40.77.167.43', 'Cierre de Sesion Forzado'),
(633, '2025-02-07 16:11:24', 0, '52.167.144.228', 'Cierre de Sesion Forzado'),
(634, '2025-02-07 16:12:31', 0, '157.55.39.195', 'Cierre de Sesion Forzado'),
(635, '2025-02-07 17:47:08', 0, '207.46.13.6', 'Cierre de Sesion Forzado'),
(636, '2025-02-07 18:01:05', 0, '52.167.144.173', 'Cierre de Sesion Forzado'),
(637, '2025-02-07 18:03:19', 0, '40.77.188.150', 'Cierre de Sesion Forzado'),
(638, '2025-02-07 18:08:40', 0, '52.167.144.22', 'Cierre de Sesion Forzado'),
(639, '2025-02-07 18:12:07', 0, '207.46.13.156', 'Cierre de Sesion Forzado'),
(640, '2025-02-07 19:00:29', 0, '207.46.13.127', 'Cierre de Sesion Forzado');
INSERT INTO `historial_acceso` (`historial_acceso_id`, `fecha`, `colaboradores_id`, `ip`, `acceso`) VALUES
(641, '2025-02-07 19:23:35', 1, '170.83.119.131', 'Ingreso al modulo Dashboard'),
(642, '2025-02-07 19:23:39', 1, '170.83.119.131', 'Ingreso al modulo Empresas'),
(643, '2025-02-07 19:29:19', 0, '157.55.39.60', 'Cierre de Sesion Forzado'),
(644, '2025-02-07 19:36:16', 0, '207.46.13.31', 'Cierre de Sesion Forzado'),
(645, '2025-02-07 21:53:41', 0, '207.46.13.111', 'Cierre de Sesion Forzado'),
(646, '2025-02-07 22:56:56', 0, '207.46.13.127', 'Cierre de Sesion Forzado'),
(647, '2025-02-07 22:59:38', 0, '40.77.167.55', 'Cierre de Sesion Forzado'),
(648, '2025-02-07 23:05:41', 0, '157.55.39.12', 'Cierre de Sesion Forzado'),
(649, '2025-02-07 23:10:37', 0, '52.167.144.206', 'Cierre de Sesion Forzado'),
(650, '2025-02-07 23:58:39', 0, '40.77.167.8', 'Cierre de Sesion Forzado'),
(651, '2025-02-08 00:44:14', 0, '52.167.144.139', 'Cierre de Sesion Forzado'),
(652, '2025-02-08 00:46:30', 0, '52.167.144.205', 'Cierre de Sesion Forzado'),
(653, '2025-02-08 00:59:09', 0, '157.55.39.52', 'Cierre de Sesion Forzado'),
(654, '2025-02-08 01:17:04', 0, '40.77.188.40', 'Cierre de Sesion Forzado'),
(655, '2025-02-08 01:24:33', 0, '40.77.167.143', 'Cierre de Sesion Forzado'),
(656, '2025-02-08 02:20:26', 0, '52.167.144.172', 'Cierre de Sesion Forzado'),
(657, '2025-02-08 03:13:14', 0, '52.167.144.147', 'Cierre de Sesion Forzado'),
(658, '2025-02-08 04:21:24', 0, '157.55.39.6', 'Cierre de Sesion Forzado'),
(659, '2025-02-08 05:28:00', 0, '52.167.144.175', 'Cierre de Sesion Forzado'),
(660, '2025-02-08 06:46:11', 0, '207.46.13.156', 'Cierre de Sesion Forzado'),
(661, '2025-02-08 07:02:29', 0, '40.77.202.96', 'Cierre de Sesion Forzado'),
(662, '2025-02-08 07:33:42', 0, '157.55.39.52', 'Cierre de Sesion Forzado'),
(663, '2025-02-08 08:59:08', 0, '40.77.189.43', 'Cierre de Sesion Forzado'),
(664, '2025-02-08 10:40:11', 0, '40.77.167.33', 'Cierre de Sesion Forzado'),
(665, '2025-02-08 10:42:35', 0, '157.55.39.54', 'Cierre de Sesion Forzado'),
(666, '2025-02-08 11:14:30', 0, '40.77.167.155', 'Cierre de Sesion Forzado'),
(667, '2025-02-08 11:25:36', 0, '52.167.144.206', 'Cierre de Sesion Forzado'),
(668, '2025-02-08 11:25:36', 0, '52.167.144.206', 'Cierre de Sesion Forzado'),
(669, '2025-02-08 11:30:06', 0, '157.55.39.195', 'Cierre de Sesion Forzado'),
(670, '2025-02-08 12:07:21', 0, '157.55.39.6', 'Cierre de Sesion Forzado'),
(671, '2025-02-08 12:15:40', 0, '157.55.39.6', 'Cierre de Sesion Forzado'),
(672, '2025-02-08 12:49:33', 0, '52.167.144.184', 'Cierre de Sesion Forzado'),
(673, '2025-02-08 13:38:33', 0, '157.55.39.60', 'Cierre de Sesion Forzado'),
(674, '2025-02-08 17:31:43', 0, '207.46.13.31', 'Cierre de Sesion Forzado'),
(675, '2025-02-08 17:46:50', 0, '52.167.144.138', 'Cierre de Sesion Forzado'),
(676, '2025-02-08 19:28:51', 0, '207.46.13.78', 'Cierre de Sesion Forzado'),
(677, '2025-02-08 20:21:05', 0, '157.55.39.54', 'Cierre de Sesion Forzado'),
(678, '2025-02-08 20:28:40', 0, '207.46.13.102', 'Cierre de Sesion Forzado'),
(679, '2025-02-08 21:37:36', 0, '52.167.144.16', 'Cierre de Sesion Forzado'),
(680, '2025-02-08 21:38:00', 0, '207.46.13.127', 'Cierre de Sesion Forzado'),
(681, '2025-02-08 21:57:26', 0, '52.167.144.19', 'Cierre de Sesion Forzado'),
(682, '2025-02-08 22:01:21', 0, '207.46.13.78', 'Cierre de Sesion Forzado'),
(683, '2025-02-08 22:19:27', 0, '207.46.13.160', 'Cierre de Sesion Forzado'),
(684, '2025-02-08 22:23:26', 0, '52.167.144.187', 'Cierre de Sesion Forzado'),
(685, '2025-02-08 23:10:45', 0, '207.46.13.18', 'Cierre de Sesion Forzado'),
(686, '2025-02-09 00:23:28', 0, '52.167.144.157', 'Cierre de Sesion Forzado'),
(687, '2025-02-09 00:34:02', 0, '40.77.167.48', 'Cierre de Sesion Forzado'),
(688, '2025-02-09 00:53:36', 0, '207.46.13.160', 'Cierre de Sesion Forzado'),
(689, '2025-02-09 01:03:56', 0, '52.167.144.193', 'Cierre de Sesion Forzado'),
(690, '2025-02-09 01:57:51', 0, '40.77.167.38', 'Cierre de Sesion Forzado'),
(691, '2025-02-09 02:04:23', 0, '207.46.13.111', 'Cierre de Sesion Forzado'),
(692, '2025-02-09 03:07:37', 0, '207.46.13.102', 'Cierre de Sesion Forzado'),
(693, '2025-02-09 03:10:01', 0, '52.167.144.219', 'Cierre de Sesion Forzado'),
(694, '2025-02-09 03:30:23', 0, '207.46.13.102', 'Cierre de Sesion Forzado'),
(695, '2025-02-09 04:14:03', 0, '52.167.144.203', 'Cierre de Sesion Forzado'),
(696, '2025-02-09 04:51:01', 0, '157.55.39.195', 'Cierre de Sesion Forzado'),
(697, '2025-02-09 06:42:55', 0, '157.55.39.13', 'Cierre de Sesion Forzado'),
(698, '2025-02-09 07:21:17', 0, '52.167.144.150', 'Cierre de Sesion Forzado'),
(699, '2025-02-09 09:34:03', 0, '207.46.13.155', 'Cierre de Sesion Forzado'),
(700, '2025-02-09 10:27:09', 0, '170.80.143.8', 'Cierre de Sesion Forzado'),
(701, '2025-02-09 10:27:14', 0, '170.80.143.8', 'Cierre de Sesion Forzado'),
(702, '2025-02-09 11:15:14', 0, '207.46.13.127', 'Cierre de Sesion Forzado'),
(703, '2025-02-09 12:40:54', 0, '40.77.167.48', 'Cierre de Sesion Forzado'),
(704, '2025-02-09 12:53:18', 0, '157.55.39.194', 'Cierre de Sesion Forzado'),
(705, '2025-02-09 12:58:40', 0, '157.55.39.60', 'Cierre de Sesion Forzado'),
(706, '2025-02-09 12:59:24', 0, '157.55.39.60', 'Cierre de Sesion Forzado'),
(707, '2025-02-09 13:03:14', 0, '40.77.167.42', 'Cierre de Sesion Forzado'),
(708, '2025-02-09 13:06:14', 0, '157.55.39.60', 'Cierre de Sesion Forzado'),
(709, '2025-02-09 13:25:23', 0, '157.55.39.205', 'Cierre de Sesion Forzado'),
(710, '2025-02-09 14:28:34', 0, '40.77.167.45', 'Cierre de Sesion Forzado'),
(711, '2025-02-09 15:07:48', 0, '40.77.167.75', 'Cierre de Sesion Forzado'),
(712, '2025-02-09 15:08:42', 0, '40.77.167.75', 'Cierre de Sesion Forzado'),
(713, '2025-02-09 16:59:32', 0, '52.167.144.237', 'Cierre de Sesion Forzado'),
(714, '2025-02-09 18:25:49', 0, '157.55.39.200', 'Cierre de Sesion Forzado'),
(715, '2025-02-09 19:58:26', 0, '157.55.39.56', 'Cierre de Sesion Forzado'),
(716, '2025-02-09 20:33:02', 0, '40.77.167.72', 'Cierre de Sesion Forzado'),
(717, '2025-02-09 22:04:00', 0, '157.55.39.54', 'Cierre de Sesion Forzado'),
(718, '2025-02-09 22:47:48', 0, '40.77.167.71', 'Cierre de Sesion Forzado'),
(719, '2025-02-10 01:17:00', 0, '52.167.144.23', 'Cierre de Sesion Forzado'),
(720, '2025-02-10 01:51:02', 0, '207.46.13.6', 'Cierre de Sesion Forzado'),
(721, '2025-02-10 02:47:15', 0, '157.55.39.60', 'Cierre de Sesion Forzado'),
(722, '2025-02-10 04:05:27', 0, '157.55.39.205', 'Cierre de Sesion Forzado'),
(723, '2025-02-10 04:37:30', 0, '40.77.167.19', 'Cierre de Sesion Forzado'),
(724, '2025-02-10 04:47:07', 0, '157.55.39.9', 'Cierre de Sesion Forzado'),
(725, '2025-02-10 06:37:45', 0, '40.77.167.27', 'Cierre de Sesion Forzado'),
(726, '2025-02-10 07:07:28', 0, '207.46.13.14', 'Cierre de Sesion Forzado'),
(727, '2025-02-10 09:05:17', 0, '52.167.144.161', 'Cierre de Sesion Forzado'),
(728, '2025-02-10 09:12:21', 0, '200.52.153.212', 'Cierre de Sesion Forzado'),
(729, '2025-02-10 09:18:12', 0, '52.167.144.234', 'Cierre de Sesion Forzado'),
(730, '2025-02-10 09:55:01', 0, '157.55.39.50', 'Cierre de Sesion Forzado'),
(731, '2025-02-10 10:28:56', 0, '52.167.144.20', 'Cierre de Sesion Forzado'),
(732, '2025-02-10 10:45:24', 0, '40.77.167.136', 'Cierre de Sesion Forzado'),
(733, '2025-02-10 11:16:25', 0, '40.77.167.151', 'Cierre de Sesion Forzado'),
(734, '2025-02-10 11:17:40', 0, '157.55.39.16', 'Cierre de Sesion Forzado'),
(735, '2025-02-10 12:06:41', 0, '207.46.13.116', 'Cierre de Sesion Forzado'),
(736, '2025-02-10 12:27:29', 0, '157.55.39.52', 'Cierre de Sesion Forzado'),
(737, '2025-02-10 13:08:30', 0, '157.55.39.10', 'Cierre de Sesion Forzado'),
(738, '2025-02-10 13:10:58', 0, '157.55.39.10', 'Cierre de Sesion Forzado'),
(739, '2025-02-10 13:19:59', 0, '157.55.39.10', 'Cierre de Sesion Forzado'),
(740, '2025-02-10 13:36:27', 0, '40.77.202.49', 'Cierre de Sesion Forzado'),
(741, '2025-02-10 13:54:10', 1, '170.83.119.131', 'Ingreso al modulo Dashboard'),
(742, '2025-02-10 13:58:40', 1, '170.83.119.131', 'Ingreso al modulo Reporte de Ventas'),
(743, '2025-02-10 14:06:07', 1, '170.83.119.131', 'Ingreso al modulo Ingresos Contabilidad'),
(744, '2025-02-10 14:06:11', 1, '170.83.119.131', 'Ingreso al modulo Cuentas Cuentas Contabilidad'),
(745, '2025-02-10 14:06:25', 1, '170.83.119.131', 'Ingreso al modulo Gastos Contabilidad'),
(746, '2025-02-10 14:06:57', 1, '170.83.119.131', 'Ingreso al modulo Proveedores'),
(747, '2025-02-10 14:07:09', 1, '170.83.119.131', 'Ingreso al modulo Gastos Contabilidad'),
(748, '2025-02-10 14:13:09', 1, '170.83.119.131', 'Cierre de Sesion'),
(749, '2025-02-10 14:19:01', 0, '40.77.167.3', 'Cierre de Sesion Forzado'),
(750, '2025-02-10 15:39:14', 0, '40.77.167.72', 'Cierre de Sesion Forzado'),
(751, '2025-02-10 16:54:49', 0, '52.167.144.170', 'Cierre de Sesion Forzado'),
(752, '2025-02-10 17:04:12', 1, '161.69.53.15', 'Ingreso al modulo Dashboard'),
(753, '2025-02-10 17:04:18', 1, '161.69.53.15', 'Ingreso al modulo Cuentas Cuentas Contabilidad'),
(754, '2025-02-10 17:04:46', 1, '161.69.53.15', 'Ingreso al modulo Gastos Contabilidad'),
(755, '2025-02-10 17:05:00', 1, '161.69.53.15', 'Ingreso al modulo Productos'),
(756, '2025-02-10 17:05:05', 1, '161.69.53.15', 'Ingreso al modulo Productos'),
(757, '2025-02-10 17:05:07', 1, '161.69.53.15', 'Ingreso al modulo Proveedores'),
(758, '2025-02-10 17:05:33', 1, '161.69.53.15', 'Ingreso al modulo Gastos Contabilidad'),
(759, '2025-02-10 17:09:39', 1, '161.69.53.15', 'Cierre de Sesion'),
(760, '2025-02-10 20:10:54', 0, '52.167.144.221', 'Cierre de Sesion Forzado'),
(761, '2025-02-11 00:59:35', 0, '52.167.144.219', 'Cierre de Sesion Forzado'),
(762, '2025-02-11 01:59:56', 0, '52.167.144.156', 'Cierre de Sesion Forzado'),
(763, '2025-02-11 08:08:55', 0, '52.167.144.210', 'Cierre de Sesion Forzado'),
(764, '2025-02-11 08:52:01', 0, '52.167.144.175', 'Cierre de Sesion Forzado'),
(765, '2025-02-11 08:52:20', 0, '52.167.144.187', 'Cierre de Sesion Forzado'),
(766, '2025-02-11 08:55:18', 0, '52.167.144.161', 'Cierre de Sesion Forzado'),
(767, '2025-02-11 09:08:48', 0, '40.77.188.21', 'Cierre de Sesion Forzado'),
(768, '2025-02-11 09:24:02', 1, '170.83.119.131', 'Ingreso al modulo Dashboard'),
(769, '2025-02-11 09:24:23', 1, '170.83.119.131', 'Ingreso al modulo Gastos Contabilidad'),
(770, '2025-02-11 09:24:31', 1, '170.83.119.131', 'Ingreso al modulo Cuentas Cuentas Contabilidad'),
(771, '2025-02-11 09:29:38', 0, '181.115.5.86', 'Cierre de Sesion Forzado'),
(772, '2025-02-11 09:29:40', 1, '170.83.119.131', 'Ingreso al modulo Gastos Contabilidad'),
(773, '2025-02-11 09:29:42', 0, '181.115.5.86', 'Cierre de Sesion Forzado'),
(774, '2025-02-11 09:29:49', 0, '181.115.5.86', 'Cierre de Sesion'),
(775, '2025-02-11 09:29:55', 1, '170.83.119.131', 'Ingreso al modulo Compras'),
(776, '2025-02-11 09:30:00', 0, '181.115.5.86', 'Cierre de Sesion Forzado'),
(777, '2025-02-11 09:30:00', 1, '170.83.119.131', 'Ingreso al modulo Proveedores'),
(778, '2025-02-11 09:30:02', 0, '181.115.5.86', 'Cierre de Sesion Forzado'),
(779, '2025-02-11 09:31:24', 1, '170.83.119.131', 'Ingreso al modulo Gastos Contabilidad'),
(780, '2025-02-11 09:32:51', 0, '52.167.144.158', 'Cierre de Sesion Forzado'),
(781, '2025-02-11 09:33:06', 0, '52.167.144.158', 'Cierre de Sesion Forzado'),
(782, '2025-02-11 09:41:27', 0, '52.167.144.158', 'Cierre de Sesion Forzado'),
(783, '2025-02-11 09:43:35', 1, '170.83.119.131', 'Ingreso al modulo Reporte de Ventas'),
(784, '2025-02-11 09:47:37', 1, '170.83.119.131', 'Ingreso al modulo Cuentas Cuentas Contabilidad'),
(785, '2025-02-11 09:50:39', 1, '170.83.119.131', 'Ingreso al modulo Cuentas Cuentas Contabilidad'),
(786, '2025-02-11 09:54:10', 1, '170.83.119.131', 'Ingreso al modulo Ingresos Contabilidad'),
(787, '2025-02-11 09:59:09', 1, '170.83.119.131', 'Ingreso al modulo Reporte de Ventas'),
(788, '2025-02-11 09:59:13', 1, '170.83.119.131', 'Ingreso al modulo Cajas'),
(789, '2025-02-11 10:03:52', 0, '40.77.167.121', 'Cierre de Sesion Forzado'),
(790, '2025-02-11 10:07:32', 0, '52.167.144.146', 'Cierre de Sesion Forzado'),
(791, '2025-02-11 10:25:15', 0, '52.167.144.170', 'Cierre de Sesion Forzado'),
(792, '2025-02-11 10:25:17', 0, '40.77.167.78', 'Cierre de Sesion Forzado'),
(793, '2025-02-11 12:14:11', 0, '52.167.144.196', 'Cierre de Sesion Forzado'),
(794, '2025-02-11 12:25:07', 0, '40.77.167.77', 'Cierre de Sesion Forzado'),
(795, '2025-02-11 13:26:48', 0, '52.167.144.222', 'Cierre de Sesion Forzado'),
(796, '2025-02-11 13:47:27', 0, '40.77.167.4', 'Cierre de Sesion Forzado'),
(797, '2025-02-11 14:00:25', 0, '40.77.167.132', 'Cierre de Sesion Forzado'),
(798, '2025-02-11 14:06:23', 0, '40.77.167.132', 'Cierre de Sesion Forzado'),
(799, '2025-02-11 14:15:17', 0, '40.77.167.42', 'Cierre de Sesion Forzado'),
(800, '2025-02-11 14:35:50', 0, '52.167.144.221', 'Cierre de Sesion Forzado'),
(801, '2025-02-11 14:39:01', 0, '52.167.144.161', 'Cierre de Sesion Forzado'),
(802, '2025-02-11 15:48:17', 0, '40.77.167.79', 'Cierre de Sesion Forzado'),
(803, '2025-02-11 18:14:00', 0, '40.77.167.241', 'Cierre de Sesion Forzado'),
(804, '2025-02-11 18:15:32', 0, '52.167.144.19', 'Cierre de Sesion Forzado'),
(805, '2025-02-11 18:30:11', 0, '40.77.189.36', 'Cierre de Sesion Forzado'),
(806, '2025-02-11 19:19:15', 0, '40.77.167.41', 'Cierre de Sesion Forzado'),
(807, '2025-02-11 20:46:54', 0, '181.115.5.86', 'Cierre de Sesion Forzado'),
(808, '2025-02-11 20:46:56', 0, '181.115.5.86', 'Cierre de Sesion Forzado'),
(809, '2025-02-11 21:16:56', 0, '40.77.167.13', 'Cierre de Sesion Forzado'),
(810, '2025-02-11 22:30:40', 0, '52.167.144.176', 'Cierre de Sesion Forzado'),
(811, '2025-02-12 00:20:31', 0, '40.77.167.72', 'Cierre de Sesion Forzado'),
(812, '2025-02-12 00:48:11', 0, '40.77.167.8', 'Cierre de Sesion Forzado'),
(813, '2025-02-12 00:57:50', 0, '52.167.144.184', 'Cierre de Sesion Forzado'),
(814, '2025-02-12 01:35:34', 0, '40.77.167.17', 'Cierre de Sesion Forzado'),
(815, '2025-02-12 01:39:05', 0, '52.167.144.202', 'Cierre de Sesion Forzado'),
(816, '2025-02-12 02:14:30', 0, '52.167.144.175', 'Cierre de Sesion Forzado'),
(817, '2025-02-12 02:33:51', 0, '40.77.167.42', 'Cierre de Sesion Forzado'),
(818, '2025-02-12 03:10:35', 0, '40.77.167.72', 'Cierre de Sesion Forzado'),
(819, '2025-02-12 03:18:59', 0, '52.167.144.210', 'Cierre de Sesion Forzado'),
(820, '2025-02-12 03:28:51', 0, '40.77.167.50', 'Cierre de Sesion Forzado'),
(821, '2025-02-12 05:17:46', 0, '52.167.144.156', 'Cierre de Sesion Forzado'),
(822, '2025-02-12 09:01:49', 0, '40.77.167.54', 'Cierre de Sesion Forzado'),
(823, '2025-02-12 09:21:15', 0, '52.167.144.176', 'Cierre de Sesion Forzado'),
(824, '2025-02-12 09:58:36', 0, '40.77.167.34', 'Cierre de Sesion Forzado'),
(825, '2025-02-12 10:01:29', 0, '40.77.167.55', 'Cierre de Sesion Forzado'),
(826, '2025-02-12 10:10:37', 0, '52.167.144.162', 'Cierre de Sesion Forzado'),
(827, '2025-02-12 12:15:51', 0, '52.167.144.160', 'Cierre de Sesion Forzado'),
(828, '2025-02-12 17:18:33', 1, '181.115.5.188', 'Ingreso al modulo Dashboard'),
(829, '2025-02-12 17:18:41', 1, '181.115.5.188', 'Ingreso al modulo Cuentas por Cobrar Clientes'),
(830, '2025-02-12 17:19:39', 1, '181.115.5.188', 'Ingreso al modulo Cuentas por Cobrar Clientes'),
(831, '2025-02-12 18:35:15', 0, '40.77.167.75', 'Cierre de Sesion Forzado'),
(832, '2025-02-12 18:45:18', 0, '40.77.167.75', 'Cierre de Sesion Forzado'),
(833, '2025-02-12 19:39:23', 1, '181.115.5.188', 'Ingreso al modulo Dashboard'),
(834, '2025-02-12 19:39:32', 1, '181.115.5.188', 'Ingreso al modulo Reporte de Ventas'),
(835, '2025-02-12 19:57:42', 1, '181.115.5.188', 'Ingreso al modulo Reporte de Ventas'),
(836, '2025-02-12 19:59:30', 1, '181.115.5.188', 'Ingreso al modulo Dashboard'),
(837, '2025-02-12 20:01:54', 1, '181.115.5.188', 'Ingreso al modulo Cuentas Cuentas Contabilidad'),
(838, '2025-02-12 20:02:04', 1, '181.115.5.188', 'Ingreso al modulo Gastos Contabilidad'),
(839, '2025-02-12 20:02:19', 1, '181.115.5.188', 'Ingreso al modulo Proveedores'),
(840, '2025-02-12 20:02:42', 1, '181.115.5.188', 'Ingreso al modulo Cuentas Cuentas Contabilidad'),
(841, '2025-02-12 20:02:43', 1, '181.115.5.188', 'Ingreso al modulo Gastos Contabilidad'),
(842, '2025-02-12 20:03:02', 1, '181.115.5.188', 'Ingreso al modulo Gastos Contabilidad'),
(843, '2025-02-12 20:03:16', 1, '181.115.5.188', 'Ingreso al modulo Gastos Contabilidad'),
(844, '2025-02-12 21:05:21', 0, '40.77.167.230', 'Cierre de Sesion Forzado'),
(845, '2025-02-12 22:29:22', 0, '40.77.167.6', 'Cierre de Sesion Forzado'),
(846, '2025-02-12 22:52:15', 0, '52.167.144.225', 'Cierre de Sesion Forzado'),
(847, '2025-02-13 00:57:22', 0, '52.167.144.215', 'Cierre de Sesion Forzado'),
(848, '2025-02-13 02:06:35', 0, '52.167.144.179', 'Cierre de Sesion Forzado'),
(849, '2025-02-13 02:11:18', 0, '40.77.167.72', 'Cierre de Sesion Forzado'),
(850, '2025-02-13 03:21:53', 0, '40.77.202.112', 'Cierre de Sesion Forzado'),
(851, '2025-02-13 04:33:54', 0, '52.167.144.236', 'Cierre de Sesion Forzado'),
(852, '2025-02-13 04:43:31', 0, '52.167.144.16', 'Cierre de Sesion Forzado'),
(853, '2025-02-13 05:18:56', 0, '40.77.167.0', 'Cierre de Sesion Forzado'),
(854, '2025-02-13 05:44:07', 0, '52.167.144.16', 'Cierre de Sesion Forzado'),
(855, '2025-02-13 06:47:02', 0, '52.167.144.202', 'Cierre de Sesion Forzado'),
(856, '2025-02-13 07:38:53', 0, '52.167.144.237', 'Cierre de Sesion Forzado'),
(857, '2025-02-13 09:18:50', 0, '52.167.144.187', 'Cierre de Sesion Forzado'),
(858, '2025-02-13 09:38:53', 0, '40.77.167.33', 'Cierre de Sesion Forzado'),
(859, '2025-02-13 09:41:53', 0, '52.167.144.145', 'Cierre de Sesion Forzado'),
(860, '2025-02-13 10:33:11', 0, '52.167.144.150', 'Cierre de Sesion Forzado'),
(861, '2025-02-13 10:44:29', 0, '52.167.144.174', 'Cierre de Sesion Forzado'),
(862, '2025-02-13 11:59:45', 0, '40.77.167.72', 'Cierre de Sesion Forzado'),
(863, '2025-02-13 13:00:12', 0, '40.77.167.36', 'Cierre de Sesion Forzado'),
(864, '2025-02-13 13:54:29', 0, '52.167.144.145', 'Cierre de Sesion Forzado'),
(865, '2025-02-13 13:57:40', 0, '40.77.167.51', 'Cierre de Sesion Forzado'),
(866, '2025-02-13 14:24:44', 0, '40.77.167.41', 'Cierre de Sesion Forzado'),
(867, '2025-02-13 15:48:01', 0, '40.77.167.36', 'Cierre de Sesion Forzado'),
(868, '2025-02-13 15:48:52', 0, '52.167.144.206', 'Cierre de Sesion Forzado'),
(869, '2025-02-13 17:00:43', 0, '52.167.144.219', 'Cierre de Sesion Forzado'),
(870, '2025-02-13 17:07:49', 0, '52.167.144.162', 'Cierre de Sesion Forzado'),
(871, '2025-02-13 17:49:50', 0, '52.167.144.228', 'Cierre de Sesion Forzado'),
(872, '2025-02-13 18:28:16', 0, '40.77.167.62', 'Cierre de Sesion Forzado'),
(873, '2025-02-13 18:41:06', 0, '52.167.144.205', 'Cierre de Sesion Forzado'),
(874, '2025-02-13 18:47:46', 0, '52.167.144.167', 'Cierre de Sesion Forzado'),
(875, '2025-02-13 19:04:01', 0, '40.77.190.34', 'Cierre de Sesion Forzado'),
(876, '2025-02-13 21:49:20', 0, '52.167.144.228', 'Cierre de Sesion Forzado'),
(877, '2025-02-13 22:36:39', 0, '52.167.144.173', 'Cierre de Sesion Forzado'),
(878, '2025-02-14 02:13:09', 0, '52.167.144.238', 'Cierre de Sesion Forzado'),
(879, '2025-02-14 04:01:52', 0, '52.167.144.193', 'Cierre de Sesion Forzado'),
(880, '2025-02-14 06:32:29', 0, '52.167.144.204', 'Cierre de Sesion Forzado'),
(881, '2025-02-14 06:46:35', 0, '40.77.167.28', 'Cierre de Sesion Forzado'),
(882, '2025-02-14 07:24:42', 0, '52.167.144.164', 'Cierre de Sesion Forzado'),
(883, '2025-02-14 07:28:45', 0, '52.167.144.164', 'Cierre de Sesion Forzado'),
(884, '2025-02-14 08:24:42', 0, '52.167.144.172', 'Cierre de Sesion Forzado'),
(885, '2025-02-14 08:43:16', 0, '52.167.144.147', 'Cierre de Sesion Forzado'),
(886, '2025-02-14 09:00:42', 0, '186.2.155.165', 'Cierre de Sesion Forzado'),
(887, '2025-02-14 09:00:44', 0, '186.2.155.165', 'Cierre de Sesion Forzado'),
(888, '2025-02-14 09:05:08', 0, '40.77.167.36', 'Cierre de Sesion Forzado'),
(889, '2025-02-14 09:12:58', 0, '40.77.167.155', 'Cierre de Sesion Forzado'),
(890, '2025-02-14 09:32:21', 0, '52.167.144.236', 'Cierre de Sesion Forzado'),
(891, '2025-02-14 09:36:10', 0, '52.167.144.22', 'Cierre de Sesion Forzado'),
(892, '2025-02-14 10:04:57', 0, '52.167.144.176', 'Cierre de Sesion Forzado'),
(893, '2025-02-14 10:26:16', 0, '40.77.167.78', 'Cierre de Sesion Forzado'),
(894, '2025-02-14 10:47:10', 0, '52.167.144.164', 'Cierre de Sesion Forzado'),
(895, '2025-02-14 10:49:06', 0, '52.167.144.164', 'Cierre de Sesion Forzado'),
(896, '2025-02-14 11:40:43', 0, '40.77.167.75', 'Cierre de Sesion Forzado'),
(897, '2025-02-14 11:43:11', 0, '40.77.167.3', 'Cierre de Sesion Forzado'),
(898, '2025-02-14 12:38:48', 0, '40.77.167.159', 'Cierre de Sesion Forzado'),
(899, '2025-02-14 12:50:27', 0, '52.167.144.160', 'Cierre de Sesion Forzado'),
(900, '2025-02-14 13:54:05', 0, '40.77.167.28', 'Cierre de Sesion Forzado'),
(901, '2025-02-14 14:10:24', 0, '40.77.202.68', 'Cierre de Sesion Forzado'),
(902, '2025-02-14 15:51:55', 0, '40.77.167.55', 'Cierre de Sesion Forzado'),
(903, '2025-02-14 15:58:07', 0, '40.77.167.55', 'Cierre de Sesion Forzado'),
(904, '2025-02-14 16:25:53', 0, '52.167.144.140', 'Cierre de Sesion Forzado'),
(905, '2025-02-14 16:31:12', 1, '181.115.6.128', 'Ingreso al modulo Dashboard'),
(906, '2025-02-14 16:31:17', 1, '181.115.6.128', 'Ingreso al modulo Reporte de Ventas'),
(907, '2025-02-14 16:33:45', 1, '181.115.6.128', 'Cierre de Sesion'),
(908, '2025-02-14 17:02:25', 0, '207.46.13.160', 'Cierre de Sesion Forzado'),
(909, '2025-02-14 17:29:07', 0, '40.77.167.48', 'Cierre de Sesion Forzado'),
(910, '2025-02-14 17:29:32', 0, '40.77.167.48', 'Cierre de Sesion Forzado'),
(911, '2025-02-14 17:50:36', 0, '157.55.39.12', 'Cierre de Sesion Forzado'),
(912, '2025-02-14 18:03:40', 0, '52.167.144.238', 'Cierre de Sesion Forzado'),
(913, '2025-02-14 18:15:02', 0, '157.55.39.60', 'Cierre de Sesion Forzado'),
(914, '2025-02-14 20:28:29', 0, '52.167.144.156', 'Cierre de Sesion Forzado'),
(915, '2025-02-14 21:42:52', 0, '157.55.39.60', 'Cierre de Sesion Forzado'),
(916, '2025-02-14 21:45:53', 0, '52.167.144.162', 'Cierre de Sesion Forzado'),
(917, '2025-02-14 22:02:33', 0, '40.77.189.203', 'Cierre de Sesion Forzado'),
(918, '2025-02-14 22:13:34', 0, '40.77.167.59', 'Cierre de Sesion Forzado'),
(919, '2025-02-14 22:49:13', 0, '157.55.39.195', 'Cierre de Sesion Forzado'),
(920, '2025-02-14 23:07:33', 0, '52.167.144.218', 'Cierre de Sesion Forzado'),
(921, '2025-02-15 00:32:13', 0, '40.77.167.8', 'Cierre de Sesion Forzado'),
(922, '2025-02-15 02:51:18', 0, '40.77.167.19', 'Cierre de Sesion Forzado'),
(923, '2025-02-15 03:29:50', 0, '157.55.39.10', 'Cierre de Sesion Forzado'),
(924, '2025-02-15 03:46:34', 0, '40.77.189.144', 'Cierre de Sesion Forzado'),
(925, '2025-02-15 05:02:50', 0, '52.167.144.145', 'Cierre de Sesion Forzado'),
(926, '2025-02-15 05:25:58', 0, '52.167.144.167', 'Cierre de Sesion Forzado'),
(927, '2025-02-15 05:42:29', 0, '52.167.144.20', 'Cierre de Sesion Forzado'),
(928, '2025-02-15 07:35:06', 0, '40.77.167.38', 'Cierre de Sesion Forzado'),
(929, '2025-02-15 08:31:05', 0, '207.46.13.157', 'Cierre de Sesion Forzado'),
(930, '2025-02-15 08:37:09', 0, '207.46.13.157', 'Cierre de Sesion Forzado'),
(931, '2025-02-15 09:56:42', 0, '52.167.144.172', 'Cierre de Sesion Forzado'),
(932, '2025-02-15 10:16:36', 0, '207.46.13.31', 'Cierre de Sesion Forzado'),
(933, '2025-02-15 10:34:25', 0, '40.77.167.79', 'Cierre de Sesion Forzado'),
(934, '2025-02-15 10:52:40', 0, '52.167.144.25', 'Cierre de Sesion Forzado'),
(935, '2025-02-15 12:02:09', 0, '40.77.167.77', 'Cierre de Sesion Forzado'),
(936, '2025-02-15 12:19:23', 0, '40.77.167.143', 'Cierre de Sesion Forzado'),
(937, '2025-02-15 12:20:01', 0, '207.46.13.156', 'Cierre de Sesion Forzado'),
(938, '2025-02-15 12:52:11', 0, '40.77.167.19', 'Cierre de Sesion Forzado'),
(939, '2025-02-15 14:19:36', 0, '157.55.39.9', 'Cierre de Sesion Forzado'),
(940, '2025-02-15 14:33:09', 0, '40.77.167.32', 'Cierre de Sesion Forzado'),
(941, '2025-02-15 14:50:38', 0, '52.167.144.17', 'Cierre de Sesion Forzado'),
(942, '2025-02-15 14:57:09', 0, '40.77.167.42', 'Cierre de Sesion Forzado'),
(943, '2025-02-15 15:50:46', 1, '181.115.6.53', 'Ingreso al modulo Dashboard'),
(944, '2025-02-15 15:51:09', 1, '181.115.6.53', 'Ingreso al modulo Cuentas Cuentas Contabilidad'),
(945, '2025-02-15 15:51:15', 1, '181.115.6.53', 'Ingreso al modulo Cuentas por Cobrar Clientes'),
(946, '2025-02-15 15:55:58', 1, '181.115.6.53', 'Ingreso al modulo Cuentas por Cobrar Clientes'),
(947, '2025-02-15 15:57:17', 1, '181.115.6.53', 'Cierre de Sesion'),
(948, '2025-02-15 17:08:25', 0, '157.55.39.11', 'Cierre de Sesion Forzado'),
(949, '2025-02-15 17:14:29', 0, '40.77.167.121', 'Cierre de Sesion Forzado'),
(950, '2025-02-15 17:23:31', 0, '207.46.13.111', 'Cierre de Sesion Forzado'),
(951, '2025-02-15 18:36:33', 0, '52.167.144.184', 'Cierre de Sesion Forzado'),
(952, '2025-02-15 18:41:16', 0, '157.55.39.9', 'Cierre de Sesion Forzado'),
(953, '2025-02-15 21:13:23', 0, '207.46.13.157', 'Cierre de Sesion Forzado'),
(954, '2025-02-15 21:22:39', 0, '40.77.167.32', 'Cierre de Sesion Forzado'),
(955, '2025-02-16 01:51:14', 0, '52.167.144.145', 'Cierre de Sesion Forzado'),
(956, '2025-02-16 03:19:00', 0, '52.167.144.22', 'Cierre de Sesion Forzado'),
(957, '2025-02-16 03:47:09', 0, '207.46.13.128', 'Cierre de Sesion Forzado'),
(958, '2025-02-16 06:43:19', 0, '157.55.39.11', 'Cierre de Sesion Forzado'),
(959, '2025-02-16 06:50:56', 0, '157.55.39.56', 'Cierre de Sesion Forzado'),
(960, '2025-02-16 10:11:22', 0, '190.124.23.158', 'Cierre de Sesion Forzado'),
(961, '2025-02-16 10:11:24', 0, '190.124.23.158', 'Cierre de Sesion Forzado'),
(962, '2025-02-16 10:27:46', 0, '207.46.13.107', 'Cierre de Sesion Forzado'),
(963, '2025-02-16 13:43:07', 0, '52.167.144.184', 'Cierre de Sesion Forzado'),
(964, '2025-02-16 14:12:41', 0, '40.77.167.30', 'Cierre de Sesion Forzado'),
(965, '2025-02-16 15:25:36', 0, '207.46.13.107', 'Cierre de Sesion Forzado'),
(966, '2025-02-16 16:13:03', 0, '52.167.144.175', 'Cierre de Sesion Forzado'),
(967, '2025-02-16 16:14:08', 0, '52.167.144.175', 'Cierre de Sesion Forzado'),
(968, '2025-02-16 17:11:52', 0, '157.55.39.11', 'Cierre de Sesion Forzado'),
(969, '2025-02-16 18:14:30', 0, '40.77.167.54', 'Cierre de Sesion Forzado'),
(970, '2025-02-16 18:50:45', 0, '207.46.13.128', 'Cierre de Sesion Forzado'),
(971, '2025-02-16 19:54:38', 0, '40.77.167.46', 'Cierre de Sesion Forzado'),
(972, '2025-02-16 20:41:00', 0, '40.77.167.159', 'Cierre de Sesion Forzado'),
(973, '2025-02-16 21:04:07', 0, '52.167.144.215', 'Cierre de Sesion Forzado'),
(974, '2025-02-16 21:13:30', 0, '207.46.13.126', 'Cierre de Sesion Forzado'),
(975, '2025-02-17 00:20:35', 0, '157.55.39.195', 'Cierre de Sesion Forzado'),
(976, '2025-02-17 01:31:30', 0, '157.55.39.15', 'Cierre de Sesion Forzado'),
(977, '2025-02-17 01:54:43', 0, '52.167.144.17', 'Cierre de Sesion Forzado'),
(978, '2025-02-17 02:04:08', 0, '52.167.144.164', 'Cierre de Sesion Forzado'),
(979, '2025-02-17 02:12:21', 0, '157.55.39.205', 'Cierre de Sesion Forzado'),
(980, '2025-02-17 03:51:26', 0, '40.77.167.33', 'Cierre de Sesion Forzado'),
(981, '2025-02-17 03:54:43', 0, '40.77.167.33', 'Cierre de Sesion Forzado'),
(982, '2025-02-17 04:08:07', 0, '40.77.189.6', 'Cierre de Sesion Forzado'),
(983, '2025-02-17 04:27:26', 0, '40.77.167.155', 'Cierre de Sesion Forzado'),
(984, '2025-02-17 06:11:01', 0, '157.55.39.195', 'Cierre de Sesion Forzado'),
(985, '2025-02-17 06:57:43', 0, '207.46.13.157', 'Cierre de Sesion Forzado'),
(986, '2025-02-17 08:46:17', 0, '40.77.167.55', 'Cierre de Sesion Forzado'),
(987, '2025-02-17 08:48:25', 0, '207.46.13.31', 'Cierre de Sesion Forzado'),
(988, '2025-02-17 08:50:22', 0, '207.46.13.31', 'Cierre de Sesion Forzado'),
(989, '2025-02-17 09:09:25', 0, '52.167.144.136', 'Cierre de Sesion Forzado'),
(990, '2025-02-17 09:20:09', 0, '157.55.39.52', 'Cierre de Sesion Forzado'),
(991, '2025-02-17 09:41:45', 0, '52.167.144.186', 'Cierre de Sesion Forzado'),
(992, '2025-02-17 10:03:16', 0, '157.55.39.52', 'Cierre de Sesion Forzado'),
(993, '2025-02-17 10:07:12', 0, '40.77.167.78', 'Cierre de Sesion Forzado'),
(994, '2025-02-17 10:42:35', 0, '207.46.13.160', 'Cierre de Sesion Forzado'),
(995, '2025-02-17 12:25:56', 0, '157.55.39.15', 'Cierre de Sesion Forzado'),
(996, '2025-02-17 12:39:16', 0, '207.46.13.92', 'Cierre de Sesion Forzado'),
(997, '2025-02-17 12:49:32', 0, '207.46.13.111', 'Cierre de Sesion Forzado'),
(998, '2025-02-17 13:30:12', 0, '207.46.13.155', 'Cierre de Sesion Forzado'),
(999, '2025-02-17 14:14:45', 0, '207.46.13.155', 'Cierre de Sesion Forzado'),
(1000, '2025-02-17 14:18:19', 0, '52.167.144.140', 'Cierre de Sesion Forzado'),
(1001, '2025-02-17 14:41:33', 0, '181.115.63.181', 'Cierre de Sesion Forzado'),
(1002, '2025-02-17 14:41:36', 0, '181.115.63.181', 'Cierre de Sesion Forzado'),
(1003, '2025-02-17 14:41:40', 0, '181.115.63.181', 'Cierre de Sesion'),
(1004, '2025-02-17 14:45:28', 0, '52.167.144.157', 'Cierre de Sesion Forzado'),
(1005, '2025-02-17 14:55:44', 0, '181.115.63.85', 'Cierre de Sesion Forzado'),
(1006, '2025-02-17 14:55:46', 0, '181.115.63.85', 'Cierre de Sesion Forzado'),
(1007, '2025-02-17 14:55:47', 0, '181.115.63.85', 'Cierre de Sesion Forzado'),
(1008, '2025-02-17 15:08:36', 0, '40.77.167.151', 'Cierre de Sesion Forzado'),
(1009, '2025-02-17 15:40:28', 1, '170.83.119.131', 'Ingreso al modulo Dashboard'),
(1010, '2025-02-17 15:40:53', 1, '170.83.119.131', 'Ingreso al modulo Cuentas Cuentas Contabilidad'),
(1011, '2025-02-17 15:42:45', 1, '170.83.119.131', 'Ingreso al modulo Empresas'),
(1012, '2025-02-17 15:45:51', 1, '170.83.119.131', 'Ingreso al modulo Gastos Contabilidad'),
(1013, '2025-02-17 15:46:20', 1, '170.83.119.131', 'Ingreso al modulo Gastos Contabilidad'),
(1014, '2025-02-17 15:46:43', 1, '170.83.119.131', 'Ingreso al modulo Proveedores'),
(1015, '2025-02-17 15:47:01', 1, '170.83.119.131', 'Ingreso al modulo Gastos Contabilidad'),
(1016, '2025-02-17 15:55:41', 0, '40.77.167.54', 'Cierre de Sesion Forzado'),
(1017, '2025-02-17 16:02:28', 0, '40.77.167.54', 'Cierre de Sesion Forzado'),
(1018, '2025-02-17 16:14:12', 1, '170.83.119.131', 'Cierre de Sesion'),
(1019, '2025-02-17 16:15:55', 0, '40.77.167.11', 'Cierre de Sesion Forzado'),
(1020, '2025-02-17 16:18:44', 1, '170.83.119.131', 'Ingreso al modulo Dashboard'),
(1021, '2025-02-17 16:18:50', 1, '170.83.119.131', 'Ingreso al modulo Cuentas Cuentas Contabilidad'),
(1022, '2025-02-17 16:18:54', 1, '170.83.119.131', 'Ingreso al modulo Gastos Contabilidad'),
(1023, '2025-02-17 16:22:10', 1, '170.83.119.131', 'Ingreso al modulo Reporte de Ventas'),
(1024, '2025-02-17 16:24:26', 1, '170.83.119.131', 'Ingreso al modulo Cuentas por Pagar Proveedores'),
(1025, '2025-02-17 16:24:28', 1, '170.83.119.131', 'Ingreso al modulo Cuentas por Cobrar Clientes'),
(1026, '2025-02-17 16:24:48', 1, '170.83.119.131', 'Ingreso al modulo Ingresos Contabilidad'),
(1027, '2025-02-17 16:25:05', 0, '52.167.144.202', 'Cierre de Sesion Forzado'),
(1028, '2025-02-17 16:25:57', 1, '170.83.119.131', 'Ingreso al modulo Cuentas por Cobrar Clientes'),
(1029, '2025-02-17 16:26:35', 1, '170.83.119.131', 'Ingreso al modulo Cuentas por Cobrar Clientes'),
(1030, '2025-02-17 16:32:06', 1, '170.83.119.131', 'Ingreso al modulo Cuentas por Cobrar Clientes'),
(1031, '2025-02-17 16:32:10', 1, '170.83.119.131', 'Ingreso al modulo Reporte de Ventas'),
(1032, '2025-02-17 16:34:29', 1, '170.83.119.131', 'Ingreso al modulo Dashboard'),
(1033, '2025-02-17 16:36:49', 1, '170.83.119.131', 'Cierre de Sesion'),
(1034, '2025-02-17 18:33:40', 0, '52.167.144.202', 'Cierre de Sesion Forzado'),
(1035, '2025-02-17 18:48:14', 0, '207.46.13.7', 'Cierre de Sesion Forzado'),
(1036, '2025-02-17 19:08:19', 0, '40.77.167.78', 'Cierre de Sesion Forzado'),
(1037, '2025-02-17 19:20:03', 0, '40.77.167.17', 'Cierre de Sesion Forzado'),
(1038, '2025-02-17 20:08:13', 0, '52.167.144.169', 'Cierre de Sesion Forzado'),
(1039, '2025-02-17 21:11:04', 0, '80.80.91.120', 'Cierre de Sesion Forzado'),
(1040, '2025-02-17 21:24:28', 0, '40.77.167.1', 'Cierre de Sesion Forzado'),
(1041, '2025-02-17 21:56:16', 0, '52.167.144.162', 'Cierre de Sesion Forzado'),
(1042, '2025-02-17 22:23:40', 0, '157.55.39.58', 'Cierre de Sesion Forzado'),
(1043, '2025-02-17 22:44:39', 0, '52.167.144.234', 'Cierre de Sesion Forzado'),
(1044, '2025-02-17 23:14:19', 0, '52.167.144.191', 'Cierre de Sesion Forzado'),
(1045, '2025-02-17 23:33:15', 0, '40.77.167.6', 'Cierre de Sesion Forzado'),
(1046, '2025-02-17 23:42:46', 0, '40.77.167.155', 'Cierre de Sesion Forzado'),
(1047, '2025-02-18 00:38:18', 0, '40.77.167.155', 'Cierre de Sesion Forzado'),
(1048, '2025-02-18 02:05:59', 0, '52.167.144.202', 'Cierre de Sesion Forzado'),
(1049, '2025-02-18 02:10:37', 0, '40.77.167.70', 'Cierre de Sesion Forzado'),
(1050, '2025-02-18 02:36:55', 0, '40.77.167.70', 'Cierre de Sesion Forzado'),
(1051, '2025-02-18 03:09:26', 0, '52.167.144.163', 'Cierre de Sesion Forzado'),
(1052, '2025-02-18 06:21:58', 0, '40.77.167.45', 'Cierre de Sesion Forzado'),
(1053, '2025-02-18 06:42:33', 0, '157.55.39.10', 'Cierre de Sesion Forzado'),
(1054, '2025-02-18 06:46:42', 0, '52.167.144.140', 'Cierre de Sesion Forzado'),
(1055, '2025-02-18 07:10:36', 0, '52.167.144.174', 'Cierre de Sesion Forzado'),
(1056, '2025-02-18 07:20:28', 0, '52.167.144.156', 'Cierre de Sesion Forzado'),
(1057, '2025-02-18 09:17:26', 0, '52.167.144.158', 'Cierre de Sesion Forzado'),
(1058, '2025-02-18 09:19:51', 0, '52.167.144.162', 'Cierre de Sesion Forzado'),
(1059, '2025-02-18 12:18:22', 0, '52.167.144.145', 'Cierre de Sesion Forzado'),
(1060, '2025-02-18 12:53:54', 0, '40.77.167.61', 'Cierre de Sesion Forzado'),
(1061, '2025-02-18 13:39:55', 0, '40.77.167.121', 'Cierre de Sesion Forzado'),
(1062, '2025-02-18 13:56:12', 0, '40.77.189.163', 'Cierre de Sesion Forzado'),
(1063, '2025-02-18 14:57:26', 0, '157.55.39.9', 'Cierre de Sesion Forzado'),
(1064, '2025-02-18 15:52:01', 0, '52.167.144.140', 'Cierre de Sesion Forzado'),
(1065, '2025-02-18 16:45:38', 0, '40.77.167.1', 'Cierre de Sesion Forzado'),
(1066, '2025-02-18 17:02:45', 0, '52.167.144.238', 'Cierre de Sesion Forzado'),
(1067, '2025-02-18 18:26:32', 0, '40.77.167.78', 'Cierre de Sesion Forzado'),
(1068, '2025-02-18 19:34:19', 0, '157.55.39.205', 'Cierre de Sesion Forzado'),
(1069, '2025-02-18 19:50:42', 0, '40.77.167.34', 'Cierre de Sesion Forzado'),
(1070, '2025-02-18 22:22:24', 0, '207.46.13.156', 'Cierre de Sesion Forzado'),
(1071, '2025-02-19 02:07:18', 0, '52.167.144.25', 'Cierre de Sesion Forzado'),
(1072, '2025-02-19 02:31:50', 0, '157.55.39.10', 'Cierre de Sesion Forzado'),
(1073, '2025-02-19 04:05:09', 0, '40.77.167.14', 'Cierre de Sesion Forzado'),
(1074, '2025-02-19 04:18:02', 0, '52.167.144.157', 'Cierre de Sesion Forzado'),
(1075, '2025-02-19 04:20:08', 0, '52.167.144.213', 'Cierre de Sesion Forzado'),
(1076, '2025-02-19 06:37:06', 0, '40.77.167.4', 'Cierre de Sesion Forzado'),
(1077, '2025-02-19 08:02:36', 0, '52.167.144.23', 'Cierre de Sesion Forzado'),
(1078, '2025-02-19 08:17:53', 0, '40.77.167.34', 'Cierre de Sesion Forzado'),
(1079, '2025-02-19 08:48:03', 0, '40.77.167.20', 'Cierre de Sesion Forzado'),
(1080, '2025-02-19 09:03:01', 0, '52.167.144.234', 'Cierre de Sesion Forzado'),
(1081, '2025-02-19 09:30:41', 0, '40.77.167.159', 'Cierre de Sesion Forzado'),
(1082, '2025-02-19 11:57:44', 0, '52.167.144.163', 'Cierre de Sesion Forzado'),
(1083, '2025-02-19 12:15:16', 0, '52.167.144.218', 'Cierre de Sesion Forzado'),
(1084, '2025-02-19 12:32:03', 0, '52.167.144.203', 'Cierre de Sesion Forzado'),
(1085, '2025-02-19 12:37:52', 0, '52.167.144.234', 'Cierre de Sesion Forzado'),
(1086, '2025-02-19 12:48:19', 0, '52.167.144.210', 'Cierre de Sesion Forzado'),
(1087, '2025-02-19 13:01:33', 0, '40.77.167.53', 'Cierre de Sesion Forzado'),
(1088, '2025-02-19 13:16:07', 0, '52.167.144.225', 'Cierre de Sesion Forzado'),
(1089, '2025-02-19 13:25:26', 0, '52.167.144.193', 'Cierre de Sesion Forzado'),
(1090, '2025-02-19 14:12:54', 0, '52.167.144.229', 'Cierre de Sesion Forzado'),
(1091, '2025-02-19 14:12:54', 0, '52.167.144.229', 'Cierre de Sesion Forzado'),
(1092, '2025-02-19 14:29:22', 0, '40.77.167.55', 'Cierre de Sesion Forzado'),
(1093, '2025-02-19 14:56:22', 0, '40.77.190.83', 'Cierre de Sesion Forzado'),
(1094, '2025-02-19 15:19:37', 0, '52.167.144.218', 'Cierre de Sesion Forzado'),
(1095, '2025-02-19 15:38:30', 0, '40.77.167.33', 'Cierre de Sesion Forzado'),
(1096, '2025-02-19 16:17:14', 0, '40.77.167.158', 'Cierre de Sesion Forzado'),
(1097, '2025-02-19 16:18:48', 0, '52.167.144.218', 'Cierre de Sesion Forzado'),
(1098, '2025-02-19 16:18:49', 0, '52.167.144.218', 'Cierre de Sesion Forzado'),
(1099, '2025-02-19 17:22:55', 0, '52.167.144.162', 'Cierre de Sesion Forzado'),
(1100, '2025-02-19 17:30:24', 0, '52.167.144.138', 'Cierre de Sesion Forzado'),
(1101, '2025-02-19 17:37:37', 0, '52.167.144.196', 'Cierre de Sesion Forzado'),
(1102, '2025-02-19 17:58:40', 0, '40.77.167.48', 'Cierre de Sesion Forzado'),
(1103, '2025-02-19 21:05:45', 0, '40.77.167.62', 'Cierre de Sesion Forzado'),
(1104, '2025-02-19 21:51:57', 0, '40.77.190.134', 'Cierre de Sesion Forzado'),
(1105, '2025-02-19 21:55:06', 0, '52.167.144.162', 'Cierre de Sesion Forzado'),
(1106, '2025-02-19 22:57:07', 0, '207.46.13.54', 'Cierre de Sesion Forzado'),
(1107, '2025-02-19 23:54:28', 0, '157.55.39.57', 'Cierre de Sesion Forzado'),
(1108, '2025-02-20 02:30:57', 0, '40.77.167.34', 'Cierre de Sesion Forzado'),
(1109, '2025-02-20 03:20:28', 0, '40.77.167.45', 'Cierre de Sesion Forzado'),
(1110, '2025-02-20 03:20:28', 0, '40.77.167.45', 'Cierre de Sesion Forzado'),
(1111, '2025-02-20 03:20:28', 0, '40.77.167.45', 'Cierre de Sesion Forzado'),
(1112, '2025-02-20 03:20:29', 0, '40.77.167.45', 'Cierre de Sesion Forzado'),
(1113, '2025-02-20 05:21:15', 0, '40.77.167.30', 'Cierre de Sesion Forzado'),
(1114, '2025-02-20 05:30:21', 0, '40.77.167.224', 'Cierre de Sesion Forzado'),
(1115, '2025-02-20 05:38:27', 0, '40.77.167.2', 'Cierre de Sesion Forzado'),
(1116, '2025-02-20 06:17:01', 0, '52.167.144.156', 'Cierre de Sesion Forzado'),
(1117, '2025-02-20 07:01:08', 0, '40.77.167.75', 'Cierre de Sesion Forzado'),
(1118, '2025-02-20 07:26:15', 0, '40.77.167.65', 'Cierre de Sesion Forzado'),
(1119, '2025-02-20 08:07:24', 0, '40.77.167.21', 'Cierre de Sesion Forzado'),
(1120, '2025-02-20 09:15:04', 0, '170.80.143.8', 'Cierre de Sesion Forzado'),
(1121, '2025-02-20 09:15:08', 0, '170.80.143.8', 'Cierre de Sesion Forzado'),
(1122, '2025-02-20 09:17:10', 0, '40.77.167.73', 'Cierre de Sesion Forzado'),
(1123, '2025-02-20 09:44:34', 0, '40.77.167.55', 'Cierre de Sesion Forzado'),
(1124, '2025-02-20 09:58:11', 0, '40.77.167.17', 'Cierre de Sesion Forzado'),
(1125, '2025-02-20 10:37:03', 0, '40.77.167.143', 'Cierre de Sesion Forzado'),
(1126, '2025-02-20 10:40:41', 0, '190.124.23.158', 'Cierre de Sesion Forzado'),
(1127, '2025-02-20 10:40:43', 0, '190.124.23.158', 'Cierre de Sesion Forzado'),
(1128, '2025-02-20 11:25:57', 0, '52.167.144.218', 'Cierre de Sesion Forzado'),
(1129, '2025-02-20 12:36:34', 0, '40.77.167.4', 'Cierre de Sesion Forzado'),
(1130, '2025-02-20 13:03:48', 0, '40.77.167.21', 'Cierre de Sesion Forzado'),
(1131, '2025-02-20 13:13:51', 0, '52.167.144.221', 'Cierre de Sesion Forzado'),
(1132, '2025-02-20 14:30:39', 0, '40.77.167.255', 'Cierre de Sesion Forzado'),
(1133, '2025-02-20 15:04:06', 0, '52.167.144.228', 'Cierre de Sesion Forzado'),
(1134, '2025-02-20 15:21:06', 0, '40.77.188.177', 'Cierre de Sesion Forzado'),
(1135, '2025-02-20 16:11:55', 0, '40.77.167.158', 'Cierre de Sesion Forzado'),
(1136, '2025-02-20 16:11:55', 0, '40.77.167.158', 'Cierre de Sesion Forzado'),
(1137, '2025-02-20 18:10:07', 0, '52.167.144.164', 'Cierre de Sesion Forzado'),
(1138, '2025-02-20 19:46:05', 0, '52.167.144.158', 'Cierre de Sesion Forzado'),
(1139, '2025-02-20 19:46:05', 0, '52.167.144.158', 'Cierre de Sesion Forzado'),
(1140, '2025-02-20 19:46:06', 0, '52.167.144.158', 'Cierre de Sesion Forzado'),
(1141, '2025-02-20 19:46:06', 0, '52.167.144.158', 'Cierre de Sesion Forzado'),
(1142, '2025-02-20 21:13:56', 0, '52.167.144.207', 'Cierre de Sesion Forzado'),
(1143, '2025-02-20 22:34:26', 0, '40.77.167.156', 'Cierre de Sesion Forzado'),
(1144, '2025-02-20 23:17:39', 0, '40.77.167.48', 'Cierre de Sesion Forzado'),
(1145, '2025-02-21 00:03:20', 0, '40.77.167.155', 'Cierre de Sesion Forzado'),
(1146, '2025-02-21 00:08:41', 0, '40.77.167.230', 'Cierre de Sesion Forzado'),
(1147, '2025-02-21 02:53:49', 0, '52.167.144.138', 'Cierre de Sesion Forzado'),
(1148, '2025-02-21 03:41:57', 0, '52.167.144.206', 'Cierre de Sesion Forzado'),
(1149, '2025-02-21 04:09:11', 0, '52.167.144.19', 'Cierre de Sesion Forzado'),
(1150, '2025-02-21 04:25:26', 0, '40.77.188.248', 'Cierre de Sesion Forzado'),
(1151, '2025-02-21 05:36:01', 0, '40.77.167.38', 'Cierre de Sesion Forzado'),
(1152, '2025-02-21 06:36:13', 0, '40.77.167.4', 'Cierre de Sesion Forzado'),
(1153, '2025-02-21 07:37:49', 0, '40.77.167.57', 'Cierre de Sesion Forzado'),
(1154, '2025-02-21 08:12:32', 0, '40.77.167.1', 'Cierre de Sesion Forzado'),
(1155, '2025-02-21 08:31:19', 0, '40.77.167.64', 'Cierre de Sesion Forzado'),
(1156, '2025-02-21 09:18:10', 0, '40.77.167.42', 'Cierre de Sesion Forzado'),
(1157, '2025-02-21 10:18:57', 0, '52.167.144.164', 'Cierre de Sesion Forzado'),
(1158, '2025-02-21 10:20:20', 0, '52.167.144.212', 'Cierre de Sesion Forzado'),
(1159, '2025-02-21 10:34:13', 0, '40.77.190.5', 'Cierre de Sesion Forzado'),
(1160, '2025-02-21 11:07:56', 0, '40.77.167.55', 'Cierre de Sesion Forzado'),
(1161, '2025-02-21 11:24:57', 0, '52.167.144.222', 'Cierre de Sesion Forzado'),
(1162, '2025-02-21 11:34:51', 0, '52.167.144.140', 'Cierre de Sesion Forzado'),
(1163, '2025-02-21 11:53:56', 0, '52.167.144.193', 'Cierre de Sesion Forzado'),
(1164, '2025-02-21 12:29:07', 0, '40.77.167.72', 'Cierre de Sesion Forzado'),
(1165, '2025-02-21 15:36:48', 0, '40.77.167.7', 'Cierre de Sesion Forzado'),
(1166, '2025-02-21 16:07:41', 0, '52.167.144.235', 'Cierre de Sesion Forzado'),
(1167, '2025-02-21 16:27:11', 0, '40.77.167.3', 'Cierre de Sesion Forzado'),
(1168, '2025-02-21 17:06:29', 0, '40.77.167.46', 'Cierre de Sesion Forzado'),
(1169, '2025-02-21 17:43:17', 0, '40.77.167.55', 'Cierre de Sesion Forzado'),
(1170, '2025-02-21 17:47:57', 0, '40.77.167.42', 'Cierre de Sesion Forzado'),
(1171, '2025-02-21 18:04:10', 0, '52.167.144.222', 'Cierre de Sesion Forzado'),
(1172, '2025-02-21 18:10:52', 0, '40.77.167.43', 'Cierre de Sesion Forzado'),
(1173, '2025-02-21 18:20:15', 0, '40.77.167.78', 'Cierre de Sesion Forzado'),
(1174, '2025-02-21 18:23:20', 0, '40.77.167.78', 'Cierre de Sesion Forzado'),
(1175, '2025-02-21 18:24:40', 0, '52.167.144.175', 'Cierre de Sesion Forzado'),
(1176, '2025-02-21 18:42:56', 0, '40.77.190.126', 'Cierre de Sesion Forzado'),
(1177, '2025-02-21 18:52:04', 0, '52.167.144.196', 'Cierre de Sesion Forzado'),
(1178, '2025-02-21 18:53:19', 0, '40.77.167.1', 'Cierre de Sesion Forzado'),
(1179, '2025-02-21 20:43:37', 0, '52.167.144.205', 'Cierre de Sesion Forzado'),
(1180, '2025-02-21 21:31:46', 0, '40.77.167.71', 'Cierre de Sesion Forzado'),
(1181, '2025-02-21 21:37:54', 0, '40.77.167.48', 'Cierre de Sesion Forzado'),
(1182, '2025-02-21 22:45:59', 0, '52.167.144.145', 'Cierre de Sesion Forzado'),
(1183, '2025-02-22 00:11:22', 0, '52.167.144.238', 'Cierre de Sesion Forzado'),
(1184, '2025-02-22 00:13:08', 0, '40.77.167.45', 'Cierre de Sesion Forzado'),
(1185, '2025-02-22 00:30:20', 0, '40.77.167.78', 'Cierre de Sesion Forzado'),
(1186, '2025-02-22 00:52:49', 0, '52.167.144.238', 'Cierre de Sesion Forzado'),
(1187, '2025-02-22 01:37:59', 0, '52.167.144.203', 'Cierre de Sesion Forzado'),
(1188, '2025-02-22 01:42:52', 0, '40.77.167.32', 'Cierre de Sesion Forzado'),
(1189, '2025-02-22 01:58:33', 0, '40.77.167.17', 'Cierre de Sesion Forzado'),
(1190, '2025-02-22 02:34:01', 0, '52.167.144.149', 'Cierre de Sesion Forzado'),
(1191, '2025-02-22 02:51:36', 0, '52.167.144.17', 'Cierre de Sesion Forzado'),
(1192, '2025-02-22 03:17:30', 0, '52.167.144.191', 'Cierre de Sesion Forzado'),
(1193, '2025-02-22 03:33:43', 0, '40.77.188.164', 'Cierre de Sesion Forzado'),
(1194, '2025-02-22 03:48:07', 0, '52.167.144.216', 'Cierre de Sesion Forzado'),
(1195, '2025-02-22 04:48:50', 0, '40.77.167.68', 'Cierre de Sesion Forzado'),
(1196, '2025-02-22 07:05:49', 0, '40.77.167.159', 'Cierre de Sesion Forzado'),
(1197, '2025-02-22 07:23:49', 0, '40.77.167.48', 'Cierre de Sesion Forzado'),
(1198, '2025-02-22 07:51:29', 0, '40.77.167.11', 'Cierre de Sesion Forzado'),
(1199, '2025-02-22 09:12:52', 0, '40.77.167.156', 'Cierre de Sesion Forzado'),
(1200, '2025-02-22 09:20:50', 0, '52.167.144.216', 'Cierre de Sesion Forzado'),
(1201, '2025-02-22 10:20:03', 0, '40.77.167.55', 'Cierre de Sesion Forzado'),
(1202, '2025-02-22 10:23:26', 0, '40.77.167.243', 'Cierre de Sesion Forzado'),
(1203, '2025-02-22 11:20:39', 0, '40.77.167.43', 'Cierre de Sesion Forzado'),
(1204, '2025-02-22 11:21:12', 0, '52.167.144.150', 'Cierre de Sesion Forzado'),
(1205, '2025-02-22 11:45:00', 0, '40.77.167.8', 'Cierre de Sesion Forzado'),
(1206, '2025-02-22 11:52:49', 0, '40.77.167.33', 'Cierre de Sesion Forzado'),
(1207, '2025-02-22 11:54:00', 0, '40.77.167.50', 'Cierre de Sesion Forzado'),
(1208, '2025-02-22 12:07:02', 0, '52.167.144.222', 'Cierre de Sesion Forzado'),
(1209, '2025-02-22 12:17:18', 0, '52.167.144.19', 'Cierre de Sesion Forzado'),
(1210, '2025-02-22 12:39:20', 0, '40.77.167.2', 'Cierre de Sesion Forzado'),
(1211, '2025-02-22 13:18:46', 0, '52.167.144.230', 'Cierre de Sesion Forzado'),
(1212, '2025-02-22 13:52:30', 0, '40.77.190.111', 'Cierre de Sesion Forzado'),
(1213, '2025-02-22 14:51:25', 0, '52.167.144.162', 'Cierre de Sesion Forzado'),
(1214, '2025-02-22 16:01:26', 0, '52.167.144.184', 'Cierre de Sesion Forzado'),
(1215, '2025-02-22 17:09:25', 0, '40.77.167.20', 'Cierre de Sesion Forzado'),
(1216, '2025-02-22 17:51:31', 0, '52.167.144.228', 'Cierre de Sesion Forzado'),
(1217, '2025-02-22 18:12:00', 0, '40.77.167.241', 'Cierre de Sesion Forzado'),
(1218, '2025-02-22 18:28:18', 0, '40.77.190.100', 'Cierre de Sesion Forzado'),
(1219, '2025-02-22 20:30:08', 0, '40.77.167.159', 'Cierre de Sesion Forzado'),
(1220, '2025-02-22 20:43:07', 0, '52.167.144.238', 'Cierre de Sesion Forzado'),
(1221, '2025-02-22 21:23:36', 0, '40.77.167.48', 'Cierre de Sesion Forzado'),
(1222, '2025-02-22 22:40:39', 0, '40.77.167.17', 'Cierre de Sesion Forzado'),
(1223, '2025-02-23 01:11:23', 0, '52.167.144.205', 'Cierre de Sesion Forzado'),
(1224, '2025-02-23 01:12:33', 0, '52.167.144.205', 'Cierre de Sesion Forzado'),
(1225, '2025-02-23 01:57:25', 0, '52.167.144.149', 'Cierre de Sesion Forzado'),
(1226, '2025-02-23 03:47:27', 0, '52.167.144.216', 'Cierre de Sesion Forzado'),
(1227, '2025-02-23 03:58:09', 0, '52.167.144.136', 'Cierre de Sesion Forzado'),
(1228, '2025-02-23 04:51:56', 0, '52.167.144.157', 'Cierre de Sesion Forzado'),
(1229, '2025-02-23 05:07:23', 0, '40.77.167.78', 'Cierre de Sesion Forzado'),
(1230, '2025-02-23 06:37:29', 0, '52.167.144.149', 'Cierre de Sesion Forzado'),
(1231, '2025-02-23 07:42:35', 0, '40.77.167.243', 'Cierre de Sesion Forzado'),
(1232, '2025-02-23 08:09:05', 0, '52.167.144.185', 'Cierre de Sesion Forzado'),
(1233, '2025-02-23 08:21:03', 0, '40.77.167.143', 'Cierre de Sesion Forzado'),
(1234, '2025-02-23 09:52:53', 0, '52.167.144.137', 'Cierre de Sesion Forzado'),
(1235, '2025-02-23 12:59:41', 0, '40.77.167.38', 'Cierre de Sesion Forzado'),
(1236, '2025-02-23 14:31:39', 0, '52.167.144.219', 'Cierre de Sesion Forzado'),
(1237, '2025-02-23 14:46:50', 0, '52.167.144.142', 'Cierre de Sesion Forzado'),
(1238, '2025-02-23 15:01:51', 0, '52.167.144.193', 'Cierre de Sesion Forzado'),
(1239, '2025-02-23 15:31:51', 0, '40.77.167.159', 'Cierre de Sesion Forzado'),
(1240, '2025-02-23 18:13:57', 0, '40.77.167.78', 'Cierre de Sesion Forzado'),
(1241, '2025-02-23 18:13:57', 0, '40.77.167.78', 'Cierre de Sesion Forzado'),
(1242, '2025-02-23 18:13:58', 0, '40.77.167.78', 'Cierre de Sesion Forzado'),
(1243, '2025-02-23 19:02:31', 1, '170.83.119.131', 'Ingreso al modulo Dashboard'),
(1244, '2025-02-23 19:02:34', 1, '170.83.119.131', 'Ingreso al modulo Inventario'),
(1245, '2025-02-23 19:03:24', 1, '170.83.119.131', 'Ingreso al modulo Nomnas'),
(1246, '2025-02-23 19:03:24', 1, '170.83.119.131', 'Ingreso al modulo Nomna de Empleados'),
(1247, '2025-02-23 19:03:26', 1, '170.83.119.131', 'Ingreso al modulo Inventario'),
(1248, '2025-02-23 19:05:10', 0, '40.77.167.63', 'Cierre de Sesion Forzado'),
(1249, '2025-02-23 19:22:20', 1, '170.83.119.131', 'Cierre de Sesion'),
(1250, '2025-02-23 19:32:46', 0, '52.167.144.174', 'Cierre de Sesion Forzado'),
(1251, '2025-02-23 21:21:06', 0, '40.77.167.53', 'Cierre de Sesion Forzado'),
(1252, '2025-02-23 21:53:55', 0, '52.167.144.20', 'Cierre de Sesion Forzado'),
(1253, '2025-02-23 22:31:40', 0, '40.77.167.57', 'Cierre de Sesion Forzado'),
(1254, '2025-02-23 22:46:35', 0, '52.167.144.162', 'Cierre de Sesion Forzado'),
(1255, '2025-02-23 23:18:29', 0, '40.77.190.237', 'Cierre de Sesion Forzado'),
(1256, '2025-02-23 23:25:36', 0, '40.77.167.30', 'Cierre de Sesion Forzado'),
(1257, '2025-02-23 23:44:48', 0, '40.77.167.51', 'Cierre de Sesion Forzado'),
(1258, '2025-02-24 00:04:03', 0, '52.167.144.173', 'Cierre de Sesion Forzado'),
(1259, '2025-02-24 00:06:47', 0, '52.167.144.214', 'Cierre de Sesion Forzado'),
(1260, '2025-02-24 01:03:36', 0, '40.77.167.0', 'Cierre de Sesion Forzado'),
(1261, '2025-02-24 01:03:37', 0, '40.77.167.0', 'Cierre de Sesion Forzado'),
(1262, '2025-02-24 01:03:37', 0, '40.77.167.0', 'Cierre de Sesion Forzado'),
(1263, '2025-02-24 01:03:37', 0, '40.77.167.0', 'Cierre de Sesion Forzado'),
(1264, '2025-02-24 01:03:38', 0, '40.77.167.0', 'Cierre de Sesion Forzado'),
(1265, '2025-02-24 01:03:39', 0, '40.77.167.0', 'Cierre de Sesion Forzado'),
(1266, '2025-02-24 04:11:34', 0, '157.55.39.58', 'Cierre de Sesion Forzado'),
(1267, '2025-02-24 05:02:00', 0, '157.55.39.6', 'Cierre de Sesion Forzado'),
(1268, '2025-02-24 05:02:01', 0, '157.55.39.6', 'Cierre de Sesion Forzado'),
(1269, '2025-02-24 06:10:39', 1, '161.69.53.15', 'Ingreso al modulo Dashboard'),
(1270, '2025-02-24 06:10:59', 1, '161.69.53.15', 'Ingreso al modulo Empresas'),
(1271, '2025-02-24 06:15:50', 1, '161.69.53.15', 'Cierre de Sesion'),
(1272, '2025-02-24 06:45:44', 0, '157.55.39.54', 'Cierre de Sesion Forzado'),
(1273, '2025-02-24 06:49:35', 0, '207.46.13.168', 'Cierre de Sesion Forzado'),
(1274, '2025-02-24 06:49:36', 0, '207.46.13.168', 'Cierre de Sesion Forzado'),
(1275, '2025-02-24 06:53:32', 0, '40.77.167.154', 'Cierre de Sesion Forzado'),
(1276, '2025-02-24 09:05:07', 0, '190.124.23.167', 'Cierre de Sesion Forzado'),
(1277, '2025-02-24 09:05:09', 0, '190.124.23.167', 'Cierre de Sesion Forzado'),
(1278, '2025-02-24 09:17:35', 0, '157.55.39.202', 'Cierre de Sesion Forzado'),
(1279, '2025-02-24 11:13:58', 0, '157.55.39.10', 'Cierre de Sesion Forzado'),
(1280, '2025-02-24 11:38:28', 0, '157.55.39.16', 'Cierre de Sesion Forzado'),
(1281, '2025-02-24 12:36:56', 0, '52.167.144.158', 'Cierre de Sesion Forzado'),
(1282, '2025-02-24 12:52:40', 0, '207.46.13.160', 'Cierre de Sesion Forzado'),
(1283, '2025-02-24 12:59:40', 0, '207.46.13.126', 'Cierre de Sesion Forzado');
INSERT INTO `historial_acceso` (`historial_acceso_id`, `fecha`, `colaboradores_id`, `ip`, `acceso`) VALUES
(1284, '2025-02-24 13:21:20', 0, '157.55.39.48', 'Cierre de Sesion Forzado'),
(1285, '2025-02-24 15:24:05', 0, '157.55.39.63', 'Cierre de Sesion Forzado'),
(1286, '2025-02-24 15:59:09', 0, '157.55.39.58', 'Cierre de Sesion Forzado'),
(1287, '2025-02-24 16:00:42', 0, '157.55.39.197', 'Cierre de Sesion Forzado'),
(1288, '2025-02-24 16:00:43', 0, '157.55.39.197', 'Cierre de Sesion Forzado'),
(1289, '2025-02-24 16:00:43', 0, '157.55.39.197', 'Cierre de Sesion Forzado'),
(1290, '2025-02-24 16:21:39', 0, '157.55.39.54', 'Cierre de Sesion Forzado'),
(1291, '2025-02-24 16:21:41', 0, '157.55.39.54', 'Cierre de Sesion Forzado'),
(1292, '2025-02-24 16:25:49', 0, '157.55.39.57', 'Cierre de Sesion Forzado'),
(1293, '2025-02-24 16:33:32', 0, '190.224.16.68', 'Cierre de Sesion Forzado'),
(1294, '2025-02-24 16:33:35', 0, '190.224.16.68', 'Cierre de Sesion Forzado'),
(1295, '2025-02-24 17:06:10', 0, '157.55.39.63', 'Cierre de Sesion Forzado'),
(1296, '2025-02-24 18:13:49', 0, '157.55.39.13', 'Cierre de Sesion Forzado'),
(1297, '2025-02-24 18:36:53', 0, '207.46.13.54', 'Cierre de Sesion Forzado'),
(1298, '2025-02-24 19:41:11', 0, '207.46.13.160', 'Cierre de Sesion Forzado'),
(1299, '2025-02-24 20:12:10', 0, '157.55.39.58', 'Cierre de Sesion Forzado'),
(1300, '2025-02-24 22:47:13', 0, '52.167.144.18', 'Cierre de Sesion Forzado'),
(1301, '2025-02-25 03:31:22', 0, '207.46.13.157', 'Cierre de Sesion Forzado'),
(1302, '2025-02-25 03:39:24', 0, '40.77.167.254', 'Cierre de Sesion Forzado'),
(1303, '2025-02-25 05:17:40', 0, '52.167.144.24', 'Cierre de Sesion Forzado'),
(1304, '2025-02-25 05:43:21', 0, '207.46.13.124', 'Cierre de Sesion Forzado'),
(1305, '2025-02-25 06:03:10', 0, '207.46.13.151', 'Cierre de Sesion Forzado'),
(1306, '2025-02-25 11:08:24', 0, '52.167.144.192', 'Cierre de Sesion Forzado'),
(1307, '2025-02-25 11:08:25', 0, '52.167.144.192', 'Cierre de Sesion Forzado'),
(1308, '2025-02-25 11:29:51', 0, '52.167.144.228', 'Cierre de Sesion Forzado'),
(1309, '2025-02-25 12:49:30', 0, '157.55.39.54', 'Cierre de Sesion Forzado'),
(1310, '2025-02-25 12:56:12', 0, '52.167.144.235', 'Cierre de Sesion Forzado'),
(1311, '2025-02-25 13:48:18', 0, '52.167.144.190', 'Cierre de Sesion Forzado'),
(1312, '2025-02-25 15:16:15', 0, '40.77.167.53', 'Cierre de Sesion Forzado'),
(1313, '2025-02-25 15:44:39', 0, '157.55.39.9', 'Cierre de Sesion Forzado'),
(1314, '2025-02-25 15:44:40', 0, '157.55.39.9', 'Cierre de Sesion Forzado'),
(1315, '2025-02-25 15:53:32', 0, '20.15.133.174', 'Cierre de Sesion Forzado'),
(1316, '2025-02-25 17:14:18', 1, '170.83.119.131', 'Ingreso al modulo Dashboard'),
(1317, '2025-02-25 17:14:26', 1, '170.83.119.131', 'Ingreso al modulo Empresas'),
(1318, '2025-02-25 17:17:24', 1, '170.83.119.131', 'Cierre de Sesion'),
(1319, '2025-02-25 17:28:25', 0, '190.124.23.167', 'Cierre de Sesion Forzado'),
(1320, '2025-02-25 17:28:26', 0, '190.124.23.167', 'Cierre de Sesion Forzado'),
(1321, '2025-02-25 17:29:01', 0, '190.124.23.167', 'Cierre de Sesion Forzado'),
(1322, '2025-02-25 17:29:02', 0, '190.124.23.167', 'Cierre de Sesion Forzado'),
(1323, '2025-02-25 17:29:46', 1, '170.83.119.131', 'Ingreso al modulo Dashboard'),
(1324, '2025-02-25 17:29:51', 1, '170.83.119.131', 'Ingreso al modulo Cuentas por Cobrar Clientes'),
(1325, '2025-02-25 17:32:02', 0, '52.167.144.226', 'Cierre de Sesion Forzado'),
(1326, '2025-02-25 17:41:45', 1, '170.83.119.131', 'Cierre de Sesion'),
(1327, '2025-02-25 18:45:52', 0, '40.77.167.35', 'Cierre de Sesion Forzado'),
(1328, '2025-02-25 19:16:22', 0, '52.167.144.218', 'Cierre de Sesion Forzado'),
(1329, '2025-02-25 20:11:19', 0, '207.46.13.126', 'Cierre de Sesion Forzado'),
(1330, '2025-02-25 21:08:41', 0, '52.167.144.230', 'Cierre de Sesion Forzado'),
(1331, '2025-02-25 21:35:07', 0, '52.167.144.162', 'Cierre de Sesion Forzado'),
(1332, '2025-02-25 21:43:17', 0, '52.167.144.162', 'Cierre de Sesion Forzado'),
(1333, '2025-02-25 23:06:21', 0, '40.77.167.1', 'Cierre de Sesion Forzado'),
(1334, '2025-02-25 23:06:21', 0, '40.77.167.1', 'Cierre de Sesion Forzado'),
(1335, '2025-02-26 00:02:50', 0, '52.167.144.18', 'Cierre de Sesion Forzado'),
(1336, '2025-02-26 00:28:42', 0, '52.167.144.184', 'Cierre de Sesion Forzado'),
(1337, '2025-02-26 06:21:56', 0, '52.167.144.223', 'Cierre de Sesion Forzado'),
(1338, '2025-02-26 06:21:57', 0, '52.167.144.223', 'Cierre de Sesion Forzado'),
(1339, '2025-02-26 06:21:59', 0, '52.167.144.223', 'Cierre de Sesion Forzado'),
(1340, '2025-02-26 08:26:07', 0, '40.77.167.23', 'Cierre de Sesion Forzado'),
(1341, '2025-02-26 09:31:28', 0, '52.167.144.172', 'Cierre de Sesion Forzado'),
(1342, '2025-02-26 10:32:01', 0, '138.204.180.20', 'Cierre de Sesion Forzado'),
(1343, '2025-02-26 10:32:02', 0, '138.204.180.20', 'Cierre de Sesion Forzado'),
(1344, '2025-02-26 11:08:53', 0, '207.46.13.54', 'Cierre de Sesion Forzado'),
(1345, '2025-02-26 11:35:14', 1, '181.115.63.64', 'Ingreso al modulo Dashboard'),
(1346, '2025-02-26 11:37:07', 0, '40.77.167.241', 'Cierre de Sesion Forzado'),
(1347, '2025-02-26 11:40:39', 0, '40.77.167.241', 'Cierre de Sesion Forzado'),
(1348, '2025-02-26 12:29:44', 0, '157.55.39.48', 'Cierre de Sesion Forzado'),
(1349, '2025-02-26 14:08:03', 0, '40.77.167.48', 'Cierre de Sesion Forzado'),
(1350, '2025-02-26 14:54:23', 0, '52.167.144.181', 'Cierre de Sesion Forzado'),
(1351, '2025-02-26 15:10:45', 0, '40.77.202.43', 'Cierre de Sesion Forzado'),
(1352, '2025-02-26 15:37:07', 0, '40.77.167.48', 'Cierre de Sesion Forzado'),
(1353, '2025-02-26 15:37:08', 0, '40.77.167.48', 'Cierre de Sesion Forzado'),
(1354, '2025-02-26 17:23:05', 0, '40.77.167.158', 'Cierre de Sesion Forzado'),
(1355, '2025-02-26 17:23:06', 0, '40.77.167.158', 'Cierre de Sesion Forzado'),
(1356, '2025-02-26 17:53:03', 0, '40.77.167.0', 'Cierre de Sesion Forzado'),
(1357, '2025-02-26 17:53:04', 0, '40.77.167.0', 'Cierre de Sesion Forzado'),
(1358, '2025-02-26 18:59:12', 0, '40.77.167.63', 'Cierre de Sesion Forzado'),
(1359, '2025-02-26 18:59:12', 0, '40.77.167.63', 'Cierre de Sesion Forzado'),
(1360, '2025-02-26 18:59:13', 0, '40.77.167.63', 'Cierre de Sesion Forzado'),
(1361, '2025-02-26 20:40:14', 0, '40.77.167.3', 'Cierre de Sesion Forzado'),
(1362, '2025-02-27 00:07:47', 0, '52.167.144.172', 'Cierre de Sesion Forzado'),
(1363, '2025-02-27 00:11:08', 0, '157.55.39.16', 'Cierre de Sesion Forzado'),
(1364, '2025-02-27 01:22:45', 0, '52.167.144.202', 'Cierre de Sesion Forzado'),
(1365, '2025-02-27 02:41:29', 0, '52.167.144.139', 'Cierre de Sesion Forzado'),
(1366, '2025-02-27 03:21:40', 0, '52.167.144.230', 'Cierre de Sesion Forzado'),
(1367, '2025-02-27 05:26:07', 0, '52.167.144.205', 'Cierre de Sesion Forzado'),
(1368, '2025-02-27 05:26:07', 0, '52.167.144.205', 'Cierre de Sesion Forzado'),
(1369, '2025-02-27 07:46:09', 0, '40.77.167.47', 'Cierre de Sesion Forzado'),
(1370, '2025-02-27 07:46:10', 0, '40.77.167.47', 'Cierre de Sesion Forzado'),
(1371, '2025-02-27 11:10:12', 0, '40.77.167.48', 'Cierre de Sesion Forzado'),
(1372, '2025-02-27 11:10:12', 0, '40.77.167.48', 'Cierre de Sesion Forzado'),
(1373, '2025-02-27 12:13:54', 0, '52.167.144.138', 'Cierre de Sesion Forzado'),
(1374, '2025-02-27 12:13:54', 0, '52.167.144.138', 'Cierre de Sesion Forzado'),
(1375, '2025-02-27 13:07:18', 0, '52.167.144.186', 'Cierre de Sesion Forzado'),
(1376, '2025-02-27 13:07:47', 0, '52.167.144.186', 'Cierre de Sesion Forzado'),
(1377, '2025-02-27 15:15:04', 0, '181.115.5.69', 'Cierre de Sesion Forzado'),
(1378, '2025-02-27 15:15:07', 0, '181.115.5.69', 'Cierre de Sesion Forzado'),
(1379, '2025-02-27 15:15:09', 0, '181.115.5.69', 'Cierre de Sesion'),
(1380, '2025-02-27 17:25:41', 0, '181.115.5.69', 'Cierre de Sesion Forzado'),
(1381, '2025-02-27 17:25:43', 0, '181.115.5.69', 'Cierre de Sesion Forzado'),
(1382, '2025-02-27 18:55:41', 0, '52.167.144.231', 'Cierre de Sesion Forzado'),
(1383, '2025-02-27 18:55:42', 0, '52.167.144.231', 'Cierre de Sesion Forzado'),
(1384, '2025-02-27 18:55:42', 0, '52.167.144.231', 'Cierre de Sesion Forzado'),
(1385, '2025-02-27 20:31:45', 0, '40.77.167.116', 'Cierre de Sesion Forzado'),
(1386, '2025-02-27 21:59:34', 0, '52.167.144.222', 'Cierre de Sesion Forzado'),
(1387, '2025-02-27 23:17:54', 0, '52.167.144.218', 'Cierre de Sesion Forzado'),
(1388, '2025-02-27 23:17:55', 0, '52.167.144.218', 'Cierre de Sesion Forzado'),
(1389, '2025-02-28 03:01:49', 0, '52.167.144.138', 'Cierre de Sesion Forzado'),
(1390, '2025-02-28 03:45:34', 0, '52.167.144.196', 'Cierre de Sesion Forzado'),
(1391, '2025-02-28 03:45:35', 0, '52.167.144.196', 'Cierre de Sesion Forzado'),
(1392, '2025-02-28 04:07:30', 0, '52.167.144.214', 'Cierre de Sesion Forzado'),
(1393, '2025-02-28 06:06:38', 0, '40.77.167.23', 'Cierre de Sesion Forzado'),
(1394, '2025-02-28 07:52:10', 0, '52.167.144.176', 'Cierre de Sesion Forzado'),
(1395, '2025-02-28 09:58:30', 0, '52.167.144.196', 'Cierre de Sesion Forzado'),
(1396, '2025-02-28 09:58:31', 0, '52.167.144.196', 'Cierre de Sesion Forzado'),
(1397, '2025-02-28 09:58:31', 0, '52.167.144.196', 'Cierre de Sesion Forzado'),
(1398, '2025-02-28 12:46:32', 0, '190.124.23.180', 'Cierre de Sesion Forzado'),
(1399, '2025-02-28 12:46:33', 0, '190.124.23.180', 'Cierre de Sesion Forzado'),
(1400, '2025-02-28 13:02:19', 0, '52.167.144.194', 'Cierre de Sesion Forzado'),
(1401, '2025-02-28 14:23:21', 0, '40.77.167.42', 'Cierre de Sesion Forzado'),
(1402, '2025-02-28 16:06:47', 0, '40.77.167.51', 'Cierre de Sesion Forzado'),
(1403, '2025-02-28 16:23:51', 0, '40.77.189.194', 'Cierre de Sesion Forzado'),
(1404, '2025-02-28 16:40:02', 0, '52.167.144.180', 'Cierre de Sesion Forzado'),
(1405, '2025-02-28 16:40:02', 0, '52.167.144.180', 'Cierre de Sesion Forzado'),
(1406, '2025-02-28 17:00:56', 0, '40.77.167.255', 'Cierre de Sesion Forzado'),
(1407, '2025-02-28 17:00:56', 0, '40.77.167.255', 'Cierre de Sesion Forzado'),
(1408, '2025-02-28 17:00:57', 0, '40.77.167.255', 'Cierre de Sesion Forzado'),
(1409, '2025-02-28 17:41:48', 0, '52.167.144.145', 'Cierre de Sesion Forzado'),
(1410, '2025-02-28 17:41:49', 0, '52.167.144.145', 'Cierre de Sesion Forzado'),
(1411, '2025-02-28 17:56:27', 0, '170.80.143.8', 'Cierre de Sesion Forzado'),
(1412, '2025-02-28 17:56:28', 0, '170.80.143.8', 'Cierre de Sesion Forzado'),
(1413, '2025-02-28 18:21:12', 0, '40.77.167.131', 'Cierre de Sesion Forzado'),
(1414, '2025-02-28 23:36:16', 0, '52.167.144.166', 'Cierre de Sesion Forzado'),
(1415, '2025-02-28 23:36:17', 0, '52.167.144.166', 'Cierre de Sesion Forzado'),
(1416, '2025-03-01 10:43:37', 0, '52.167.144.232', 'Cierre de Sesion Forzado'),
(1417, '2025-03-01 13:11:32', 0, '52.167.144.189', 'Cierre de Sesion Forzado'),
(1418, '2025-03-01 13:51:31', 0, '52.167.144.172', 'Cierre de Sesion Forzado'),
(1419, '2025-03-01 17:55:33', 0, '52.167.144.238', 'Cierre de Sesion Forzado'),
(1420, '2025-03-01 18:10:01', 0, '40.77.167.154', 'Cierre de Sesion Forzado'),
(1421, '2025-03-01 20:28:40', 0, '52.167.144.166', 'Cierre de Sesion Forzado'),
(1422, '2025-03-02 01:36:04', 0, '52.167.144.142', 'Cierre de Sesion Forzado'),
(1423, '2025-03-02 03:01:37', 0, '40.77.167.44', 'Cierre de Sesion Forzado'),
(1424, '2025-03-02 03:15:06', 0, '52.167.144.137', 'Cierre de Sesion Forzado'),
(1425, '2025-03-02 04:38:50', 0, '40.77.167.76', 'Cierre de Sesion Forzado'),
(1426, '2025-03-02 10:00:34', 0, '40.77.167.54', 'Cierre de Sesion Forzado'),
(1427, '2025-03-02 10:22:25', 0, '40.77.188.149', 'Cierre de Sesion Forzado'),
(1428, '2025-03-02 10:31:50', 0, '52.167.144.205', 'Cierre de Sesion Forzado'),
(1429, '2025-03-02 10:31:51', 0, '52.167.144.205', 'Cierre de Sesion Forzado'),
(1430, '2025-03-02 11:59:45', 0, '40.77.167.68', 'Cierre de Sesion Forzado'),
(1431, '2025-03-02 12:05:47', 0, '40.77.167.68', 'Cierre de Sesion Forzado'),
(1432, '2025-03-02 14:52:26', 0, '52.167.144.205', 'Cierre de Sesion Forzado'),
(1433, '2025-03-02 14:52:26', 0, '52.167.144.205', 'Cierre de Sesion Forzado'),
(1434, '2025-03-02 14:52:27', 0, '52.167.144.205', 'Cierre de Sesion Forzado'),
(1435, '2025-03-02 16:48:14', 0, '52.167.144.225', 'Cierre de Sesion Forzado'),
(1436, '2025-03-02 17:11:18', 0, '157.55.39.49', 'Cierre de Sesion Forzado'),
(1437, '2025-03-02 17:27:45', 0, '40.77.202.83', 'Cierre de Sesion Forzado'),
(1438, '2025-03-02 18:24:39', 0, '40.77.167.33', 'Cierre de Sesion Forzado'),
(1439, '2025-03-02 18:24:39', 0, '40.77.167.33', 'Cierre de Sesion Forzado'),
(1440, '2025-03-02 18:49:44', 0, '157.55.39.59', 'Cierre de Sesion Forzado'),
(1441, '2025-03-02 19:12:05', 0, '40.77.167.0', 'Cierre de Sesion Forzado'),
(1442, '2025-03-02 19:56:50', 0, '52.167.144.186', 'Cierre de Sesion Forzado'),
(1443, '2025-03-02 20:39:20', 0, '52.167.144.142', 'Cierre de Sesion Forzado'),
(1444, '2025-03-02 22:03:17', 0, '52.167.144.197', 'Cierre de Sesion Forzado'),
(1445, '2025-03-03 05:32:13', 1, '181.115.95.5', 'Ingreso al modulo Dashboard'),
(1446, '2025-03-03 05:32:59', 1, '181.115.95.5', 'Ingreso al modulo Cuentas Cuentas Contabilidad'),
(1447, '2025-03-03 05:33:07', 1, '181.115.95.5', 'Ingreso al modulo Gastos Contabilidad'),
(1448, '2025-03-03 05:33:53', 1, '181.115.95.5', 'Ingreso al modulo Dashboard'),
(1449, '2025-03-03 05:34:22', 1, '181.115.95.5', 'Ingreso al modulo Proveedores'),
(1450, '2025-03-03 05:34:37', 1, '181.115.95.5', 'Ingreso al modulo Gastos Contabilidad'),
(1451, '2025-03-03 05:35:32', 1, '181.115.95.5', 'Ingreso al modulo Gastos Contabilidad'),
(1452, '2025-03-03 05:37:04', 1, '181.115.95.5', 'Ingreso al modulo Proveedores'),
(1453, '2025-03-03 05:37:44', 1, '181.115.95.5', 'Ingreso al modulo Gastos Contabilidad'),
(1454, '2025-03-03 05:39:40', 1, '181.115.95.5', 'Ingreso al modulo Cuentas Cuentas Contabilidad'),
(1455, '2025-03-03 05:40:23', 1, '181.115.95.5', 'Ingreso al modulo Cuentas Cuentas Contabilidad'),
(1456, '2025-03-03 05:40:46', 1, '181.115.95.5', 'Ingreso al modulo Gastos Contabilidad'),
(1457, '2025-03-03 05:40:53', 1, '181.115.95.5', 'Ingreso al modulo Ingresos Contabilidad'),
(1458, '2025-03-03 05:41:59', 1, '181.115.95.5', 'Ingreso al modulo Ingresos Contabilidad'),
(1459, '2025-03-03 05:42:07', 1, '181.115.95.5', 'Ingreso al modulo Cuentas Cuentas Contabilidad'),
(1460, '2025-03-03 05:42:26', 1, '181.115.95.5', 'Ingreso al modulo Facturas'),
(1461, '2025-03-03 05:43:24', 1, '181.115.95.5', 'Ingreso al modulo Reporte de Ventas'),
(1462, '2025-03-03 05:44:08', 1, '181.115.95.5', 'Ingreso al modulo Reporte de Ventas'),
(1463, '2025-03-03 05:46:23', 1, '181.115.95.5', 'Ingreso al modulo Facturas'),
(1464, '2025-03-03 07:05:13', 0, '52.167.144.142', 'Cierre de Sesion Forzado'),
(1465, '2025-03-03 07:22:33', 0, '40.77.188.90', 'Cierre de Sesion Forzado'),
(1466, '2025-03-03 07:26:03', 0, '52.167.144.234', 'Cierre de Sesion Forzado'),
(1467, '2025-03-03 07:26:03', 0, '52.167.144.234', 'Cierre de Sesion Forzado'),
(1468, '2025-03-03 09:50:53', 1, '161.69.53.15', 'Ingreso al modulo Dashboard'),
(1469, '2025-03-03 09:52:06', 1, '161.69.53.15', 'Ingreso al modulo Clientes'),
(1470, '2025-03-03 09:52:09', 1, '161.69.53.15', 'Ingreso al modulo Clientes'),
(1471, '2025-03-03 10:45:03', 0, '40.77.167.14', 'Cierre de Sesion Forzado'),
(1472, '2025-03-03 12:57:40', 0, '40.77.167.254', 'Cierre de Sesion Forzado'),
(1473, '2025-03-03 13:23:43', 1, '161.69.53.15', 'Ingreso al modulo Dashboard'),
(1474, '2025-03-03 13:23:47', 1, '161.69.53.15', 'Ingreso al modulo Clientes'),
(1475, '2025-03-03 13:23:52', 1, '161.69.53.15', 'Ingreso al modulo Clientes'),
(1476, '2025-03-03 13:39:43', 0, '40.77.202.180', 'Cierre de Sesion Forzado'),
(1477, '2025-03-03 16:38:17', 0, '40.77.167.23', 'Cierre de Sesion Forzado'),
(1478, '2025-03-03 19:01:43', 1, '170.83.119.131', 'Ingreso al modulo Dashboard'),
(1479, '2025-03-03 19:01:48', 1, '170.83.119.131', 'Ingreso al modulo Cuentas por Cobrar Clientes'),
(1480, '2025-03-03 20:36:15', 0, '40.77.167.57', 'Cierre de Sesion Forzado'),
(1481, '2025-03-03 20:36:15', 0, '40.77.167.57', 'Cierre de Sesion Forzado'),
(1482, '2025-03-04 00:30:37', 0, '52.167.144.160', 'Cierre de Sesion Forzado'),
(1483, '2025-03-04 00:30:38', 0, '52.167.144.160', 'Cierre de Sesion Forzado'),
(1484, '2025-03-04 01:28:11', 0, '52.167.144.222', 'Cierre de Sesion Forzado'),
(1485, '2025-03-04 03:17:00', 0, '40.77.167.7', 'Cierre de Sesion Forzado'),
(1486, '2025-03-04 03:17:00', 0, '40.77.167.7', 'Cierre de Sesion Forzado'),
(1487, '2025-03-04 05:54:03', 0, '52.167.144.171', 'Cierre de Sesion Forzado'),
(1488, '2025-03-04 09:15:41', 0, '40.77.167.53', 'Cierre de Sesion Forzado'),
(1489, '2025-03-04 09:21:48', 0, '40.77.167.33', 'Cierre de Sesion Forzado'),
(1490, '2025-03-04 10:21:34', 0, '40.77.167.7', 'Cierre de Sesion Forzado'),
(1491, '2025-03-04 12:17:26', 0, '52.167.144.185', 'Cierre de Sesion Forzado'),
(1492, '2025-03-04 15:29:35', 0, '52.167.144.191', 'Cierre de Sesion Forzado'),
(1493, '2025-03-04 15:29:35', 0, '52.167.144.191', 'Cierre de Sesion Forzado'),
(1494, '2025-03-04 15:29:36', 0, '52.167.144.191', 'Cierre de Sesion Forzado'),
(1495, '2025-03-04 15:29:36', 0, '52.167.144.191', 'Cierre de Sesion Forzado'),
(1496, '2025-03-04 15:59:58', 1, '181.115.95.150', 'Ingreso al modulo Dashboard'),
(1497, '2025-03-04 16:00:12', 1, '181.115.95.150', 'Ingreso al modulo Cuentas Cuentas Contabilidad'),
(1498, '2025-03-04 16:03:37', 1, '181.115.95.150', 'Ingreso al modulo Reporte de Ventas'),
(1499, '2025-03-04 16:03:49', 1, '181.115.95.150', 'Ingreso al modulo Cuentas por Cobrar Clientes'),
(1500, '2025-03-04 16:06:43', 1, '181.115.95.150', 'Ingreso al modulo Reporte de Ventas'),
(1501, '2025-03-04 16:08:33', 1, '181.115.95.150', 'Ingreso al modulo Cajas'),
(1502, '2025-03-04 16:11:51', 1, '181.115.95.150', 'Ingreso al modulo Cuentas Cuentas Contabilidad'),
(1503, '2025-03-04 16:13:04', 1, '181.115.95.150', 'Ingreso al modulo Ingresos Contabilidad'),
(1504, '2025-03-04 16:14:24', 1, '181.115.95.150', 'Ingreso al modulo Cuentas Cuentas Contabilidad'),
(1505, '2025-03-04 16:17:51', 1, '181.115.95.150', 'Ingreso al modulo Dashboard'),
(1506, '2025-03-04 16:17:56', 1, '181.115.95.150', 'Ingreso al modulo Cuentas por Cobrar Clientes'),
(1507, '2025-03-04 16:18:44', 1, '181.115.95.150', 'Ingreso al modulo Cuentas por Cobrar Clientes'),
(1508, '2025-03-04 22:50:40', 0, '40.77.167.48', 'Cierre de Sesion Forzado'),
(1509, '2025-03-04 23:40:04', 0, '40.77.167.65', 'Cierre de Sesion Forzado'),
(1510, '2025-03-05 00:33:19', 0, '157.55.39.58', 'Cierre de Sesion Forzado'),
(1511, '2025-03-05 08:21:50', 0, '40.77.167.22', 'Cierre de Sesion Forzado'),
(1512, '2025-03-05 09:12:51', 0, '40.77.167.55', 'Cierre de Sesion Forzado'),
(1513, '2025-03-05 10:44:36', 0, '138.204.180.62', 'Cierre de Sesion Forzado'),
(1514, '2025-03-05 10:44:37', 0, '138.204.180.62', 'Cierre de Sesion Forzado'),
(1515, '2025-03-05 14:07:10', 0, '52.167.144.171', 'Cierre de Sesion Forzado'),
(1516, '2025-03-05 14:07:10', 0, '52.167.144.171', 'Cierre de Sesion Forzado'),
(1517, '2025-03-05 15:01:54', 0, '40.77.167.51', 'Cierre de Sesion Forzado'),
(1518, '2025-03-05 15:01:54', 0, '40.77.167.51', 'Cierre de Sesion Forzado'),
(1519, '2025-03-05 15:01:54', 0, '40.77.167.51', 'Cierre de Sesion Forzado'),
(1520, '2025-03-05 15:47:01', 0, '40.77.167.41', 'Cierre de Sesion Forzado'),
(1521, '2025-03-05 15:50:13', 1, '170.83.119.131', 'Ingreso al modulo Dashboard'),
(1522, '2025-03-05 15:50:49', 1, '170.83.119.131', 'Ingreso al modulo Cuentas por Cobrar Clientes'),
(1523, '2025-03-05 15:54:04', 1, '170.83.119.131', 'Ingreso al modulo Dashboard'),
(1524, '2025-03-05 15:54:14', 1, '170.83.119.131', 'Cierre de Sesion'),
(1525, '2025-03-05 15:54:39', 0, '52.167.144.156', 'Cierre de Sesion Forzado'),
(1526, '2025-03-05 15:54:40', 0, '52.167.144.156', 'Cierre de Sesion Forzado'),
(1527, '2025-03-05 15:54:47', 1, '170.83.119.131', 'Ingreso al modulo Dashboard'),
(1528, '2025-03-05 17:00:13', 0, '207.46.13.141', 'Cierre de Sesion Forzado'),
(1529, '2025-03-05 17:00:15', 0, '207.46.13.141', 'Cierre de Sesion Forzado'),
(1530, '2025-03-05 17:00:17', 0, '207.46.13.141', 'Cierre de Sesion Forzado'),
(1531, '2025-03-05 17:02:15', 0, '40.77.167.12', 'Cierre de Sesion Forzado'),
(1532, '2025-03-05 17:05:36', 0, '40.77.167.12', 'Cierre de Sesion Forzado'),
(1533, '2025-03-05 18:02:56', 0, '138.204.180.62', 'Cierre de Sesion Forzado'),
(1534, '2025-03-05 18:13:57', 0, '170.80.143.8', 'Cierre de Sesion Forzado'),
(1535, '2025-03-05 19:22:26', 0, '52.167.144.160', 'Cierre de Sesion Forzado'),
(1536, '2025-03-05 20:32:18', 0, '157.55.39.9', 'Cierre de Sesion Forzado'),
(1537, '2025-03-05 20:42:21', 0, '157.55.39.6', 'Cierre de Sesion Forzado'),
(1538, '2025-03-05 23:39:14', 0, '52.167.144.162', 'Cierre de Sesion Forzado'),
(1539, '2025-03-05 23:39:38', 0, '52.167.144.162', 'Cierre de Sesion Forzado'),
(1540, '2025-03-06 00:24:15', 0, '157.55.39.63', 'Cierre de Sesion Forzado'),
(1541, '2025-03-06 01:26:57', 0, '207.46.13.7', 'Cierre de Sesion Forzado'),
(1542, '2025-03-06 01:26:58', 0, '207.46.13.7', 'Cierre de Sesion Forzado'),
(1543, '2025-03-06 03:57:01', 0, '40.77.167.33', 'Cierre de Sesion Forzado'),
(1544, '2025-03-06 04:01:48', 0, '52.167.144.161', 'Cierre de Sesion Forzado'),
(1545, '2025-03-06 05:44:40', 1, '181.115.64.11', 'Ingreso al modulo Dashboard'),
(1546, '2025-03-06 05:44:46', 1, '181.115.64.11', 'Ingreso al modulo Cuentas por Cobrar Clientes'),
(1547, '2025-03-06 05:47:54', 1, '181.115.64.11', 'Ingreso al modulo Cuentas Cuentas Contabilidad'),
(1548, '2025-03-06 05:47:59', 1, '181.115.64.11', 'Ingreso al modulo Gastos Contabilidad'),
(1549, '2025-03-06 05:48:47', 1, '181.115.64.11', 'Ingreso al modulo Proveedores'),
(1550, '2025-03-06 05:50:36', 1, '181.115.64.11', 'Ingreso al modulo Gastos Contabilidad'),
(1551, '2025-03-06 05:52:01', 1, '181.115.64.11', 'Ingreso al modulo Cuentas por Cobrar Clientes'),
(1552, '2025-03-06 05:52:11', 1, '181.115.64.11', 'Cierre de Sesion'),
(1553, '2025-03-06 07:03:24', 0, '52.167.144.204', 'Cierre de Sesion Forzado'),
(1554, '2025-03-06 07:20:40', 0, '40.77.190.70', 'Cierre de Sesion Forzado'),
(1555, '2025-03-06 08:30:03', 0, '138.204.180.109', 'Cierre de Sesion Forzado'),
(1556, '2025-03-06 11:54:23', 0, '52.167.144.145', 'Cierre de Sesion Forzado'),
(1557, '2025-03-06 12:19:13', 0, '40.77.167.72', 'Cierre de Sesion Forzado'),
(1558, '2025-03-06 12:19:30', 0, '157.55.39.193', 'Cierre de Sesion Forzado'),
(1559, '2025-03-06 13:51:36', 0, '207.46.13.54', 'Cierre de Sesion Forzado'),
(1560, '2025-03-06 13:51:36', 0, '207.46.13.54', 'Cierre de Sesion Forzado'),
(1561, '2025-03-06 15:48:00', 0, '207.46.13.51', 'Cierre de Sesion Forzado'),
(1562, '2025-03-06 15:53:38', 0, '138.204.180.109', 'Cierre de Sesion Forzado'),
(1563, '2025-03-06 15:53:39', 0, '138.204.180.109', 'Cierre de Sesion Forzado'),
(1564, '2025-03-06 15:53:40', 0, '138.204.180.109', 'Cierre de Sesion Forzado'),
(1565, '2025-03-06 15:53:41', 0, '138.204.180.109', 'Cierre de Sesion Forzado'),
(1566, '2025-03-06 15:54:39', 0, '138.204.180.109', 'Cierre de Sesion Forzado'),
(1567, '2025-03-06 15:54:40', 0, '138.204.180.109', 'Cierre de Sesion Forzado'),
(1568, '2025-03-06 16:04:17', 0, '40.77.202.58', 'Cierre de Sesion Forzado'),
(1569, '2025-03-06 17:16:30', 0, '40.77.167.22', 'Cierre de Sesion Forzado'),
(1570, '2025-03-06 18:05:02', 1, '170.83.119.131', 'Ingreso al modulo Dashboard'),
(1571, '2025-03-06 18:05:32', 1, '170.83.119.131', 'Ingreso al modulo Cuentas Cuentas Contabilidad'),
(1572, '2025-03-06 18:05:47', 1, '170.83.119.131', 'Ingreso al modulo Reporte de Ventas'),
(1573, '2025-03-06 18:07:13', 1, '170.83.119.131', 'Ingreso al modulo Gastos Contabilidad'),
(1574, '2025-03-06 18:08:30', 1, '170.83.119.131', 'Ingreso al modulo Gastos Contabilidad'),
(1575, '2025-03-06 18:22:53', 1, '170.83.119.131', 'Ingreso al modulo Reporte de Ventas'),
(1576, '2025-03-06 18:33:42', 1, '170.83.119.131', 'Ingreso al modulo Gastos Contabilidad'),
(1577, '2025-03-06 18:35:34', 1, '170.83.119.131', 'Ingreso al modulo Cuentas Cuentas Contabilidad'),
(1578, '2025-03-06 18:35:59', 1, '170.83.119.131', 'Ingreso al modulo Gastos Contabilidad'),
(1579, '2025-03-06 18:42:47', 1, '170.83.119.131', 'Cierre de Sesion'),
(1580, '2025-03-06 20:54:42', 0, '40.77.167.151', 'Cierre de Sesion Forzado'),
(1581, '2025-03-06 22:13:21', 0, '207.46.13.126', 'Cierre de Sesion Forzado'),
(1582, '2025-03-06 22:13:21', 0, '207.46.13.126', 'Cierre de Sesion Forzado'),
(1583, '2025-03-06 22:13:21', 0, '207.46.13.126', 'Cierre de Sesion Forzado'),
(1584, '2025-03-06 23:25:17', 0, '207.46.13.92', 'Cierre de Sesion Forzado'),
(1585, '2025-03-07 00:09:00', 0, '157.55.39.59', 'Cierre de Sesion Forzado'),
(1586, '2025-03-07 00:26:26', 0, '40.77.190.239', 'Cierre de Sesion Forzado'),
(1587, '2025-03-07 00:37:55', 0, '157.55.39.10', 'Cierre de Sesion Forzado'),
(1588, '2025-03-07 00:55:15', 0, '40.77.190.232', 'Cierre de Sesion Forzado'),
(1589, '2025-03-07 05:27:49', 0, '157.55.39.193', 'Cierre de Sesion Forzado'),
(1590, '2025-03-07 06:12:10', 0, '207.46.13.78', 'Cierre de Sesion Forzado'),
(1591, '2025-03-07 06:38:14', 0, '40.77.167.241', 'Cierre de Sesion Forzado'),
(1592, '2025-03-07 06:53:55', 0, '52.167.144.161', 'Cierre de Sesion Forzado'),
(1593, '2025-03-07 07:15:38', 0, '40.77.167.55', 'Cierre de Sesion Forzado'),
(1594, '2025-03-07 08:38:10', 0, '157.55.39.59', 'Cierre de Sesion Forzado'),
(1595, '2025-03-07 08:38:11', 0, '157.55.39.59', 'Cierre de Sesion Forzado'),
(1596, '2025-03-07 09:16:52', 0, '138.204.180.3', 'Cierre de Sesion Forzado'),
(1597, '2025-03-07 10:52:02', 0, '157.55.39.62', 'Cierre de Sesion Forzado'),
(1598, '2025-03-07 14:35:02', 0, '52.167.144.196', 'Cierre de Sesion Forzado'),
(1599, '2025-03-07 18:36:28', 0, '40.77.167.9', 'Cierre de Sesion Forzado'),
(1600, '2025-03-07 19:38:40', 0, '52.167.144.25', 'Cierre de Sesion Forzado'),
(1601, '2025-03-07 19:38:43', 0, '52.167.144.25', 'Cierre de Sesion Forzado'),
(1602, '2025-03-07 19:43:31', 0, '207.46.13.7', 'Cierre de Sesion Forzado'),
(1603, '2025-03-07 21:10:34', 0, '52.167.144.20', 'Cierre de Sesion Forzado'),
(1604, '2025-03-07 23:25:20', 0, '207.46.13.14', 'Cierre de Sesion Forzado'),
(1605, '2025-03-08 00:04:05', 0, '207.46.13.151', 'Cierre de Sesion Forzado'),
(1606, '2025-03-08 00:45:19', 0, '207.46.13.151', 'Cierre de Sesion Forzado'),
(1607, '2025-03-08 00:45:19', 0, '207.46.13.151', 'Cierre de Sesion Forzado'),
(1608, '2025-03-08 01:23:33', 0, '157.55.39.201', 'Cierre de Sesion Forzado'),
(1609, '2025-03-08 01:31:06', 0, '52.167.144.219', 'Cierre de Sesion Forzado'),
(1610, '2025-03-08 01:36:18', 0, '207.46.13.18', 'Cierre de Sesion Forzado'),
(1611, '2025-03-08 01:36:18', 0, '207.46.13.18', 'Cierre de Sesion Forzado'),
(1612, '2025-03-08 04:40:14', 0, '157.55.39.11', 'Cierre de Sesion Forzado'),
(1613, '2025-03-08 05:15:50', 0, '157.55.39.15', 'Cierre de Sesion Forzado'),
(1614, '2025-03-08 07:20:24', 0, '52.167.144.166', 'Cierre de Sesion Forzado'),
(1615, '2025-03-08 07:20:24', 0, '52.167.144.166', 'Cierre de Sesion Forzado'),
(1616, '2025-03-08 07:20:52', 0, '52.167.144.166', 'Cierre de Sesion Forzado'),
(1617, '2025-03-08 10:28:03', 0, '138.204.180.5', 'Cierre de Sesion Forzado'),
(1618, '2025-03-08 12:53:41', 1, '190.124.23.248', 'Ingreso al modulo Dashboard'),
(1619, '2025-03-08 12:53:48', 1, '190.124.23.248', 'Ingreso al modulo Clientes'),
(1620, '2025-03-08 12:55:51', 1, '190.124.23.248', 'Cierre de Sesion'),
(1621, '2025-03-08 12:57:25', 1, '190.124.23.248', 'Ingreso al modulo Dashboard'),
(1622, '2025-03-08 12:57:33', 1, '190.124.23.248', 'Ingreso al modulo Reporte de Ventas'),
(1623, '2025-03-08 14:43:08', 0, '40.77.167.74', 'Cierre de Sesion Forzado'),
(1624, '2025-03-08 14:43:08', 0, '40.77.167.74', 'Cierre de Sesion Forzado'),
(1625, '2025-03-08 14:53:36', 0, '207.46.13.51', 'Cierre de Sesion Forzado'),
(1626, '2025-03-08 16:17:28', 0, '40.77.167.35', 'Cierre de Sesion Forzado'),
(1627, '2025-03-08 16:48:49', 0, '157.55.39.202', 'Cierre de Sesion Forzado'),
(1628, '2025-03-08 17:44:09', 0, '207.46.13.87', 'Cierre de Sesion Forzado'),
(1629, '2025-03-08 18:59:39', 0, '207.46.13.86', 'Cierre de Sesion Forzado'),
(1630, '2025-03-08 22:19:15', 0, '40.77.167.149', 'Cierre de Sesion Forzado'),
(1631, '2025-03-08 22:23:06', 0, '157.55.39.50', 'Cierre de Sesion Forzado'),
(1632, '2025-03-08 23:22:38', 0, '52.167.144.146', 'Cierre de Sesion Forzado'),
(1633, '2025-03-09 00:01:54', 0, '207.46.13.126', 'Cierre de Sesion Forzado'),
(1634, '2025-03-09 04:10:50', 0, '157.55.39.10', 'Cierre de Sesion Forzado'),
(1635, '2025-03-09 06:43:12', 0, '207.46.13.64', 'Cierre de Sesion Forzado'),
(1636, '2025-03-09 11:48:20', 0, '181.115.6.28', 'Cierre de Sesion Forzado'),
(1637, '2025-03-09 11:48:22', 0, '181.115.6.28', 'Cierre de Sesion Forzado'),
(1638, '2025-03-09 12:41:40', 0, '207.46.13.155', 'Cierre de Sesion Forzado'),
(1639, '2025-03-09 12:56:20', 0, '52.167.144.219', 'Cierre de Sesion Forzado'),
(1640, '2025-03-09 12:59:10', 0, '40.77.189.205', 'Cierre de Sesion Forzado'),
(1641, '2025-03-09 13:17:05', 0, '157.55.39.193', 'Cierre de Sesion Forzado'),
(1642, '2025-03-09 16:53:33', 0, '52.167.144.141', 'Cierre de Sesion Forzado'),
(1643, '2025-03-09 18:44:07', 0, '40.77.167.15', 'Cierre de Sesion Forzado'),
(1644, '2025-03-09 19:57:57', 0, '157.55.39.15', 'Cierre de Sesion Forzado'),
(1645, '2025-03-09 20:06:27', 0, '157.55.39.15', 'Cierre de Sesion Forzado'),
(1646, '2025-03-09 20:37:56', 0, '52.167.144.169', 'Cierre de Sesion Forzado'),
(1647, '2025-03-10 02:07:15', 0, '52.167.144.225', 'Cierre de Sesion Forzado'),
(1648, '2025-03-10 07:05:08', 0, '52.167.144.203', 'Cierre de Sesion Forzado'),
(1649, '2025-03-10 07:43:32', 0, '207.46.13.78', 'Cierre de Sesion Forzado'),
(1650, '2025-03-10 08:09:32', 0, '157.55.39.49', 'Cierre de Sesion Forzado'),
(1651, '2025-03-10 10:30:14', 0, '52.167.144.156', 'Cierre de Sesion Forzado'),
(1652, '2025-03-10 12:21:27', 0, '66.249.66.80', 'Cierre de Sesion Forzado'),
(1653, '2025-03-10 12:51:34', 0, '207.46.13.52', 'Cierre de Sesion Forzado'),
(1654, '2025-03-10 15:14:43', 0, '66.249.66.79', 'Cierre de Sesion Forzado'),
(1655, '2025-03-10 15:25:35', 0, '40.77.167.158', 'Cierre de Sesion Forzado'),
(1656, '2025-03-10 15:37:16', 0, '138.204.180.9', 'Cierre de Sesion Forzado'),
(1657, '2025-03-10 18:15:14', 0, '66.249.66.80', 'Cierre de Sesion Forzado'),
(1658, '2025-03-10 18:39:47', 1, '170.83.119.131', 'Ingreso al modulo Dashboard'),
(1659, '2025-03-10 18:40:33', 1, '170.83.119.131', 'Ingreso al modulo Cuentas Cuentas Contabilidad'),
(1660, '2025-03-10 18:40:57', 1, '170.83.119.131', 'Ingreso al modulo Gastos Contabilidad'),
(1661, '2025-03-10 18:42:55', 1, '170.83.119.131', 'Ingreso al modulo Cuentas por Cobrar Clientes'),
(1662, '2025-03-10 18:45:18', 1, '170.83.119.131', 'Ingreso al modulo Cuentas Cuentas Contabilidad'),
(1663, '2025-03-10 18:45:35', 1, '170.83.119.131', 'Cierre de Sesion'),
(1664, '2025-03-10 19:29:23', 0, '52.167.144.199', 'Cierre de Sesion Forzado'),
(1665, '2025-03-10 19:45:34', 0, '40.77.188.3', 'Cierre de Sesion Forzado'),
(1666, '2025-03-10 20:23:42', 0, '157.55.39.60', 'Cierre de Sesion Forzado'),
(1667, '2025-03-10 21:35:07', 0, '157.55.39.196', 'Cierre de Sesion Forzado'),
(1668, '2025-03-10 21:35:08', 0, '157.55.39.196', 'Cierre de Sesion Forzado'),
(1669, '2025-03-10 22:09:54', 0, '207.46.13.116', 'Cierre de Sesion Forzado'),
(1670, '2025-03-10 23:00:39', 0, '157.55.39.10', 'Cierre de Sesion Forzado'),
(1671, '2025-03-10 23:07:03', 0, '40.77.167.11', 'Cierre de Sesion Forzado'),
(1672, '2025-03-10 23:09:19', 0, '207.46.13.154', 'Cierre de Sesion Forzado'),
(1673, '2025-03-11 00:51:49', 0, '66.249.66.79', 'Cierre de Sesion Forzado'),
(1674, '2025-03-11 01:38:24', 0, '66.249.66.79', 'Cierre de Sesion Forzado'),
(1675, '2025-03-11 03:08:24', 0, '66.249.66.80', 'Cierre de Sesion Forzado'),
(1676, '2025-03-11 03:28:24', 0, '66.249.66.79', 'Cierre de Sesion Forzado'),
(1677, '2025-03-11 04:11:45', 0, '52.167.144.172', 'Cierre de Sesion Forzado'),
(1678, '2025-03-11 04:28:25', 0, '66.249.66.80', 'Cierre de Sesion Forzado'),
(1679, '2025-03-11 04:48:24', 0, '66.249.66.80', 'Cierre de Sesion Forzado'),
(1680, '2025-03-11 05:47:52', 0, '52.167.144.170', 'Cierre de Sesion Forzado'),
(1681, '2025-03-11 05:51:36', 0, '66.249.66.80', 'Cierre de Sesion Forzado'),
(1682, '2025-03-11 05:57:37', 0, '66.249.66.78', 'Cierre de Sesion Forzado'),
(1683, '2025-03-11 06:03:40', 0, '66.249.66.78', 'Cierre de Sesion Forzado'),
(1684, '2025-03-11 06:09:40', 0, '66.249.66.78', 'Cierre de Sesion Forzado'),
(1685, '2025-03-11 06:15:42', 0, '66.249.66.79', 'Cierre de Sesion Forzado'),
(1686, '2025-03-11 06:21:44', 0, '66.249.66.80', 'Cierre de Sesion Forzado'),
(1687, '2025-03-11 06:32:50', 0, '66.249.66.78', 'Cierre de Sesion Forzado'),
(1688, '2025-03-11 06:44:53', 0, '66.249.66.79', 'Cierre de Sesion Forzado'),
(1689, '2025-03-11 06:56:57', 0, '66.249.66.80', 'Cierre de Sesion Forzado'),
(1690, '2025-03-11 07:09:01', 0, '66.249.66.80', 'Cierre de Sesion Forzado'),
(1691, '2025-03-11 07:25:40', 0, '66.249.66.78', 'Cierre de Sesion Forzado'),
(1692, '2025-03-11 07:42:19', 0, '66.249.66.79', 'Cierre de Sesion Forzado'),
(1693, '2025-03-11 07:54:20', 0, '207.46.13.54', 'Cierre de Sesion Forzado'),
(1694, '2025-03-11 09:18:17', 0, '170.80.143.8', 'Cierre de Sesion Forzado'),
(1695, '2025-03-11 09:18:19', 0, '170.80.143.8', 'Cierre de Sesion Forzado'),
(1696, '2025-03-11 09:53:07', 0, '52.167.144.172', 'Cierre de Sesion Forzado'),
(1697, '2025-03-11 11:49:00', 0, '52.167.144.18', 'Cierre de Sesion Forzado'),
(1698, '2025-03-11 12:20:50', 0, '52.167.144.216', 'Cierre de Sesion Forzado'),
(1699, '2025-03-11 12:37:56', 0, '40.77.188.54', 'Cierre de Sesion Forzado'),
(1700, '2025-03-11 15:43:30', 1, '170.83.119.131', 'Ingreso al modulo Dashboard'),
(1701, '2025-03-11 15:43:34', 1, '170.83.119.131', 'Ingreso al modulo Proveedores'),
(1702, '2025-03-11 15:44:10', 1, '170.83.119.131', 'Ingreso al modulo Gastos Contabilidad'),
(1703, '2025-03-11 16:58:51', 0, '52.167.144.234', 'Cierre de Sesion Forzado'),
(1704, '2025-03-11 20:22:14', 0, '52.167.144.24', 'Cierre de Sesion Forzado'),
(1705, '2025-03-12 00:22:47', 0, '52.167.144.238', 'Cierre de Sesion Forzado'),
(1706, '2025-03-12 02:06:41', 0, '52.167.144.163', 'Cierre de Sesion Forzado'),
(1707, '2025-03-12 02:14:03', 0, '52.167.144.160', 'Cierre de Sesion Forzado'),
(1708, '2025-03-12 02:14:03', 0, '52.167.144.160', 'Cierre de Sesion Forzado'),
(1709, '2025-03-12 07:02:47', 0, '52.167.144.203', 'Cierre de Sesion Forzado'),
(1710, '2025-03-12 07:09:10', 0, '52.167.144.16', 'Cierre de Sesion Forzado'),
(1711, '2025-03-12 10:37:56', 0, '52.167.144.236', 'Cierre de Sesion Forzado'),
(1712, '2025-03-12 11:21:18', 1, '181.115.6.11', 'Ingreso al modulo Dashboard'),
(1713, '2025-03-12 11:26:45', 1, '181.115.6.11', 'Cierre de Sesion'),
(1714, '2025-03-12 12:50:12', 0, '52.167.144.238', 'Cierre de Sesion Forzado'),
(1715, '2025-03-12 14:02:26', 0, '52.167.144.160', 'Cierre de Sesion Forzado'),
(1716, '2025-03-12 17:12:29', 0, '52.167.144.24', 'Cierre de Sesion Forzado'),
(1717, '2025-03-12 18:55:15', 1, '170.83.119.131', 'Ingreso al modulo Dashboard'),
(1718, '2025-03-12 18:55:54', 1, '170.83.119.131', 'Ingreso al modulo Cuentas por Cobrar Clientes'),
(1719, '2025-03-12 18:56:56', 1, '170.83.119.131', 'Cierre de Sesion'),
(1720, '2025-03-12 20:29:18', 0, '207.46.13.7', 'Cierre de Sesion Forzado'),
(1721, '2025-03-13 02:21:22', 0, '52.167.144.164', 'Cierre de Sesion Forzado'),
(1722, '2025-03-13 02:21:22', 0, '52.167.144.164', 'Cierre de Sesion Forzado'),
(1723, '2025-03-13 08:06:30', 0, '138.204.180.9', 'Cierre de Sesion Forzado'),
(1724, '2025-03-13 09:45:31', 1, '181.115.6.11', 'Ingreso al modulo Dashboard'),
(1725, '2025-03-13 09:45:35', 1, '181.115.6.11', 'Ingreso al modulo Reporte de Ventas'),
(1726, '2025-03-13 12:00:29', 0, '40.77.167.77', 'Cierre de Sesion Forzado'),
(1727, '2025-03-13 14:18:06', 0, '40.77.167.15', 'Cierre de Sesion Forzado'),
(1728, '2025-03-13 14:18:06', 0, '40.77.167.15', 'Cierre de Sesion Forzado'),
(1729, '2025-03-13 15:49:50', 0, '40.77.167.44', 'Cierre de Sesion Forzado'),
(1730, '2025-03-13 17:32:32', 1, '170.83.119.131', 'Ingreso al modulo Dashboard'),
(1731, '2025-03-13 17:32:42', 1, '170.83.119.131', 'Ingreso al modulo Contratos'),
(1732, '2025-03-13 17:38:10', 1, '170.83.119.131', 'Ingreso al modulo Nomnas'),
(1733, '2025-03-13 17:38:10', 1, '170.83.119.131', 'Ingreso al modulo Nomna de Empleados'),
(1734, '2025-03-13 17:39:53', 1, '170.83.119.131', 'Ingreso al modulo Cuentas Cuentas Contabilidad'),
(1735, '2025-03-13 17:43:05', 1, '170.83.119.131', 'Ingreso al modulo Gastos Contabilidad'),
(1736, '2025-03-13 17:51:49', 1, '170.83.119.131', 'Ingreso al modulo Nomnas'),
(1737, '2025-03-13 17:51:49', 1, '170.83.119.131', 'Ingreso al modulo Nomna de Empleados'),
(1738, '2025-03-13 18:45:53', 0, '52.167.144.19', 'Cierre de Sesion Forzado'),
(1739, '2025-03-13 18:52:48', 1, '170.83.119.131', 'Ingreso al modulo Dashboard'),
(1740, '2025-03-13 18:53:06', 1, '170.83.119.131', 'Ingreso al modulo Reporte de Ventas'),
(1741, '2025-03-13 20:12:57', 0, '40.77.167.78', 'Cierre de Sesion Forzado'),
(1742, '2025-03-13 20:48:32', 0, '52.167.144.150', 'Cierre de Sesion Forzado'),
(1743, '2025-03-14 05:24:59', 0, '157.55.39.49', 'Cierre de Sesion Forzado'),
(1744, '2025-03-14 05:25:00', 0, '157.55.39.49', 'Cierre de Sesion Forzado'),
(1745, '2025-03-14 07:21:07', 0, '207.46.13.83', 'Cierre de Sesion Forzado'),
(1746, '2025-03-14 07:21:09', 0, '207.46.13.83', 'Cierre de Sesion Forzado'),
(1747, '2025-03-14 08:56:10', 0, '40.77.167.62', 'Cierre de Sesion Forzado'),
(1748, '2025-03-14 10:58:57', 0, '52.167.144.205', 'Cierre de Sesion Forzado'),
(1749, '2025-03-14 12:13:23', 0, '40.77.167.55', 'Cierre de Sesion Forzado'),
(1750, '2025-03-14 12:13:24', 0, '40.77.167.55', 'Cierre de Sesion Forzado'),
(1751, '2025-03-14 15:26:16', 1, '181.115.6.11', 'Ingreso al modulo Dashboard'),
(1752, '2025-03-14 15:26:48', 1, '181.115.6.11', 'Ingreso al modulo Reporte de Ventas'),
(1753, '2025-03-14 18:45:14', 0, '52.167.144.173', 'Cierre de Sesion Forzado'),
(1754, '2025-03-14 19:01:45', 0, '40.77.189.197', 'Cierre de Sesion Forzado'),
(1755, '2025-03-14 20:21:43', 0, '52.167.144.210', 'Cierre de Sesion Forzado'),
(1756, '2025-03-15 02:04:24', 0, '52.167.144.206', 'Cierre de Sesion Forzado'),
(1757, '2025-03-15 04:55:12', 0, '157.55.39.196', 'Cierre de Sesion Forzado'),
(1758, '2025-03-15 05:48:13', 0, '52.167.144.219', 'Cierre de Sesion Forzado'),
(1759, '2025-03-15 07:13:49', 0, '40.77.167.44', 'Cierre de Sesion Forzado'),
(1760, '2025-03-15 12:05:10', 43, '181.115.5.152', 'Cierre de Sesion'),
(1761, '2025-03-15 12:15:57', 0, '170.80.143.8', 'Cierre de Sesion Forzado'),
(1762, '2025-03-15 12:26:08', 0, '40.77.167.23', 'Cierre de Sesion Forzado'),
(1763, '2025-03-15 12:27:54', 0, '181.115.5.152', 'Cierre de Sesion Forzado'),
(1764, '2025-03-15 12:27:58', 0, '181.115.5.152', 'Cierre de Sesion Forzado'),
(1765, '2025-03-15 15:53:59', 0, '157.55.39.195', 'Cierre de Sesion Forzado'),
(1766, '2025-03-15 18:00:08', 1, '170.83.119.131', 'Ingreso al modulo Dashboard'),
(1767, '2025-03-15 18:00:13', 1, '170.83.119.131', 'Ingreso al modulo Usuarios'),
(1768, '2025-03-15 18:00:30', 1, '170.83.119.131', 'Ingreso al modulo Usuarios'),
(1769, '2025-03-15 18:01:15', 1, '170.83.119.131', 'Ingreso al modulo Usuarios'),
(1770, '2025-03-15 18:03:38', 1, '170.83.119.131', 'Ingreso al modulo Usuarios'),
(1771, '2025-03-15 18:04:46', 1, '170.83.119.131', 'Ingreso al modulo Usuarios'),
(1772, '2025-03-15 18:05:13', 1, '170.83.119.131', 'Ingreso al modulo Usuarios'),
(1773, '2025-03-15 18:05:55', 1, '170.83.119.131', 'Ingreso al modulo Usuarios'),
(1774, '2025-03-15 18:07:08', 1, '170.83.119.131', 'Ingreso al modulo Usuarios'),
(1775, '2025-03-15 18:08:06', 1, '170.83.119.131', 'Ingreso al modulo Usuarios'),
(1776, '2025-03-15 18:48:25', 1, '170.83.119.131', 'Ingreso al modulo Dashboard'),
(1777, '2025-03-15 18:49:02', 1, '170.83.119.131', 'Ingreso al modulo Configuración Medidas'),
(1778, '2025-03-15 19:49:20', 0, '207.46.13.155', 'Cierre de Sesion Forzado'),
(1779, '2025-03-15 19:49:21', 0, '207.46.13.155', 'Cierre de Sesion Forzado'),
(1780, '2025-03-15 22:36:32', 1, '170.83.119.131', 'Ingreso al modulo Dashboard'),
(1781, '2025-03-15 22:36:38', 1, '170.83.119.131', 'Ingreso al modulo Usuarios'),
(1782, '2025-03-15 22:47:28', 1, '170.83.119.131', 'Ingreso al modulo Dashboard'),
(1783, '2025-03-15 22:47:35', 1, '170.83.119.131', 'Ingreso al modulo Usuarios'),
(1784, '2025-03-15 22:47:47', 1, '170.83.119.131', 'Ingreso al modulo Usuarios'),
(1785, '2025-03-15 22:51:10', 1, '170.83.119.131', 'Ingreso al modulo Dashboard'),
(1786, '2025-03-15 22:51:19', 1, '170.83.119.131', 'Ingreso al modulo Nomnas'),
(1787, '2025-03-15 22:51:19', 1, '170.83.119.131', 'Ingreso al modulo Nomna de Empleados'),
(1788, '2025-03-15 22:53:52', 1, '170.83.119.131', 'Cierre de Sesion'),
(1789, '2025-03-16 00:47:50', 0, '207.46.13.111', 'Cierre de Sesion Forzado'),
(1790, '2025-03-16 01:55:42', 0, '40.77.167.243', 'Cierre de Sesion Forzado'),
(1791, '2025-03-16 04:32:56', 0, '207.46.13.78', 'Cierre de Sesion Forzado'),
(1792, '2025-03-16 07:06:31', 0, '40.77.167.78', 'Cierre de Sesion Forzado'),
(1793, '2025-03-16 07:34:54', 0, '207.46.13.7', 'Cierre de Sesion Forzado'),
(1794, '2025-03-16 07:34:55', 0, '207.46.13.7', 'Cierre de Sesion Forzado'),
(1795, '2025-03-16 07:49:15', 0, '157.55.39.63', 'Cierre de Sesion Forzado'),
(1796, '2025-03-16 09:34:27', 0, '138.204.180.9', 'Cierre de Sesion Forzado'),
(1797, '2025-03-16 10:08:04', 0, '207.46.13.51', 'Cierre de Sesion Forzado'),
(1798, '2025-03-16 10:10:58', 1, '181.115.5.152', 'Ingreso al modulo Dashboard'),
(1799, '2025-03-16 10:27:00', 0, '170.80.143.8', 'Cierre de Sesion Forzado'),
(1800, '2025-03-16 10:27:02', 0, '170.80.143.8', 'Cierre de Sesion Forzado'),
(1801, '2025-03-16 10:28:06', 1, '170.83.119.131', 'Ingreso al modulo Dashboard'),
(1802, '2025-03-16 12:07:59', 0, '181.115.5.152', 'Cierre de Sesion Forzado'),
(1803, '2025-03-16 12:08:01', 0, '181.115.5.152', 'Cierre de Sesion Forzado'),
(1804, '2025-03-16 12:21:06', 0, '138.204.180.9', 'Cierre de Sesion Forzado'),
(1805, '2025-03-16 12:21:07', 0, '138.204.180.9', 'Cierre de Sesion Forzado'),
(1806, '2025-03-16 12:21:11', 0, '138.204.180.9', 'Cierre de Sesion Forzado'),
(1807, '2025-03-16 12:21:12', 0, '138.204.180.9', 'Cierre de Sesion Forzado'),
(1808, '2025-03-16 12:21:22', 0, '138.204.180.9', 'Cierre de Sesion Forzado'),
(1809, '2025-03-16 12:21:24', 0, '138.204.180.9', 'Cierre de Sesion Forzado'),
(1810, '2025-03-16 12:22:01', 0, '138.204.180.9', 'Cierre de Sesion Forzado'),
(1811, '2025-03-16 12:22:02', 0, '138.204.180.9', 'Cierre de Sesion Forzado'),
(1812, '2025-03-16 12:22:12', 0, '138.204.180.9', 'Cierre de Sesion Forzado'),
(1813, '2025-03-16 12:22:14', 0, '138.204.180.9', 'Cierre de Sesion Forzado'),
(1814, '2025-03-16 12:22:14', 0, '138.204.180.9', 'Cierre de Sesion Forzado'),
(1815, '2025-03-16 12:22:16', 0, '138.204.180.9', 'Cierre de Sesion Forzado'),
(1816, '2025-03-16 12:22:16', 0, '138.204.180.9', 'Cierre de Sesion Forzado'),
(1817, '2025-03-16 12:22:16', 0, '138.204.180.9', 'Cierre de Sesion Forzado'),
(1818, '2025-03-16 12:22:16', 0, '138.204.180.9', 'Cierre de Sesion Forzado'),
(1819, '2025-03-16 12:22:17', 0, '138.204.180.9', 'Cierre de Sesion Forzado'),
(1820, '2025-03-16 12:23:15', 0, '138.204.180.9', 'Cierre de Sesion Forzado'),
(1821, '2025-03-16 12:23:17', 0, '138.204.180.9', 'Cierre de Sesion Forzado'),
(1822, '2025-03-16 14:02:09', 0, '207.46.13.102', 'Cierre de Sesion Forzado'),
(1823, '2025-03-16 14:02:10', 0, '207.46.13.102', 'Cierre de Sesion Forzado'),
(1824, '2025-03-16 14:17:18', 0, '157.55.39.60', 'Cierre de Sesion Forzado'),
(1825, '2025-03-16 17:59:37', 1, '170.83.119.131', 'Ingreso al modulo Dashboard'),
(1826, '2025-03-16 17:59:42', 1, '170.83.119.131', 'Ingreso al modulo Clientes'),
(1827, '2025-03-16 22:50:39', 0, '52.167.144.197', 'Cierre de Sesion Forzado'),
(1828, '2025-03-17 03:32:01', 0, '52.167.144.187', 'Cierre de Sesion Forzado'),
(1829, '2025-03-17 04:29:35', 0, '40.77.167.59', 'Cierre de Sesion Forzado'),
(1830, '2025-03-17 07:22:30', 0, '52.167.144.173', 'Cierre de Sesion Forzado'),
(1831, '2025-03-17 09:44:01', 0, '40.77.167.157', 'Cierre de Sesion Forzado'),
(1832, '2025-03-17 09:44:01', 0, '40.77.167.157', 'Cierre de Sesion Forzado'),
(1833, '2025-03-17 10:00:25', 0, '40.77.167.241', 'Cierre de Sesion Forzado'),
(1834, '2025-03-17 10:18:06', 0, '40.77.188.225', 'Cierre de Sesion Forzado'),
(1835, '2025-03-17 10:26:01', 0, '207.46.13.14', 'Cierre de Sesion Forzado'),
(1836, '2025-03-17 13:06:05', 0, '40.77.189.106', 'Cierre de Sesion Forzado'),
(1837, '2025-03-17 13:35:11', 1, '181.115.5.47', 'Ingreso al modulo Dashboard'),
(1838, '2025-03-17 13:35:17', 1, '181.115.5.47', 'Cierre de Sesion'),
(1839, '2025-03-17 15:46:36', 0, '40.77.167.28', 'Cierre de Sesion Forzado'),
(1840, '2025-03-17 15:55:22', 0, '157.55.39.60', 'Cierre de Sesion Forzado'),
(1841, '2025-03-17 15:55:23', 0, '157.55.39.60', 'Cierre de Sesion Forzado'),
(1842, '2025-03-17 15:55:24', 0, '157.55.39.60', 'Cierre de Sesion Forzado'),
(1843, '2025-03-17 16:06:52', 0, '40.77.167.42', 'Cierre de Sesion Forzado'),
(1844, '2025-03-17 18:26:16', 0, '52.167.144.233', 'Cierre de Sesion Forzado'),
(1845, '2025-03-17 18:44:41', 0, '66.249.66.79', 'Cierre de Sesion Forzado'),
(1846, '2025-03-18 01:45:47', 0, '52.167.144.205', 'Cierre de Sesion Forzado'),
(1847, '2025-03-18 03:19:10', 0, '40.77.167.15', 'Cierre de Sesion Forzado'),
(1848, '2025-03-18 05:13:03', 0, '40.77.167.23', 'Cierre de Sesion Forzado'),
(1849, '2025-03-18 07:15:11', 0, '52.167.144.223', 'Cierre de Sesion Forzado'),
(1850, '2025-03-18 08:50:30', 0, '40.77.167.126', 'Cierre de Sesion Forzado'),
(1851, '2025-03-18 09:17:55', 0, '52.167.144.23', 'Cierre de Sesion Forzado'),
(1852, '2025-03-18 12:21:55', 0, '40.77.167.149', 'Cierre de Sesion Forzado'),
(1853, '2025-03-18 16:57:34', 0, '207.46.13.107', 'Cierre de Sesion Forzado'),
(1854, '2025-03-18 17:07:53', 0, '207.46.13.107', 'Cierre de Sesion Forzado'),
(1855, '2025-03-18 17:28:30', 0, '138.204.180.9', 'Cierre de Sesion Forzado'),
(1856, '2025-03-18 17:28:32', 0, '138.204.180.9', 'Cierre de Sesion Forzado'),
(1857, '2025-03-18 17:32:02', 0, '207.46.13.52', 'Cierre de Sesion Forzado'),
(1858, '2025-03-18 17:56:42', 0, '170.80.143.8', 'Cierre de Sesion Forzado'),
(1859, '2025-03-18 17:56:44', 0, '170.80.143.8', 'Cierre de Sesion Forzado'),
(1860, '2025-03-18 17:57:21', 0, '170.80.143.8', 'Cierre de Sesion'),
(1861, '2025-03-18 17:57:30', 0, '170.80.143.8', 'Cierre de Sesion Forzado'),
(1862, '2025-03-18 17:57:32', 0, '170.80.143.8', 'Cierre de Sesion Forzado'),
(1863, '2025-03-18 18:04:21', 0, '170.80.143.8', 'Cierre de Sesion Forzado'),
(1864, '2025-03-18 18:04:23', 0, '170.80.143.8', 'Cierre de Sesion Forzado'),
(1865, '2025-03-18 18:04:38', 0, '170.80.143.8', 'Cierre de Sesion'),
(1866, '2025-03-18 18:04:43', 0, '170.80.143.8', 'Cierre de Sesion Forzado'),
(1867, '2025-03-18 18:04:45', 0, '170.80.143.8', 'Cierre de Sesion Forzado'),
(1868, '2025-03-18 18:04:57', 0, '170.80.143.8', 'Cierre de Sesion Forzado'),
(1869, '2025-03-18 18:04:58', 0, '170.80.143.8', 'Cierre de Sesion Forzado'),
(1870, '2025-03-18 18:05:04', 0, '170.80.143.8', 'Cierre de Sesion Forzado'),
(1871, '2025-03-18 18:05:05', 0, '170.80.143.8', 'Cierre de Sesion Forzado'),
(1872, '2025-03-18 18:05:55', 0, '170.80.143.8', 'Cierre de Sesion Forzado'),
(1873, '2025-03-18 18:05:56', 0, '170.80.143.8', 'Cierre de Sesion Forzado'),
(1874, '2025-03-18 19:01:43', 0, '207.46.13.155', 'Cierre de Sesion Forzado'),
(1875, '2025-03-18 20:06:10', 0, '207.46.13.127', 'Cierre de Sesion Forzado'),
(1876, '2025-03-18 20:06:11', 0, '207.46.13.127', 'Cierre de Sesion Forzado'),
(1877, '2025-03-18 22:43:57', 0, '157.55.39.7', 'Cierre de Sesion Forzado'),
(1878, '2025-03-18 22:59:15', 0, '207.46.13.18', 'Cierre de Sesion Forzado'),
(1879, '2025-03-18 23:09:38', 0, '40.77.167.58', 'Cierre de Sesion Forzado'),
(1880, '2025-03-19 01:42:47', 0, '40.77.167.54', 'Cierre de Sesion Forzado'),
(1881, '2025-03-19 01:59:10', 0, '40.77.190.17', 'Cierre de Sesion Forzado'),
(1882, '2025-03-19 04:44:11', 0, '157.55.39.63', 'Cierre de Sesion Forzado'),
(1883, '2025-03-19 05:00:39', 0, '40.77.190.187', 'Cierre de Sesion Forzado'),
(1884, '2025-03-19 07:30:23', 0, '207.46.13.87', 'Cierre de Sesion Forzado'),
(1885, '2025-03-19 08:52:28', 0, '200.52.153.212', 'Cierre de Sesion Forzado'),
(1886, '2025-03-19 08:52:29', 0, '200.52.153.212', 'Cierre de Sesion Forzado'),
(1887, '2025-03-19 09:24:05', 0, '170.80.143.8', 'Cierre de Sesion Forzado'),
(1888, '2025-03-19 09:24:07', 0, '170.80.143.8', 'Cierre de Sesion Forzado'),
(1889, '2025-03-19 09:38:21', 0, '157.55.39.195', 'Cierre de Sesion Forzado'),
(1890, '2025-03-19 12:12:20', 0, '157.55.39.195', 'Cierre de Sesion Forzado'),
(1891, '2025-03-19 12:12:21', 0, '157.55.39.195', 'Cierre de Sesion Forzado'),
(1892, '2025-03-19 12:14:35', 0, '190.5.126.249', 'Cierre de Sesion Forzado'),
(1893, '2025-03-19 12:14:37', 0, '190.5.126.249', 'Cierre de Sesion Forzado'),
(1894, '2025-03-19 16:15:05', 0, '157.55.39.56', 'Cierre de Sesion Forzado'),
(1895, '2025-03-19 16:15:06', 0, '157.55.39.56', 'Cierre de Sesion Forzado'),
(1896, '2025-03-19 23:23:46', 0, '207.46.13.14', 'Cierre de Sesion Forzado'),
(1897, '2025-03-19 23:44:35', 0, '207.46.13.18', 'Cierre de Sesion Forzado'),
(1898, '2025-03-20 11:26:11', 0, '40.77.167.77', 'Cierre de Sesion Forzado'),
(1899, '2025-03-20 12:10:25', 0, '52.167.144.147', 'Cierre de Sesion Forzado'),
(1900, '2025-03-20 16:14:30', 0, '40.77.167.4', 'Cierre de Sesion Forzado'),
(1901, '2025-03-20 16:15:00', 0, '52.167.144.203', 'Cierre de Sesion Forzado'),
(1902, '2025-03-20 16:46:01', 0, '138.204.180.9', 'Cierre de Sesion Forzado'),
(1903, '2025-03-20 16:46:03', 0, '138.204.180.9', 'Cierre de Sesion Forzado'),
(1904, '2025-03-20 17:52:52', 0, '40.77.167.144', 'Cierre de Sesion Forzado'),
(1905, '2025-03-20 18:38:01', 1, '201.220.137.234', 'Ingreso al modulo Dashboard'),
(1906, '2025-03-20 18:38:21', 1, '201.220.137.234', 'Ingreso al modulo Usuarios'),
(1907, '2025-03-20 18:38:55', 1, '201.220.137.234', 'Ingreso al modulo Secuencia de Facturación'),
(1908, '2025-03-20 18:39:02', 1, '201.220.137.234', 'Ingreso al modulo Configurar Almacén'),
(1909, '2025-03-20 18:39:12', 1, '201.220.137.234', 'Ingreso al modulo Reporte de Compras'),
(1910, '2025-03-20 18:39:14', 1, '201.220.137.234', 'Ingreso al modulo Cuentas por Cobrar Clientes'),
(1911, '2025-03-20 18:39:17', 1, '201.220.137.234', 'Ingreso al modulo Cuentas por Pagar Proveedores'),
(1912, '2025-03-20 18:39:19', 1, '201.220.137.234', 'Ingreso al modulo Reporte de Compras'),
(1913, '2025-03-20 18:40:32', 1, '201.220.137.234', 'Ingreso al modulo Dashboard'),
(1914, '2025-03-20 18:40:34', 1, '201.220.137.234', 'Ingreso al modulo Clientes'),
(1915, '2025-03-20 18:41:00', 1, '201.220.137.234', 'Ingreso al modulo Clientes'),
(1916, '2025-03-20 18:41:21', 1, '201.220.137.234', 'Ingreso al modulo Nomnas'),
(1917, '2025-03-20 18:41:21', 1, '201.220.137.234', 'Ingreso al modulo Nomna de Empleados');
INSERT INTO `historial_acceso` (`historial_acceso_id`, `fecha`, `colaboradores_id`, `ip`, `acceso`) VALUES
(1918, '2025-03-20 18:41:45', 1, '201.220.137.234', 'Ingreso al modulo Inventario'),
(1919, '2025-03-20 18:42:03', 1, '201.220.137.234', 'Ingreso al modulo Configuración de Cuentas'),
(1920, '2025-03-20 18:42:28', 1, '201.220.137.234', 'Ingreso al modulo Colaboradores'),
(1921, '2025-03-20 18:42:39', 1, '201.220.137.234', 'Ingreso al modulo Nomnas'),
(1922, '2025-03-20 18:42:39', 1, '201.220.137.234', 'Ingreso al modulo Nomna de Empleados'),
(1923, '2025-03-20 18:43:03', 1, '201.220.137.234', 'Ingreso al modulo Reporte de Ventas'),
(1924, '2025-03-20 18:47:51', 1, '201.220.137.234', 'Ingreso al modulo Tipo Usuario'),
(1925, '2025-03-20 18:47:58', 1, '201.220.137.234', 'Ingreso al modulo Privilegios'),
(1926, '2025-03-20 18:48:08', 1, '201.220.137.234', 'Ingreso al modulo Configuración Medidas'),
(1927, '2025-03-20 18:48:16', 1, '201.220.137.234', 'Ingreso al modulo Configuración Medidas'),
(1928, '2025-03-20 18:48:29', 1, '201.220.137.234', 'Ingreso al modulo Configuradión Ubicación'),
(1929, '2025-03-20 18:48:47', 1, '201.220.137.234', 'Ingreso al modulo Configurar Almacén'),
(1930, '2025-03-20 18:48:54', 1, '201.220.137.234', 'Ingreso al modulo Secuencia de Facturación'),
(1931, '2025-03-20 18:49:22', 1, '201.220.137.234', 'Ingreso al modulo Usuarios'),
(1932, '2025-03-20 18:49:29', 1, '201.220.137.234', 'Ingreso al modulo Puestos'),
(1933, '2025-03-20 18:49:44', 1, '201.220.137.234', 'Ingreso al modulo Inventario'),
(1934, '2025-03-20 18:49:55', 1, '201.220.137.234', 'Ingreso al modulo Productos'),
(1935, '2025-03-20 18:50:17', 1, '201.220.137.234', 'Ingreso al modulo Compras'),
(1936, '2025-03-20 18:50:21', 1, '201.220.137.234', 'Ingreso al modulo Cajas'),
(1937, '2025-03-20 18:50:27', 1, '201.220.137.234', 'Ingreso al modulo Facturas'),
(1938, '2025-03-20 18:50:37', 1, '201.220.137.234', 'Ingreso al modulo Facturas'),
(1939, '2025-03-20 20:33:06', 0, '207.46.13.155', 'Cierre de Sesion Forzado'),
(1940, '2025-03-21 01:06:23', 0, '157.55.39.61', 'Cierre de Sesion Forzado'),
(1941, '2025-03-21 01:22:48', 0, '40.77.190.21', 'Cierre de Sesion Forzado'),
(1942, '2025-03-21 06:08:41', 0, '40.77.167.21', 'Cierre de Sesion Forzado'),
(1943, '2025-03-21 06:41:11', 0, '157.55.39.60', 'Cierre de Sesion Forzado'),
(1944, '2025-03-21 06:41:12', 0, '157.55.39.60', 'Cierre de Sesion Forzado'),
(1945, '2025-03-21 07:30:47', 0, '40.77.167.41', 'Cierre de Sesion Forzado'),
(1946, '2025-03-21 08:56:21', 0, '138.204.180.9', 'Cierre de Sesion Forzado'),
(1947, '2025-03-21 09:48:26', 0, '157.55.39.48', 'Cierre de Sesion Forzado'),
(1948, '2025-03-21 10:40:47', 0, '207.46.13.7', 'Cierre de Sesion Forzado'),
(1949, '2025-03-21 14:06:59', 0, '52.167.144.226', 'Cierre de Sesion Forzado'),
(1950, '2025-03-21 17:54:27', 1, '170.83.119.131', 'Ingreso al modulo Dashboard'),
(1951, '2025-03-21 17:54:37', 1, '170.83.119.131', 'Ingreso al modulo Reporte de Ventas'),
(1952, '2025-03-21 20:09:38', 0, '207.46.13.102', 'Cierre de Sesion Forzado'),
(1953, '2025-03-21 21:09:52', 0, '157.55.39.9', 'Cierre de Sesion Forzado'),
(1954, '2025-03-21 21:26:35', 0, '40.77.190.54', 'Cierre de Sesion Forzado'),
(1955, '2025-03-22 00:00:39', 0, '207.46.13.124', 'Cierre de Sesion Forzado'),
(1956, '2025-03-22 07:39:28', 1, '170.83.119.131', 'Ingreso al modulo Dashboard'),
(1957, '2025-03-22 07:39:31', 1, '170.83.119.131', 'Ingreso al modulo Cuentas Cuentas Contabilidad'),
(1958, '2025-03-22 07:39:35', 1, '170.83.119.131', 'Ingreso al modulo Gastos Contabilidad'),
(1959, '2025-03-22 07:41:34', 1, '170.83.119.131', 'Ingreso al modulo Reporte de Ventas'),
(1960, '2025-03-22 07:45:42', 1, '170.83.119.131', 'Cierre de Sesion'),
(1961, '2025-03-22 08:08:01', 0, '138.204.180.9', 'Cierre de Sesion Forzado'),
(1962, '2025-03-22 09:28:41', 0, '157.55.39.193', 'Cierre de Sesion Forzado'),
(1963, '2025-03-22 09:28:41', 0, '157.55.39.193', 'Cierre de Sesion Forzado'),
(1964, '2025-03-22 09:35:15', 0, '170.80.143.8', 'Cierre de Sesion Forzado'),
(1965, '2025-03-22 09:35:17', 0, '170.80.143.8', 'Cierre de Sesion Forzado'),
(1966, '2025-03-22 13:00:56', 0, '52.167.144.180', 'Cierre de Sesion Forzado'),
(1967, '2025-03-22 14:00:03', 0, '40.77.167.7', 'Cierre de Sesion Forzado'),
(1968, '2025-03-22 17:23:57', 0, '40.77.190.180', 'Cierre de Sesion Forzado'),
(1969, '2025-03-22 17:55:56', 0, '20.15.133.175', 'Cierre de Sesion Forzado'),
(1970, '2025-03-22 18:14:35', 0, '40.77.191.127', 'Cierre de Sesion Forzado'),
(1971, '2025-03-22 18:57:34', 1, '201.220.137.234', 'Ingreso al modulo Dashboard'),
(1972, '2025-03-22 18:57:39', 1, '201.220.137.234', 'Ingreso al modulo Reporte de Ventas'),
(1973, '2025-03-22 19:10:50', 0, '207.46.13.111', 'Cierre de Sesion Forzado'),
(1974, '2025-03-22 19:41:07', 0, '207.46.13.151', 'Cierre de Sesion Forzado'),
(1975, '2025-03-22 23:41:21', 0, '157.55.39.197', 'Cierre de Sesion Forzado'),
(1976, '2025-03-22 23:41:22', 0, '157.55.39.197', 'Cierre de Sesion Forzado'),
(1977, '2025-03-23 00:12:14', 0, '207.46.13.155', 'Cierre de Sesion Forzado'),
(1978, '2025-03-23 00:28:05', 0, '207.46.13.127', 'Cierre de Sesion Forzado'),
(1979, '2025-03-23 00:44:18', 0, '40.77.188.112', 'Cierre de Sesion Forzado'),
(1980, '2025-03-23 03:00:54', 0, '207.46.13.87', 'Cierre de Sesion Forzado'),
(1981, '2025-03-23 09:44:16', 0, '138.204.180.9', 'Cierre de Sesion Forzado'),
(1982, '2025-03-23 14:39:06', 0, '157.55.39.51', 'Cierre de Sesion Forzado'),
(1983, '2025-03-23 15:40:09', 0, '157.55.39.49', 'Cierre de Sesion Forzado'),
(1984, '2025-03-23 18:53:49', 0, '157.55.39.57', 'Cierre de Sesion Forzado'),
(1985, '2025-03-23 18:53:50', 0, '157.55.39.57', 'Cierre de Sesion Forzado'),
(1986, '2025-03-23 19:10:34', 0, '40.77.189.17', 'Cierre de Sesion Forzado'),
(1987, '2025-03-24 01:46:22', 0, '52.167.144.205', 'Cierre de Sesion Forzado'),
(1988, '2025-03-24 22:31:56', 0, '207.46.13.156', 'Cierre de Sesion Forzado'),
(1989, '2025-03-24 23:40:24', 0, '207.46.13.7', 'Cierre de Sesion Forzado'),
(1990, '2025-03-25 06:43:38', 0, '52.167.144.158', 'Cierre de Sesion Forzado'),
(1991, '2025-03-25 07:08:18', 0, '157.55.39.200', 'Cierre de Sesion Forzado'),
(1992, '2025-03-25 11:49:52', 0, '200.52.153.212', 'Cierre de Sesion Forzado'),
(1993, '2025-03-25 12:47:18', 0, '207.46.13.102', 'Cierre de Sesion Forzado'),
(1994, '2025-03-25 13:18:16', 0, '157.55.39.7', 'Cierre de Sesion Forzado'),
(1995, '2025-03-25 14:30:01', 0, '207.46.13.111', 'Cierre de Sesion Forzado'),
(1996, '2025-03-25 17:10:02', 1, '170.83.119.131', 'Ingreso al modulo Dashboard'),
(1997, '2025-03-25 17:10:11', 1, '170.83.119.131', 'Ingreso al modulo Productos'),
(1998, '2025-03-25 17:10:17', 1, '170.83.119.131', 'Ingreso al modulo Inventario'),
(1999, '2025-03-25 17:10:19', 1, '170.83.119.131', 'Ingreso al modulo Inventario'),
(2000, '2025-03-25 17:10:29', 1, '170.83.119.131', 'Cierre de Sesion'),
(2001, '2025-03-25 17:11:44', 0, '207.46.13.107', 'Cierre de Sesion Forzado'),
(2002, '2025-03-25 21:47:18', 0, '157.55.39.13', 'Cierre de Sesion Forzado'),
(2003, '2025-03-26 01:32:44', 0, '207.46.13.157', 'Cierre de Sesion Forzado'),
(2004, '2025-03-26 07:17:44', 0, '157.55.39.200', 'Cierre de Sesion Forzado'),
(2005, '2025-03-26 08:11:34', 0, '157.55.39.6', 'Cierre de Sesion Forzado'),
(2006, '2025-03-26 09:02:10', 0, '186.2.159.247', 'Cierre de Sesion Forzado'),
(2007, '2025-03-26 11:09:45', 0, '200.52.153.212', 'Cierre de Sesion Forzado'),
(2008, '2025-03-26 13:25:28', 0, '200.52.153.212', 'Cierre de Sesion Forzado'),
(2009, '2025-03-26 19:45:27', 0, '157.55.39.6', 'Cierre de Sesion Forzado'),
(2010, '2025-03-26 20:17:31', 0, '157.55.39.57', 'Cierre de Sesion Forzado'),
(2011, '2025-03-26 20:46:18', 1, '170.83.119.131', 'Ingreso al modulo Dashboard'),
(2012, '2025-03-26 20:46:21', 1, '170.83.119.131', 'Ingreso al modulo Reporte de Ventas'),
(2013, '2025-03-26 20:46:30', 1, '201.220.137.234', 'Ingreso al modulo Dashboard'),
(2014, '2025-03-26 20:46:42', 1, '201.220.137.234', 'Ingreso al modulo Facturas'),
(2015, '2025-03-26 20:46:48', 1, '201.220.137.234', 'Ingreso al modulo Reporte de Ventas'),
(2016, '2025-03-26 21:02:49', 1, '201.220.137.234', 'Ingreso al modulo Reporte de Ventas'),
(2017, '2025-03-27 03:09:01', 0, '40.77.167.149', 'Cierre de Sesion Forzado'),
(2018, '2025-03-27 04:52:06', 0, '52.167.144.219', 'Cierre de Sesion Forzado'),
(2019, '2025-03-27 05:08:17', 0, '40.77.202.3', 'Cierre de Sesion Forzado'),
(2020, '2025-03-27 05:09:12', 0, '207.46.13.7', 'Cierre de Sesion Forzado'),
(2021, '2025-03-27 09:10:37', 0, '52.167.144.221', 'Cierre de Sesion Forzado'),
(2022, '2025-03-27 09:53:00', 0, '40.77.167.151', 'Cierre de Sesion Forzado'),
(2023, '2025-03-27 11:20:52', 0, '40.77.167.38', 'Cierre de Sesion Forzado'),
(2024, '2025-03-27 14:50:54', 0, '157.55.39.202', 'Cierre de Sesion Forzado'),
(2025, '2025-03-27 15:01:13', 0, '157.55.39.61', 'Cierre de Sesion Forzado'),
(2026, '2025-03-27 15:15:45', 0, '157.55.39.14', 'Cierre de Sesion Forzado'),
(2027, '2025-03-27 15:59:45', 0, '157.55.39.48', 'Cierre de Sesion Forzado'),
(2028, '2025-03-27 16:41:20', 0, '157.55.39.49', 'Cierre de Sesion Forzado'),
(2029, '2025-03-27 16:46:12', 0, '157.55.39.197', 'Cierre de Sesion Forzado'),
(2030, '2025-03-27 16:58:09', 0, '40.77.190.169', 'Cierre de Sesion Forzado'),
(2031, '2025-03-27 18:03:59', 0, '207.46.13.7', 'Cierre de Sesion Forzado'),
(2032, '2025-03-27 20:36:39', 0, '207.46.13.14', 'Cierre de Sesion Forzado'),
(2033, '2025-03-27 21:25:49', 0, '201.220.128.35', 'Cierre de Sesion Forzado'),
(2034, '2025-03-27 23:07:43', 0, '157.55.39.60', 'Cierre de Sesion Forzado'),
(2035, '2025-03-27 23:24:26', 0, '40.77.190.145', 'Cierre de Sesion Forzado'),
(2036, '2025-03-28 05:07:08', 0, '207.46.13.102', 'Cierre de Sesion Forzado'),
(2037, '2025-03-28 05:12:37', 0, '157.55.39.7', 'Cierre de Sesion Forzado'),
(2038, '2025-03-28 05:14:46', 0, '157.55.39.200', 'Cierre de Sesion Forzado'),
(2039, '2025-03-28 05:15:50', 0, '157.55.39.200', 'Cierre de Sesion Forzado'),
(2040, '2025-03-28 06:05:29', 0, '157.55.39.61', 'Cierre de Sesion Forzado'),
(2041, '2025-03-28 06:35:59', 0, '157.55.39.13', 'Cierre de Sesion Forzado'),
(2042, '2025-03-28 06:41:22', 0, '157.55.39.13', 'Cierre de Sesion Forzado'),
(2043, '2025-03-28 08:55:51', 0, '52.167.144.173', 'Cierre de Sesion Forzado'),
(2044, '2025-03-28 10:39:32', 0, '40.77.167.151', 'Cierre de Sesion Forzado'),
(2045, '2025-03-28 10:51:02', 0, '52.167.144.175', 'Cierre de Sesion Forzado'),
(2046, '2025-03-28 11:12:55', 0, '52.167.144.211', 'Cierre de Sesion Forzado'),
(2047, '2025-03-28 12:14:47', 0, '40.77.167.4', 'Cierre de Sesion Forzado'),
(2048, '2025-03-28 14:39:37', 0, '52.167.144.211', 'Cierre de Sesion Forzado'),
(2049, '2025-03-28 14:48:34', 0, '52.167.144.213', 'Cierre de Sesion Forzado'),
(2050, '2025-03-28 15:09:44', 0, '52.167.144.205', 'Cierre de Sesion Forzado'),
(2051, '2025-03-28 15:21:32', 0, '40.77.167.68', 'Cierre de Sesion Forzado'),
(2052, '2025-03-28 15:37:48', 0, '40.77.188.254', 'Cierre de Sesion Forzado'),
(2053, '2025-03-28 15:47:05', 0, '40.77.167.25', 'Cierre de Sesion Forzado'),
(2054, '2025-03-28 15:47:26', 0, '200.52.153.212', 'Cierre de Sesion Forzado'),
(2055, '2025-03-28 15:47:28', 0, '200.52.153.212', 'Cierre de Sesion Forzado'),
(2056, '2025-03-28 16:48:28', 0, '40.77.167.23', 'Cierre de Sesion Forzado'),
(2057, '2025-03-28 18:10:31', 0, '52.167.144.235', 'Cierre de Sesion Forzado'),
(2058, '2025-03-28 18:10:31', 0, '52.167.144.235', 'Cierre de Sesion Forzado'),
(2059, '2025-03-28 19:22:10', 0, '52.167.144.20', 'Cierre de Sesion Forzado'),
(2060, '2025-03-28 19:48:37', 0, '52.167.144.166', 'Cierre de Sesion Forzado'),
(2061, '2025-03-28 19:48:38', 0, '52.167.144.166', 'Cierre de Sesion Forzado'),
(2062, '2025-03-28 19:48:39', 0, '52.167.144.166', 'Cierre de Sesion Forzado'),
(2063, '2025-03-28 21:37:56', 0, '52.167.144.166', 'Cierre de Sesion Forzado'),
(2064, '2025-03-29 01:18:38', 0, '40.77.167.51', 'Cierre de Sesion Forzado'),
(2065, '2025-03-29 04:18:39', 0, '52.167.144.215', 'Cierre de Sesion Forzado'),
(2066, '2025-03-29 14:12:35', 0, '40.77.167.25', 'Cierre de Sesion Forzado'),
(2067, '2025-03-29 15:28:47', 0, '52.167.144.187', 'Cierre de Sesion Forzado'),
(2068, '2025-03-29 15:28:48', 0, '52.167.144.187', 'Cierre de Sesion Forzado'),
(2069, '2025-03-29 16:30:34', 0, '52.167.144.189', 'Cierre de Sesion Forzado'),
(2070, '2025-03-29 20:14:14', 0, '52.167.144.191', 'Cierre de Sesion Forzado'),
(2071, '2025-03-29 20:14:14', 0, '52.167.144.191', 'Cierre de Sesion Forzado'),
(2072, '2025-03-29 23:35:05', 0, '52.167.144.234', 'Cierre de Sesion Forzado'),
(2073, '2025-03-30 00:29:38', 0, '40.77.167.235', 'Cierre de Sesion Forzado'),
(2074, '2025-03-30 02:25:12', 0, '52.167.144.137', 'Cierre de Sesion Forzado'),
(2075, '2025-03-30 03:49:57', 0, '52.167.144.196', 'Cierre de Sesion Forzado'),
(2076, '2025-03-30 04:10:43', 0, '40.77.167.235', 'Cierre de Sesion Forzado'),
(2077, '2025-03-30 08:43:58', 0, '40.77.167.143', 'Cierre de Sesion Forzado'),
(2078, '2025-03-30 12:42:14', 0, '157.55.39.63', 'Cierre de Sesion Forzado'),
(2079, '2025-03-30 13:03:15', 0, '40.77.167.38', 'Cierre de Sesion Forzado'),
(2080, '2025-03-30 13:51:18', 0, '52.167.144.163', 'Cierre de Sesion Forzado'),
(2081, '2025-03-30 15:51:07', 1, '170.83.119.131', 'Ingreso al modulo Dashboard'),
(2082, '2025-03-30 15:51:11', 1, '170.83.119.131', 'Ingreso al modulo Clientes'),
(2083, '2025-03-30 15:51:22', 1, '170.83.119.131', 'Ingreso al modulo Facturas'),
(2084, '2025-03-30 16:50:59', 0, '207.46.13.18', 'Cierre de Sesion Forzado'),
(2085, '2025-03-30 17:47:04', 1, '170.83.119.131', 'Ingreso al modulo Dashboard'),
(2086, '2025-03-30 18:48:56', 0, '52.167.144.23', 'Cierre de Sesion Forzado'),
(2087, '2025-03-30 18:56:31', 1, '170.83.119.131', 'Ingreso al modulo Dashboard'),
(2088, '2025-03-30 18:56:57', 1, '170.83.119.131', 'Ingreso al modulo Dashboard'),
(2089, '2025-03-30 23:14:06', 0, '157.55.39.7', 'Cierre de Sesion Forzado'),
(2090, '2025-03-31 02:41:23', 0, '52.167.144.137', 'Cierre de Sesion Forzado'),
(2091, '2025-03-31 05:16:34', 0, '207.46.13.154', 'Cierre de Sesion Forzado'),
(2092, '2025-03-31 05:16:34', 0, '207.46.13.154', 'Cierre de Sesion Forzado'),
(2093, '2025-03-31 05:16:35', 0, '207.46.13.154', 'Cierre de Sesion Forzado'),
(2094, '2025-03-31 08:25:34', 0, '200.52.153.212', 'Cierre de Sesion Forzado'),
(2095, '2025-03-31 08:25:37', 0, '200.52.153.212', 'Cierre de Sesion Forzado'),
(2096, '2025-03-31 08:25:40', 0, '200.52.153.212', 'Cierre de Sesion Forzado'),
(2097, '2025-03-31 08:25:42', 0, '200.52.153.212', 'Cierre de Sesion Forzado'),
(2098, '2025-03-31 08:25:45', 0, '200.52.153.212', 'Cierre de Sesion Forzado'),
(2099, '2025-03-31 08:25:47', 0, '200.52.153.212', 'Cierre de Sesion Forzado'),
(2100, '2025-03-31 10:03:15', 0, '40.77.167.72', 'Cierre de Sesion Forzado'),
(2101, '2025-03-31 11:36:23', 0, '40.77.167.24', 'Cierre de Sesion Forzado'),
(2102, '2025-03-31 11:36:50', 0, '40.77.167.41', 'Cierre de Sesion Forzado'),
(2103, '2025-03-31 11:36:50', 0, '40.77.167.41', 'Cierre de Sesion Forzado'),
(2104, '2025-03-31 12:20:13', 0, '207.46.13.157', 'Cierre de Sesion Forzado'),
(2105, '2025-03-31 12:21:53', 0, '52.167.144.21', 'Cierre de Sesion Forzado'),
(2106, '2025-03-31 13:45:19', 0, '40.77.167.23', 'Cierre de Sesion Forzado'),
(2107, '2025-03-31 14:04:52', 0, '52.167.144.189', 'Cierre de Sesion Forzado'),
(2108, '2025-03-31 14:05:14', 0, '52.167.144.189', 'Cierre de Sesion Forzado'),
(2109, '2025-03-31 14:05:14', 0, '52.167.144.189', 'Cierre de Sesion Forzado'),
(2110, '2025-03-31 14:05:16', 0, '52.167.144.189', 'Cierre de Sesion Forzado'),
(2111, '2025-03-31 15:49:48', 0, '52.167.144.187', 'Cierre de Sesion Forzado'),
(2112, '2025-03-31 17:00:04', 0, '52.167.144.186', 'Cierre de Sesion Forzado'),
(2113, '2025-03-31 18:15:19', 0, '40.77.167.14', 'Cierre de Sesion Forzado'),
(2114, '2025-03-31 18:27:12', 0, '52.167.144.236', 'Cierre de Sesion Forzado'),
(2115, '2025-03-31 21:11:27', 0, '52.167.144.161', 'Cierre de Sesion Forzado'),
(2116, '2025-03-31 21:11:28', 0, '52.167.144.161', 'Cierre de Sesion Forzado'),
(2117, '2025-04-01 05:53:06', 1, '190.109.194.51', 'Ingreso al modulo Dashboard'),
(2118, '2025-04-01 05:54:12', 1, '190.109.194.51', 'Ingreso al modulo Facturas'),
(2119, '2025-04-01 05:58:28', 1, '190.109.194.51', 'Ingreso al modulo Facturas'),
(2120, '2025-04-01 06:03:39', 0, '40.77.167.52', 'Cierre de Sesion Forzado'),
(2121, '2025-04-01 06:07:47', 1, '190.109.194.51', 'Ingreso al modulo Dashboard'),
(2122, '2025-04-01 06:26:13', 0, '52.167.144.23', 'Cierre de Sesion Forzado'),
(2123, '2025-04-01 07:58:03', 0, '40.77.167.23', 'Cierre de Sesion Forzado'),
(2124, '2025-04-01 09:36:49', 0, '40.77.167.26', 'Cierre de Sesion Forzado'),
(2125, '2025-04-01 09:58:09', 0, '40.77.167.3', 'Cierre de Sesion Forzado'),
(2126, '2025-04-01 10:18:43', 0, '52.167.144.203', 'Cierre de Sesion Forzado'),
(2127, '2025-04-01 10:25:10', 0, '138.204.180.6', 'Cierre de Sesion Forzado'),
(2128, '2025-04-01 11:34:00', 0, '40.77.167.43', 'Cierre de Sesion Forzado'),
(2129, '2025-04-01 12:15:09', 0, '40.77.167.116', 'Cierre de Sesion Forzado'),
(2130, '2025-04-01 12:31:36', 0, '207.46.13.153', 'Cierre de Sesion Forzado'),
(2131, '2025-04-01 12:31:37', 0, '207.46.13.153', 'Cierre de Sesion Forzado'),
(2132, '2025-04-01 12:31:38', 0, '207.46.13.153', 'Cierre de Sesion Forzado'),
(2133, '2025-04-01 12:31:38', 0, '207.46.13.153', 'Cierre de Sesion Forzado'),
(2134, '2025-04-01 12:57:51', 0, '207.46.13.54', 'Cierre de Sesion Forzado'),
(2135, '2025-04-01 13:25:49', 0, '40.77.188.41', 'Cierre de Sesion Forzado'),
(2136, '2025-04-01 14:54:19', 0, '207.46.13.124', 'Cierre de Sesion Forzado'),
(2137, '2025-04-01 14:54:20', 0, '207.46.13.124', 'Cierre de Sesion Forzado'),
(2138, '2025-04-01 14:54:23', 0, '207.46.13.124', 'Cierre de Sesion Forzado'),
(2139, '2025-04-01 15:56:13', 0, '207.46.13.64', 'Cierre de Sesion Forzado'),
(2140, '2025-04-01 16:03:25', 0, '157.55.39.56', 'Cierre de Sesion Forzado'),
(2141, '2025-04-01 18:05:42', 0, '157.55.39.203', 'Cierre de Sesion Forzado'),
(2142, '2025-04-02 04:19:18', 0, '66.249.64.1', 'Cierre de Sesion Forzado'),
(2143, '2025-04-02 06:28:18', 0, '66.249.66.79', 'Cierre de Sesion Forzado'),
(2144, '2025-04-02 06:29:18', 0, '66.249.66.79', 'Cierre de Sesion Forzado'),
(2145, '2025-04-02 06:32:48', 0, '66.249.66.80', 'Cierre de Sesion Forzado'),
(2146, '2025-04-02 06:37:18', 0, '66.249.66.80', 'Cierre de Sesion Forzado'),
(2147, '2025-04-02 06:41:48', 0, '66.249.66.79', 'Cierre de Sesion Forzado'),
(2148, '2025-04-02 07:04:18', 0, '66.249.66.78', 'Cierre de Sesion Forzado'),
(2149, '2025-04-02 07:29:18', 0, '66.249.66.78', 'Cierre de Sesion Forzado'),
(2150, '2025-04-02 07:31:18', 0, '66.249.66.79', 'Cierre de Sesion Forzado'),
(2151, '2025-04-02 07:35:30', 1, '181.115.5.190', 'Ingreso al modulo Dashboard'),
(2152, '2025-04-02 07:35:55', 1, '181.115.5.190', 'Cierre de Sesion'),
(2153, '2025-04-02 07:38:24', 1, '181.115.5.190', 'Ingreso al modulo Dashboard'),
(2154, '2025-04-02 07:40:18', 0, '66.249.66.78', 'Cierre de Sesion Forzado'),
(2155, '2025-04-02 07:42:17', 0, '66.249.66.80', 'Cierre de Sesion Forzado'),
(2156, '2025-04-02 07:58:18', 0, '66.249.66.80', 'Cierre de Sesion Forzado'),
(2157, '2025-04-02 08:07:18', 0, '66.249.66.78', 'Cierre de Sesion Forzado'),
(2158, '2025-04-02 08:14:18', 0, '66.249.66.80', 'Cierre de Sesion Forzado'),
(2159, '2025-04-02 08:20:19', 0, '66.249.66.78', 'Cierre de Sesion Forzado'),
(2160, '2025-04-02 08:27:20', 0, '66.249.66.78', 'Cierre de Sesion Forzado'),
(2161, '2025-04-02 08:33:20', 0, '66.249.66.79', 'Cierre de Sesion Forzado'),
(2162, '2025-04-02 08:38:07', 1, '161.69.53.15', 'Ingreso al modulo Dashboard'),
(2163, '2025-04-02 08:39:03', 1, '161.69.53.15', 'Ingreso al modulo Clientes'),
(2164, '2025-04-02 08:39:09', 1, '161.69.53.15', 'Ingreso al modulo Clientes'),
(2165, '2025-04-02 08:40:20', 0, '66.249.66.79', 'Cierre de Sesion Forzado'),
(2166, '2025-04-02 08:42:14', 0, '207.46.13.36', 'Cierre de Sesion Forzado'),
(2167, '2025-04-02 08:44:44', 1, '161.69.53.15', 'Cierre de Sesion'),
(2168, '2025-04-02 08:45:52', 0, '66.249.66.79', 'Cierre de Sesion Forzado'),
(2169, '2025-04-02 08:48:18', 0, '138.204.180.6', 'Cierre de Sesion Forzado'),
(2170, '2025-04-02 08:52:18', 0, '66.249.66.78', 'Cierre de Sesion Forzado'),
(2171, '2025-04-02 08:58:44', 0, '66.249.66.79', 'Cierre de Sesion Forzado'),
(2172, '2025-04-02 08:59:18', 0, '66.249.66.80', 'Cierre de Sesion Forzado'),
(2173, '2025-04-02 09:05:09', 0, '66.249.66.79', 'Cierre de Sesion Forzado'),
(2174, '2025-04-02 09:18:01', 0, '66.249.66.80', 'Cierre de Sesion Forzado'),
(2175, '2025-04-02 09:44:18', 0, '66.249.66.80', 'Cierre de Sesion Forzado'),
(2176, '2025-04-02 10:35:51', 0, '157.55.39.201', 'Cierre de Sesion Forzado'),
(2177, '2025-04-02 11:07:53', 0, '40.77.167.18', 'Cierre de Sesion Forzado'),
(2178, '2025-04-02 11:07:54', 0, '40.77.167.18', 'Cierre de Sesion Forzado'),
(2179, '2025-04-02 13:41:19', 0, '66.249.66.78', 'Cierre de Sesion Forzado'),
(2180, '2025-04-02 14:52:47', 0, '40.77.190.143', 'Cierre de Sesion Forzado'),
(2181, '2025-04-02 15:11:21', 0, '66.249.66.79', 'Cierre de Sesion Forzado'),
(2182, '2025-04-02 15:33:09', 1, '170.83.119.131', 'Ingreso al modulo Dashboard'),
(2183, '2025-04-02 15:33:25', 1, '170.83.119.131', 'Cierre de Sesion'),
(2184, '2025-04-02 17:37:37', 0, '52.167.144.147', 'Cierre de Sesion Forzado'),
(2185, '2025-04-02 17:52:06', 0, '52.167.144.207', 'Cierre de Sesion Forzado'),
(2186, '2025-04-02 18:09:22', 0, '40.77.167.76', 'Cierre de Sesion Forzado'),
(2187, '2025-04-02 18:11:19', 0, '66.249.66.79', 'Cierre de Sesion Forzado'),
(2188, '2025-04-02 18:17:55', 1, '170.83.119.131', 'Ingreso al modulo Dashboard'),
(2189, '2025-04-02 18:17:58', 1, '170.83.119.131', 'Ingreso al modulo Reporte de Ventas'),
(2190, '2025-04-02 18:18:02', 1, '170.83.119.131', 'Ingreso al modulo Cuentas Cuentas Contabilidad'),
(2191, '2025-04-02 18:18:15', 1, '170.83.119.131', 'Ingreso al modulo Ingresos Contabilidad'),
(2192, '2025-04-02 18:19:40', 1, '170.83.119.131', 'Ingreso al modulo Cuentas Cuentas Contabilidad'),
(2193, '2025-04-02 18:19:44', 1, '170.83.119.131', 'Ingreso al modulo Facturas'),
(2194, '2025-04-02 18:19:47', 1, '170.83.119.131', 'Ingreso al modulo Cajas'),
(2195, '2025-04-02 18:19:50', 1, '170.83.119.131', 'Ingreso al modulo Facturas'),
(2196, '2025-04-02 18:21:25', 1, '170.83.119.131', 'Ingreso al modulo Reporte de Ventas'),
(2197, '2025-04-02 18:23:24', 1, '170.83.119.131', 'Ingreso al modulo Facturas'),
(2198, '2025-04-02 18:25:07', 1, '170.83.119.131', 'Ingreso al modulo Facturas'),
(2199, '2025-04-02 18:26:07', 0, '40.77.167.54', 'Cierre de Sesion Forzado'),
(2200, '2025-04-02 18:26:07', 0, '40.77.167.54', 'Cierre de Sesion Forzado'),
(2201, '2025-04-02 18:27:50', 1, '170.83.119.131', 'Ingreso al modulo Reporte de Ventas'),
(2202, '2025-04-02 18:30:35', 1, '170.83.119.131', 'Ingreso al modulo Facturas'),
(2203, '2025-04-02 18:31:07', 1, '170.83.119.131', 'Ingreso al modulo Reporte de Ventas'),
(2204, '2025-04-02 18:32:26', 1, '170.83.119.131', 'Ingreso al modulo Reporte de Ventas'),
(2205, '2025-04-02 18:36:03', 0, '52.167.144.216', 'Cierre de Sesion Forzado'),
(2206, '2025-04-02 18:55:10', 1, '170.83.119.131', 'Ingreso al modulo Reporte de Ventas'),
(2207, '2025-04-02 18:58:53', 1, '170.83.119.131', 'Ingreso al modulo Secuencia de Facturación'),
(2208, '2025-04-02 18:59:16', 1, '170.83.119.131', 'Ingreso al modulo Facturas'),
(2209, '2025-04-02 18:59:50', 1, '170.83.119.131', 'Ingreso al modulo Reporte de Ventas'),
(2210, '2025-04-02 19:00:20', 1, '170.83.119.131', 'Ingreso al modulo Facturas'),
(2211, '2025-04-02 19:05:49', 1, '170.83.119.131', 'Ingreso al modulo Reporte de Ventas'),
(2212, '2025-04-02 19:25:18', 1, '170.83.119.131', 'Ingreso al modulo Dashboard'),
(2213, '2025-04-02 19:25:23', 1, '170.83.119.131', 'Ingreso al modulo Facturas'),
(2214, '2025-04-02 19:28:10', 1, '170.83.119.131', 'Ingreso al modulo Dashboard'),
(2215, '2025-04-02 19:28:14', 1, '170.83.119.131', 'Ingreso al modulo Facturas'),
(2216, '2025-04-02 20:29:28', 1, '170.83.119.131', 'Ingreso al modulo Dashboard'),
(2217, '2025-04-02 20:30:04', 1, '170.83.119.131', 'Ingreso al modulo Facturas'),
(2218, '2025-04-02 22:21:36', 0, '40.77.167.48', 'Cierre de Sesion Forzado'),
(2219, '2025-04-02 22:38:03', 0, '40.77.190.19', 'Cierre de Sesion Forzado'),
(2220, '2025-04-03 01:04:01', 0, '66.249.66.78', 'Cierre de Sesion Forzado'),
(2221, '2025-04-03 03:53:03', 0, '207.46.13.130', 'Cierre de Sesion Forzado'),
(2222, '2025-04-03 04:24:10', 1, '170.83.119.131', 'Ingreso al modulo Clientes'),
(2223, '2025-04-03 04:24:23', 1, '170.83.119.131', 'Ingreso al modulo Facturas'),
(2224, '2025-04-03 04:25:16', 1, '170.83.119.131', 'Ingreso al modulo Puestos'),
(2225, '2025-04-03 04:25:51', 1, '170.83.119.131', 'Cierre de Sesion'),
(2226, '2025-04-03 07:05:03', 0, '157.55.39.203', 'Cierre de Sesion Forzado'),
(2227, '2025-04-03 07:05:03', 0, '157.55.39.203', 'Cierre de Sesion Forzado'),
(2228, '2025-04-03 07:05:04', 0, '157.55.39.203', 'Cierre de Sesion Forzado'),
(2229, '2025-04-03 08:01:50', 0, '52.167.144.147', 'Cierre de Sesion Forzado'),
(2230, '2025-04-03 08:21:43', 0, '52.167.144.19', 'Cierre de Sesion Forzado'),
(2231, '2025-04-03 08:29:23', 0, '52.167.144.184', 'Cierre de Sesion Forzado'),
(2232, '2025-04-03 08:39:13', 0, '40.77.189.55', 'Cierre de Sesion Forzado'),
(2233, '2025-04-03 09:43:04', 0, '52.167.144.196', 'Cierre de Sesion Forzado'),
(2234, '2025-04-03 11:46:04', 1, '161.69.53.15', 'Ingreso al modulo Dashboard'),
(2235, '2025-04-03 11:46:07', 1, '161.69.53.15', 'Ingreso al modulo Clientes'),
(2236, '2025-04-03 11:46:39', 1, '161.69.53.15', 'Ingreso al modulo Clientes'),
(2237, '2025-04-03 11:56:22', 0, '207.46.13.155', 'Cierre de Sesion Forzado'),
(2238, '2025-04-03 12:21:56', 0, '40.77.167.156', 'Cierre de Sesion Forzado'),
(2239, '2025-04-03 13:08:46', 0, '177.10.186.171', 'Cierre de Sesion Forzado'),
(2240, '2025-04-03 13:34:59', 1, '161.69.53.15', 'Ingreso al modulo Clientes'),
(2241, '2025-04-03 13:35:03', 1, '161.69.53.15', 'Ingreso al modulo Clientes'),
(2242, '2025-04-03 17:30:31', 0, '207.46.13.155', 'Cierre de Sesion Forzado'),
(2243, '2025-04-03 18:57:48', 1, '170.83.119.131', 'Ingreso al modulo Dashboard'),
(2244, '2025-04-03 18:57:54', 1, '170.83.119.131', 'Ingreso al modulo Reporte de Ventas'),
(2245, '2025-04-03 18:58:29', 1, '170.83.119.131', 'Ingreso al modulo Cuentas por Cobrar Clientes'),
(2246, '2025-04-03 19:00:05', 1, '170.83.119.131', 'Ingreso al modulo Cuentas Cuentas Contabilidad'),
(2247, '2025-04-03 19:01:02', 1, '170.83.119.131', 'Ingreso al modulo Ingresos Contabilidad'),
(2248, '2025-04-03 19:01:29', 1, '170.83.119.131', 'Ingreso al modulo Cajas'),
(2249, '2025-04-03 19:02:16', 1, '170.83.119.131', 'Ingreso al modulo Ingresos Contabilidad'),
(2250, '2025-04-03 19:02:40', 1, '170.83.119.131', 'Ingreso al modulo Ingresos Contabilidad'),
(2251, '2025-04-03 19:02:43', 1, '170.83.119.131', 'Ingreso al modulo Reporte de Ventas'),
(2252, '2025-04-03 19:04:04', 1, '170.83.119.131', 'Ingreso al modulo Cuentas Cuentas Contabilidad'),
(2253, '2025-04-03 19:04:19', 1, '170.83.119.131', 'Ingreso al modulo Gastos Contabilidad'),
(2254, '2025-04-03 19:04:34', 1, '170.83.119.131', 'Ingreso al modulo Proveedores'),
(2255, '2025-04-03 19:04:52', 1, '170.83.119.131', 'Ingreso al modulo Gastos Contabilidad'),
(2256, '2025-04-03 19:07:39', 1, '170.83.119.131', 'Ingreso al modulo Cuentas Cuentas Contabilidad'),
(2257, '2025-04-03 19:07:58', 1, '170.83.119.131', 'Cierre de Sesion'),
(2258, '2025-04-03 20:39:28', 1, '170.83.119.131', 'Ingreso al modulo Facturas'),
(2259, '2025-04-03 20:57:38', 1, '170.83.119.131', 'Ingreso al modulo Facturas'),
(2260, '2025-04-03 20:57:47', 1, '170.83.119.131', 'Ingreso al modulo Reporte de Ventas'),
(2261, '2025-04-03 21:01:36', 1, '170.83.119.131', 'Ingreso al modulo Reporte de Ventas'),
(2262, '2025-04-03 21:03:16', 1, '170.83.119.131', 'Ingreso al modulo Facturas'),
(2263, '2025-04-03 21:03:25', 1, '170.83.119.131', 'Ingreso al modulo Facturas'),
(2264, '2025-04-03 21:16:28', 0, '170.83.119.131', 'Cierre de Sesion Forzado'),
(2265, '2025-04-03 21:16:30', 0, '170.83.119.131', 'Cierre de Sesion Forzado'),
(2266, '2025-04-03 22:47:59', 0, '40.77.167.35', 'Cierre de Sesion Forzado'),
(2267, '2025-04-04 03:59:28', 0, '40.77.167.60', 'Cierre de Sesion Forzado'),
(2268, '2025-04-04 05:23:12', 0, '52.167.144.222', 'Cierre de Sesion Forzado'),
(2269, '2025-04-04 05:23:12', 0, '52.167.144.222', 'Cierre de Sesion Forzado'),
(2270, '2025-04-04 08:09:59', 0, '52.167.144.213', 'Cierre de Sesion Forzado'),
(2271, '2025-04-04 08:26:30', 0, '40.77.189.248', 'Cierre de Sesion Forzado'),
(2272, '2025-04-04 08:49:12', 0, '52.167.144.222', 'Cierre de Sesion Forzado'),
(2273, '2025-04-04 08:49:55', 0, '138.204.180.6', 'Cierre de Sesion Forzado'),
(2274, '2025-04-04 09:21:17', 0, '52.167.144.216', 'Cierre de Sesion Forzado'),
(2275, '2025-04-04 10:57:18', 1, '161.69.53.15', 'Ingreso al modulo Facturas'),
(2276, '2025-04-04 10:58:40', 1, '161.69.53.15', 'Ingreso al modulo Facturas'),
(2277, '2025-04-04 11:23:35', 0, '40.77.167.158', 'Cierre de Sesion Forzado'),
(2278, '2025-04-04 11:23:35', 0, '40.77.167.158', 'Cierre de Sesion Forzado'),
(2279, '2025-04-04 12:01:02', 0, '52.167.144.196', 'Cierre de Sesion Forzado'),
(2280, '2025-04-04 12:01:02', 0, '52.167.144.196', 'Cierre de Sesion Forzado'),
(2281, '2025-04-04 13:51:00', 0, '52.167.144.225', 'Cierre de Sesion Forzado'),
(2282, '2025-04-04 15:26:49', 0, '40.77.167.3', 'Cierre de Sesion Forzado'),
(2283, '2025-04-04 18:12:03', 0, '52.167.144.180', 'Cierre de Sesion Forzado'),
(2284, '2025-04-04 19:07:09', 0, '40.77.167.17', 'Cierre de Sesion Forzado'),
(2285, '2025-04-04 19:11:44', 0, '40.77.167.17', 'Cierre de Sesion Forzado'),
(2286, '2025-04-04 19:40:01', 0, '52.167.144.171', 'Cierre de Sesion Forzado'),
(2287, '2025-04-04 19:47:58', 0, '52.167.144.171', 'Cierre de Sesion Forzado'),
(2288, '2025-04-04 20:42:37', 0, '52.167.144.218', 'Cierre de Sesion Forzado'),
(2289, '2025-04-04 20:59:51', 0, '40.77.189.224', 'Cierre de Sesion Forzado'),
(2290, '2025-04-04 21:03:14', 0, '40.77.167.24', 'Cierre de Sesion Forzado'),
(2291, '2025-04-04 21:52:37', 0, '40.77.167.152', 'Cierre de Sesion Forzado'),
(2292, '2025-04-04 23:05:33', 0, '52.167.144.23', 'Cierre de Sesion Forzado'),
(2293, '2025-04-04 23:05:33', 0, '52.167.144.23', 'Cierre de Sesion Forzado'),
(2294, '2025-04-04 23:05:56', 0, '66.249.66.78', 'Cierre de Sesion Forzado'),
(2295, '2025-04-04 23:22:17', 0, '40.77.188.16', 'Cierre de Sesion Forzado'),
(2296, '2025-04-05 01:18:40', 0, '52.167.144.150', 'Cierre de Sesion Forzado'),
(2297, '2025-04-05 05:00:39', 0, '40.77.167.26', 'Cierre de Sesion Forzado'),
(2298, '2025-04-05 05:12:36', 0, '52.167.144.173', 'Cierre de Sesion Forzado'),
(2299, '2025-04-05 06:30:17', 0, '52.167.144.225', 'Cierre de Sesion Forzado'),
(2300, '2025-04-05 06:30:18', 0, '52.167.144.225', 'Cierre de Sesion Forzado'),
(2301, '2025-04-05 07:08:35', 1, '190.109.194.51', 'Ingreso al modulo Dashboard'),
(2302, '2025-04-05 07:08:38', 1, '190.109.194.51', 'Ingreso al modulo Reporte de Ventas'),
(2303, '2025-04-05 08:07:26', 1, '190.109.194.51', 'Ingreso al modulo Dashboard'),
(2304, '2025-04-05 08:07:36', 1, '190.109.194.51', 'Ingreso al modulo Cuentas Cuentas Contabilidad'),
(2305, '2025-04-05 08:07:39', 1, '190.109.194.51', 'Ingreso al modulo Cuentas por Cobrar Clientes'),
(2306, '2025-04-05 08:10:26', 1, '190.109.194.51', 'Cierre de Sesion'),
(2307, '2025-04-05 11:21:28', 0, '138.204.180.6', 'Cierre de Sesion Forzado'),
(2308, '2025-04-05 11:21:29', 0, '138.204.180.6', 'Cierre de Sesion Forzado'),
(2309, '2025-04-05 12:22:32', 0, '40.77.167.47', 'Cierre de Sesion Forzado'),
(2310, '2025-04-05 12:33:06', 0, '40.77.167.224', 'Cierre de Sesion Forzado'),
(2311, '2025-04-05 12:42:11', 0, '40.77.167.224', 'Cierre de Sesion Forzado'),
(2312, '2025-04-05 12:45:09', 0, '52.167.144.194', 'Cierre de Sesion Forzado'),
(2313, '2025-04-05 12:51:37', 0, '52.167.144.194', 'Cierre de Sesion Forzado'),
(2314, '2025-04-05 13:18:42', 0, '52.167.144.183', 'Cierre de Sesion Forzado'),
(2315, '2025-04-05 13:37:27', 0, '52.167.144.187', 'Cierre de Sesion Forzado'),
(2316, '2025-04-05 13:54:37', 0, '40.77.188.88', 'Cierre de Sesion Forzado'),
(2317, '2025-04-05 14:02:01', 0, '52.167.144.187', 'Cierre de Sesion Forzado'),
(2318, '2025-04-05 14:02:01', 0, '52.167.144.187', 'Cierre de Sesion Forzado'),
(2319, '2025-04-05 14:27:11', 1, '181.115.63.103', 'Ingreso al modulo Facturas'),
(2320, '2025-04-05 14:27:20', 1, '181.115.64.103', 'Ingreso al modulo Facturas'),
(2321, '2025-04-05 14:27:28', 1, '181.115.64.103', 'Ingreso al modulo Facturas'),
(2322, '2025-04-05 14:27:30', 1, '181.115.64.103', 'Ingreso al modulo Facturas'),
(2323, '2025-04-05 14:29:41', 1, '181.115.63.103', 'Ingreso al modulo Facturas'),
(2324, '2025-04-05 14:39:44', 1, '181.115.63.103', 'Ingreso al modulo Facturas'),
(2325, '2025-04-05 14:39:48', 1, '181.115.64.103', 'Ingreso al modulo Facturas'),
(2326, '2025-04-05 15:39:30', 0, '40.77.167.52', 'Cierre de Sesion Forzado'),
(2327, '2025-04-05 15:39:30', 0, '40.77.167.52', 'Cierre de Sesion Forzado'),
(2328, '2025-04-05 16:46:42', 0, '181.115.64.215', 'Cierre de Sesion Forzado'),
(2329, '2025-04-05 16:46:43', 0, '181.115.64.215', 'Cierre de Sesion Forzado'),
(2330, '2025-04-05 16:46:55', 0, '181.115.63.103', 'Cierre de Sesion Forzado'),
(2331, '2025-04-05 16:46:57', 0, '181.115.64.215', 'Cierre de Sesion Forzado'),
(2332, '2025-04-05 16:47:13', 0, '181.115.63.103', 'Cierre de Sesion Forzado'),
(2333, '2025-04-05 16:47:15', 0, '181.115.63.103', 'Cierre de Sesion Forzado'),
(2334, '2025-04-05 16:47:50', 0, '181.115.64.215', 'Cierre de Sesion Forzado'),
(2335, '2025-04-05 16:47:52', 0, '181.115.64.215', 'Cierre de Sesion Forzado'),
(2336, '2025-04-05 17:04:44', 1, '181.115.63.103', 'Ingreso al modulo Reporte de Ventas'),
(2337, '2025-04-05 17:05:22', 1, '181.115.63.103', 'Ingreso al modulo Cuentas por Cobrar Clientes'),
(2338, '2025-04-05 17:17:00', 0, '40.77.167.74', 'Cierre de Sesion Forzado'),
(2339, '2025-04-05 19:01:28', 0, '52.167.144.174', 'Cierre de Sesion Forzado'),
(2340, '2025-04-05 19:01:28', 0, '52.167.144.174', 'Cierre de Sesion Forzado'),
(2341, '2025-04-05 19:01:28', 0, '52.167.144.174', 'Cierre de Sesion Forzado'),
(2342, '2025-04-05 23:49:12', 0, '40.77.167.156', 'Cierre de Sesion Forzado'),
(2343, '2025-04-06 00:06:30', 0, '40.77.188.203', 'Cierre de Sesion Forzado'),
(2344, '2025-04-06 06:57:17', 0, '52.167.144.211', 'Cierre de Sesion Forzado'),
(2345, '2025-04-06 09:00:41', 0, '52.167.144.137', 'Cierre de Sesion Forzado'),
(2346, '2025-04-06 09:00:42', 0, '52.167.144.137', 'Cierre de Sesion Forzado'),
(2347, '2025-04-06 09:00:42', 0, '52.167.144.137', 'Cierre de Sesion Forzado'),
(2348, '2025-04-06 09:46:45', 0, '138.204.180.6', 'Cierre de Sesion Forzado'),
(2349, '2025-04-06 09:55:01', 0, '170.80.143.8', 'Cierre de Sesion Forzado'),
(2350, '2025-04-06 09:55:03', 0, '170.80.143.8', 'Cierre de Sesion Forzado'),
(2351, '2025-04-06 10:13:59', 0, '181.115.6.1', 'Cierre de Sesion Forzado'),
(2352, '2025-04-06 10:24:01', 0, '52.167.144.156', 'Cierre de Sesion Forzado'),
(2353, '2025-04-06 10:24:02', 0, '52.167.144.156', 'Cierre de Sesion Forzado'),
(2354, '2025-04-06 10:40:17', 0, '40.77.189.181', 'Cierre de Sesion Forzado'),
(2355, '2025-04-06 10:52:51', 1, '170.83.119.131', 'Ingreso al modulo Dashboard'),
(2356, '2025-04-06 10:52:54', 1, '170.83.119.131', 'Ingreso al modulo Reporte de Ventas'),
(2357, '2025-04-06 11:44:02', 0, '52.167.144.213', 'Cierre de Sesion Forzado'),
(2358, '2025-04-06 11:44:02', 0, '52.167.144.213', 'Cierre de Sesion Forzado'),
(2359, '2025-04-06 12:14:20', 0, '66.249.66.80', 'Cierre de Sesion Forzado'),
(2360, '2025-04-06 12:23:00', 0, '40.77.167.14', 'Cierre de Sesion Forzado'),
(2361, '2025-04-06 14:15:41', 0, '40.77.167.53', 'Cierre de Sesion Forzado'),
(2362, '2025-04-06 15:30:17', 0, '40.77.167.123', 'Cierre de Sesion Forzado'),
(2363, '2025-04-06 15:30:17', 0, '40.77.167.123', 'Cierre de Sesion Forzado'),
(2364, '2025-04-06 15:30:18', 0, '40.77.167.123', 'Cierre de Sesion Forzado'),
(2365, '2025-04-06 16:05:05', 1, '170.83.119.131', 'Ingreso al modulo Dashboard'),
(2366, '2025-04-06 16:05:07', 1, '170.83.119.131', 'Ingreso al modulo Dashboard'),
(2367, '2025-04-06 16:05:08', 1, '170.83.119.131', 'Ingreso al modulo Reporte de Ventas'),
(2368, '2025-04-06 16:05:09', 1, '170.83.119.131', 'Ingreso al modulo Reporte de Ventas'),
(2369, '2025-04-06 16:21:28', 0, '40.77.167.144', 'Cierre de Sesion Forzado'),
(2370, '2025-04-06 16:21:29', 0, '40.77.167.144', 'Cierre de Sesion Forzado'),
(2371, '2025-04-06 17:17:12', 0, '52.167.144.189', 'Cierre de Sesion Forzado'),
(2372, '2025-04-06 17:58:28', 0, '40.77.167.48', 'Cierre de Sesion Forzado'),
(2373, '2025-04-06 18:49:20', 0, '52.167.144.206', 'Cierre de Sesion Forzado'),
(2374, '2025-04-06 19:18:34', 0, '181.115.6.1', 'Cierre de Sesion Forzado'),
(2375, '2025-04-06 19:18:35', 0, '181.115.6.1', 'Cierre de Sesion Forzado'),
(2376, '2025-04-06 21:20:50', 0, '40.77.167.53', 'Cierre de Sesion Forzado'),
(2377, '2025-04-06 22:37:23', 0, '52.167.144.184', 'Cierre de Sesion Forzado'),
(2378, '2025-04-06 23:37:26', 0, '40.77.167.72', 'Cierre de Sesion Forzado'),
(2379, '2025-04-06 23:52:52', 0, '52.167.144.210', 'Cierre de Sesion Forzado'),
(2380, '2025-04-06 23:52:52', 0, '52.167.144.210', 'Cierre de Sesion Forzado'),
(2381, '2025-04-07 03:30:08', 0, '52.167.144.179', 'Cierre de Sesion Forzado'),
(2382, '2025-04-07 04:12:20', 0, '40.77.167.24', 'Cierre de Sesion Forzado'),
(2383, '2025-04-07 05:47:17', 0, '52.167.144.159', 'Cierre de Sesion Forzado'),
(2384, '2025-04-07 08:03:18', 0, '40.77.167.35', 'Cierre de Sesion Forzado'),
(2385, '2025-04-07 08:20:02', 0, '40.77.167.60', 'Cierre de Sesion Forzado'),
(2386, '2025-04-07 08:48:29', 1, '65.182.2.106', 'Ingreso al modulo Dashboard'),
(2387, '2025-04-07 08:48:36', 1, '65.182.2.106', 'Ingreso al modulo Cuentas Cuentas Contabilidad'),
(2388, '2025-04-07 08:48:38', 1, '65.182.2.106', 'Ingreso al modulo Ingresos Contabilidad'),
(2389, '2025-04-07 08:54:49', 1, '65.182.2.106', 'Cierre de Sesion'),
(2390, '2025-04-07 09:38:29', 1, '65.182.2.106', 'Ingreso al modulo Dashboard'),
(2391, '2025-04-07 09:38:54', 1, '65.182.2.106', 'Ingreso al modulo Reporte de Ventas'),
(2392, '2025-04-07 09:39:25', 1, '65.182.2.106', 'Ingreso al modulo Ingresos Contabilidad'),
(2393, '2025-04-07 09:40:58', 1, '65.182.2.106', 'Ingreso al modulo Cuentas por Cobrar Clientes'),
(2394, '2025-04-07 09:41:47', 1, '65.182.2.106', 'Ingreso al modulo Reporte de Ventas'),
(2395, '2025-04-07 09:41:50', 1, '65.182.2.106', 'Ingreso al modulo Cuentas por Cobrar Clientes'),
(2396, '2025-04-07 09:49:40', 1, '65.182.2.106', 'Ingreso al modulo Cuentas Cuentas Contabilidad'),
(2397, '2025-04-07 09:49:55', 1, '65.182.2.106', 'Cierre de Sesion'),
(2398, '2025-04-07 14:17:05', 0, '52.167.144.142', 'Cierre de Sesion Forzado'),
(2399, '2025-04-07 15:44:17', 0, '52.167.144.159', 'Cierre de Sesion Forzado'),
(2400, '2025-04-07 15:54:39', 0, '52.167.144.162', 'Cierre de Sesion Forzado'),
(2401, '2025-04-07 16:28:24', 1, '170.83.119.131', 'Ingreso al modulo Gastos Contabilidad'),
(2402, '2025-04-07 16:28:47', 1, '170.83.119.131', 'Ingreso al modulo Reporte de Ventas'),
(2403, '2025-04-07 16:29:00', 1, '170.83.119.131', 'Ingreso al modulo Gastos Contabilidad'),
(2404, '2025-04-07 17:33:13', 1, '170.83.119.131', 'Ingreso al modulo Reporte de Ventas'),
(2405, '2025-04-07 17:35:07', 1, '170.83.119.131', 'Ingreso al modulo Reporte de Ventas'),
(2406, '2025-04-07 17:38:26', 1, '170.83.119.131', 'Ingreso al modulo Reporte de Ventas'),
(2407, '2025-04-07 17:38:44', 1, '170.83.119.131', 'Cierre de Sesion'),
(2408, '2025-04-07 20:04:00', 0, '40.77.167.64', 'Cierre de Sesion Forzado'),
(2409, '2025-04-07 20:05:13', 0, '52.167.144.180', 'Cierre de Sesion Forzado'),
(2410, '2025-04-07 20:18:28', 0, '52.167.144.22', 'Cierre de Sesion Forzado'),
(2411, '2025-04-07 22:17:14', 0, '40.77.167.24', 'Cierre de Sesion Forzado'),
(2412, '2025-04-07 23:26:47', 0, '20.15.133.191', 'Cierre de Sesion Forzado'),
(2413, '2025-04-07 23:43:39', 0, '40.77.191.129', 'Cierre de Sesion Forzado'),
(2414, '2025-04-08 01:20:05', 0, '40.77.167.48', 'Cierre de Sesion Forzado'),
(2415, '2025-04-08 04:03:01', 0, '52.167.144.208', 'Cierre de Sesion Forzado'),
(2416, '2025-04-08 04:44:33', 1, '181.115.64.197', 'Ingreso al modulo Reporte de Ventas'),
(2417, '2025-04-08 04:44:43', 1, '181.115.64.197', 'Cierre de Sesion'),
(2418, '2025-04-08 06:46:26', 0, '40.77.167.55', 'Cierre de Sesion Forzado'),
(2419, '2025-04-08 08:23:20', 0, '138.204.180.6', 'Cierre de Sesion Forzado'),
(2420, '2025-04-08 09:13:32', 0, '52.167.144.156', 'Cierre de Sesion Forzado'),
(2421, '2025-04-08 09:54:57', 0, '52.167.144.174', 'Cierre de Sesion Forzado'),
(2422, '2025-04-08 11:25:02', 0, '52.167.144.230', 'Cierre de Sesion Forzado'),
(2423, '2025-04-08 11:25:02', 0, '52.167.144.230', 'Cierre de Sesion Forzado'),
(2424, '2025-04-08 14:22:09', 0, '40.77.167.47', 'Cierre de Sesion Forzado'),
(2425, '2025-04-08 14:22:09', 0, '40.77.167.47', 'Cierre de Sesion Forzado'),
(2426, '2025-04-08 14:22:11', 0, '40.77.167.47', 'Cierre de Sesion Forzado'),
(2427, '2025-04-08 14:22:11', 0, '40.77.167.47', 'Cierre de Sesion Forzado'),
(2428, '2025-04-08 14:22:11', 0, '40.77.167.47', 'Cierre de Sesion Forzado'),
(2429, '2025-04-08 14:55:09', 0, '52.167.144.136', 'Cierre de Sesion Forzado'),
(2430, '2025-04-08 15:14:13', 0, '40.77.167.149', 'Cierre de Sesion Forzado'),
(2431, '2025-04-08 16:19:24', 0, '52.167.144.187', 'Cierre de Sesion Forzado'),
(2432, '2025-04-08 16:19:24', 0, '52.167.144.187', 'Cierre de Sesion Forzado'),
(2433, '2025-04-08 16:36:20', 0, '40.77.190.97', 'Cierre de Sesion Forzado'),
(2434, '2025-04-08 17:09:44', 1, '181.115.64.82', 'Ingreso al modulo Facturas'),
(2435, '2025-04-08 17:10:49', 1, '181.115.64.82', 'Ingreso al modulo Facturas'),
(2436, '2025-04-08 17:11:09', 1, '181.115.63.82', 'Ingreso al modulo Reporte de Ventas'),
(2437, '2025-04-08 17:11:11', 1, '181.115.63.82', 'Ingreso al modulo Reporte de Ventas'),
(2438, '2025-04-08 17:11:30', 1, '181.115.63.82', 'Ingreso al modulo Facturas'),
(2439, '2025-04-08 17:20:35', 0, '40.77.167.52', 'Cierre de Sesion Forzado'),
(2440, '2025-04-08 18:18:54', 0, '40.77.167.53', 'Cierre de Sesion Forzado'),
(2441, '2025-04-08 20:05:10', 0, '52.167.144.25', 'Cierre de Sesion Forzado'),
(2442, '2025-04-08 20:08:56', 0, '52.167.144.25', 'Cierre de Sesion Forzado'),
(2443, '2025-04-09 02:53:48', 0, '157.55.39.15', 'Cierre de Sesion Forzado'),
(2444, '2025-04-09 03:26:24', 0, '207.46.13.116', 'Cierre de Sesion Forzado'),
(2445, '2025-04-09 04:31:33', 0, '157.55.39.16', 'Cierre de Sesion Forzado'),
(2446, '2025-04-09 04:31:33', 0, '157.55.39.16', 'Cierre de Sesion Forzado'),
(2447, '2025-04-09 07:25:56', 0, '40.77.167.154', 'Cierre de Sesion Forzado'),
(2448, '2025-04-09 10:27:02', 0, '186.2.128.93', 'Cierre de Sesion Forzado'),
(2449, '2025-04-09 11:46:31', 1, '190.109.194.51', 'Ingreso al modulo Dashboard'),
(2450, '2025-04-09 11:46:43', 1, '190.109.194.51', 'Ingreso al modulo Empresas'),
(2451, '2025-04-09 12:14:01', 0, '207.46.13.78', 'Cierre de Sesion Forzado'),
(2452, '2025-04-09 15:45:25', 0, '52.167.144.147', 'Cierre de Sesion Forzado');

-- --------------------------------------------------------

--
-- Table structure for table `impresora`
--

CREATE TABLE `impresora` (
  `impresora_id` int(11) NOT NULL,
  `descripcion` char(40) NOT NULL,
  `estado` int(11) NOT NULL,
  `tipo` int(11) NOT NULL,
  `fecha_registro` datetime NOT NULL
) ENGINE=MyISAM DEFAULT CHARSET=utf8mb4 COLLATE=utf8mb4_spanish_ci;

--
-- Dumping data for table `impresora`
--

INSERT INTO `impresora` (`impresora_id`, `descripcion`, `estado`, `tipo`, `fecha_registro`) VALUES
(0, 'Comprobante Carta', 0, 3, '2025-03-14 07:24:13'),
(1, 'Factura Carta', 1, 1, '2025-02-02 13:58:23'),
(2, 'Factura Ticket', 0, 2, '2025-02-02 13:57:52'),
(3, 'Comprobante Ticket', 1, 4, '2023-12-07 05:52:01'),
(4, 'Factura Media Carta', 0, 5, '2025-02-02 13:58:11');

-- --------------------------------------------------------

--
-- Table structure for table `ingresos`
--

CREATE TABLE `ingresos` (
  `ingresos_id` int(11) NOT NULL,
  `cuentas_id` int(11) NOT NULL,
  `clientes_id` int(11) NOT NULL,
  `empresa_id` int(11) NOT NULL,
  `tipo_ingreso` int(11) NOT NULL COMMENT '1. Ingresos Ventas 2. Otros Ingresos',
  `fecha` date NOT NULL,
  `factura` char(20) NOT NULL,
  `subtotal` float(12,2) NOT NULL,
  `descuento` float(12,2) NOT NULL,
  `nc` float(12,2) NOT NULL COMMENT 'Nota de Credito',
  `impuesto` float(12,2) NOT NULL,
  `total` float(12,2) NOT NULL,
  `observacion` char(150) NOT NULL,
  `estado` int(11) NOT NULL COMMENT '1. Activo 2. Inactivo',
  `colaboradores_id` int(11) NOT NULL,
  `fecha_registro` datetime NOT NULL,
  `recibide` varchar(100) NOT NULL
) ENGINE=MyISAM DEFAULT CHARSET=utf8mb4 COLLATE=utf8mb4_spanish_ci;

--
-- Dumping data for table `ingresos`
--

INSERT INTO `ingresos` (`ingresos_id`, `cuentas_id`, `clientes_id`, `empresa_id`, `tipo_ingreso`, `fecha`, `factura`, `subtotal`, `descuento`, `nc`, `impuesto`, `total`, `observacion`, `estado`, `colaboradores_id`, `fecha_registro`, `recibide`) VALUES
(1, 3, 12, 1, 2, '2025-01-13', 'Apertura de Cuenta', 1000.00, 0.00, 0.00, 0.00, 1000.00, 'Apertura de cuenta - Inicio Operaciones', 1, 1, '2025-01-21 13:56:01', 'ES MULTISERVICIOS'),
(2, 3, 10, 1, 2, '2025-01-31', '00000006', 1610.00, 0.00, 0.00, 0.00, 1610.00, 'Ingresos por venta Cierre de Caja', 1, 1, '2025-01-31 15:15:56', ''),
(3, 3, 13, 1, 2, '2025-01-31', '13119909', 0.01, 0.00, 0.00, 0.00, 0.01, 'INTERESES - Calculados en la cuenta', 1, 1, '2025-01-31 12:26:10', 'BAC Credomatic de Honduras'),
(4, 3, 3, 1, 2, '2025-02-02', '00000001', 1800.00, 0.00, 0.00, 0.00, 1800.00, 'Ingresos por venta Cierre de Caja', 1, 1, '2025-02-02 12:28:49', ''),
(5, 3, 2, 1, 2, '2025-02-03', '00000002', 2300.00, 0.00, 0.00, 0.00, 2300.00, 'Ingresos por venta Cierre de Caja', 1, 1, '2025-02-03 11:17:20', ''),
(6, 3, 5, 1, 2, '2025-02-03', '00000010', 3450.00, 0.00, 0.00, 0.00, 3450.00, 'Ingresos por venta Cierre de Caja', 1, 1, '2025-02-03 11:21:56', ''),
(7, 3, 6, 1, 2, '2025-02-05', '00000003', 2300.00, 0.00, 0.00, 0.00, 2300.00, 'Ingresos por venta Cierre de Caja', 1, 1, '2025-02-05 11:51:20', ''),
(8, 3, 7, 1, 2, '2025-02-12', '00000007', 2499.00, 0.00, 0.00, 0.00, 2499.00, 'Ingresos por venta Cierre de Caja', 1, 1, '2025-02-12 17:19:56', ''),
(9, 3, 7, 1, 2, '2025-02-12', '00000009', 3499.00, 0.00, 0.00, 0.00, 3499.00, 'Ingresos por venta Cierre de Caja', 1, 1, '2025-02-12 17:20:17', ''),
(10, 3, 4, 1, 2, '2025-02-15', '00000008', 3450.00, 0.00, 0.00, 0.00, 3450.00, 'Ingresos por venta Cierre de Caja', 1, 1, '2025-02-15 15:52:03', ''),
(11, 3, 13, 1, 2, '2025-02-28', '22823680', 0.18, 0.00, 0.00, 0.00, 0.18, 'INTERESES - Calculados en la cuenta', 1, 1, '2025-02-28 05:41:28', 'BAC Credomatic de Honduras'),
(12, 3, 3, 1, 2, '2025-03-01', '412407391', 1800.00, 0.00, 0.00, 0.00, 1800.00, 'Ingresos por venta', 1, 1, '2025-03-01 16:13:40', 'Inversiones Integrales del Norte S De RL'),
(13, 3, 2, 1, 2, '2025-03-04', '412407825', 2300.00, 0.00, 0.00, 0.00, 2300.00, 'Ingresos por venta', 1, 1, '2025-03-04 16:14:03', 'Castro Urbina y Asociados S. D R.L'),
(14, 3, 10, 1, 2, '2025-03-04', '412407826', 1610.00, 0.00, 0.00, 0.00, 1610.00, 'Ingresos por venta', 1, 1, '2025-03-04 16:14:21', 'Jose Roberto Galindo Donaire'),
(15, 3, 5, 1, 2, '2025-03-04', '00000016', 3450.00, 0.00, 0.00, 0.00, 3450.00, 'Ingresos por venta Cierre de Caja', 1, 1, '2025-03-04 16:19:08', ''),
(16, 3, 6, 1, 2, '2025-03-06', '00000012', 2300.00, 0.00, 0.00, 0.00, 2300.00, 'Ingresos por venta Cierre de Caja', 1, 1, '2025-03-06 05:45:54', ''),
(17, 3, 7, 1, 2, '2025-03-10', '00000013', 5998.00, 0.00, 0.00, 0.00, 5998.00, 'Ingresos por venta Cierre de Caja', 1, 1, '2025-03-10 18:43:15', ''),
(18, 3, 4, 1, 2, '2025-03-12', '00000011', 3450.00, 0.00, 0.00, 0.00, 3450.00, 'Ingresos por venta Cierre de Caja', 1, 1, '2025-03-12 18:56:06', ''),
(19, 3, 13, 1, 2, '2025-03-31', '33140394', 0.27, 0.00, 0.00, 0.00, 0.27, 'INTERESES', 1, 1, '2025-03-31 18:18:36', 'BAC Credomatic de Honduras'),
(20, 3, 3, 1, 2, '2025-04-02', '000-002-01-00000016', 1565.22, 0.00, 0.00, 234.78, 1800.00, 'Ingresos por venta Cierre de Caja', 1, 1, '2025-04-03 19:03:29', 'Inversiones Integrales del Norte S De RL'),
(21, 3, 10, 1, 2, '2025-04-03', '000-002-01-00000017', 1400.00, 0.00, 0.00, 210.00, 1610.00, 'Ingresos por venta Cierre de Caja', 1, 1, '2025-04-03 19:03:56', 'Jose Roberto Galindo Donaire'),
(22, 3, 2, 1, 2, '2025-04-05', '00000024', 2300.00, 0.00, 0.00, 0.00, 2300.00, 'Ingresos por venta Cierre de Caja', 1, 1, '2025-04-05 08:08:27', ''),
(23, 3, 5, 1, 2, '2025-04-05', '00000022', 3450.00, 0.00, 0.00, 0.00, 3450.00, 'Ingresos por venta Cierre de Caja', 1, 1, '2025-04-05 08:08:58', ''),
(24, 3, 12, 1, 2, '2025-04-07', '412409474', 3441.60, 0.00, 0.00, 0.00, 3441.60, 'Dinero que se envio a Ficohsa se devuelve, ya se pago el prestamo la idea era que no se cobrara de aqui', 1, 1, '2025-04-07 08:50:36', 'ES MULTISERVICIOS'),
(25, 3, 6, 1, 2, '2025-04-07', '00000020', 2300.00, 0.00, 0.00, 0.00, 2300.00, 'Ingresos por venta Cierre de Caja', 1, 1, '2025-04-07 09:42:12', '');

-- --------------------------------------------------------

--
-- Table structure for table `isv`
--

CREATE TABLE `isv` (
  `isv_id` int(11) NOT NULL,
  `isv_tipo_id` int(11) NOT NULL,
  `valor` float(12,2) NOT NULL,
  `activar` int(11) NOT NULL COMMENT '0. No 1. Si',
  `fecha_registro` datetime NOT NULL
) ENGINE=MyISAM DEFAULT CHARSET=utf8mb4 COLLATE=utf8mb4_spanish_ci;

--
-- Dumping data for table `isv`
--

INSERT INTO `isv` (`isv_id`, `isv_tipo_id`, `valor`, `activar`, `fecha_registro`) VALUES
(1, 1, 15.00, 1, '2021-11-05 18:04:31'),
(2, 2, 15.00, 1, '2021-11-05 18:04:31');

-- --------------------------------------------------------

--
-- Table structure for table `isv_tipo`
--

CREATE TABLE `isv_tipo` (
  `isv_tipo_id` int(11) NOT NULL,
  `nombre` char(11) NOT NULL
) ENGINE=MyISAM DEFAULT CHARSET=utf8mb4 COLLATE=utf8mb4_spanish_ci;

--
-- Dumping data for table `isv_tipo`
--

INSERT INTO `isv_tipo` (`isv_tipo_id`, `nombre`) VALUES
(1, 'Facturas'),
(2, 'Compras');

-- --------------------------------------------------------

--
-- Table structure for table `lotes`
--

CREATE TABLE `lotes` (
  `lote_id` int(11) NOT NULL,
  `numero_lote` varchar(50) NOT NULL,
  `productos_id` int(11) NOT NULL,
  `cantidad` int(11) NOT NULL,
  `fecha_vencimiento` date DEFAULT NULL,
  `fecha_ingreso` datetime NOT NULL,
  `almacen_id` int(11) NOT NULL,
  `empresa_id` int(11) NOT NULL,
  `estado` varchar(50) NOT NULL DEFAULT 'Activo'
) ENGINE=InnoDB DEFAULT CHARSET=utf8mb4 COLLATE=utf8mb4_spanish_ci;

-- --------------------------------------------------------

--
-- Table structure for table `medida`
--

CREATE TABLE `medida` (
  `medida_id` int(11) NOT NULL,
  `nombre` char(10) NOT NULL,
  `descripcion` char(50) NOT NULL,
  `estado` int(11) NOT NULL,
  `fecha_registro` datetime NOT NULL
) ENGINE=MyISAM DEFAULT CHARSET=utf8mb4 COLLATE=utf8mb4_spanish_ci;

--
-- Dumping data for table `medida`
--

INSERT INTO `medida` (`medida_id`, `nombre`, `descripcion`, `estado`, `fecha_registro`) VALUES
(1, 'Und', '', 1, '2021-04-01 14:58:41'),
(2, 'Lbs', '', 1, '2021-04-01 14:58:57'),
(3, 'Hora', 'Hora(s)', 1, '2023-09-06 10:22:56');

-- --------------------------------------------------------

--
-- Table structure for table `menu`
--

CREATE TABLE `menu` (
  `menu_id` int(11) NOT NULL,
  `name` char(15) NOT NULL
) ENGINE=MyISAM DEFAULT CHARSET=utf8mb4 COLLATE=utf8mb4_spanish_ci;

--
-- Dumping data for table `menu`
--

INSERT INTO `menu` (`menu_id`, `name`) VALUES
(1, 'dashboard'),
(2, 'ventas'),
(3, 'compras'),
(4, 'almacen'),
(6, 'reportes'),
(7, 'configuracion'),
(5, 'contabilidad'),
(8, 'recursosHumanos');

-- --------------------------------------------------------

--
-- Table structure for table `menu_plan`
--

CREATE TABLE `menu_plan` (
  `menu_plan_id` int(11) NOT NULL,
  `menu_id` int(11) NOT NULL,
  `planes_id` int(11) NOT NULL
) ENGINE=MyISAM DEFAULT CHARSET=utf8mb4 COLLATE=utf8mb4_spanish_ci;

--
-- Dumping data for table `menu_plan`
--

INSERT INTO `menu_plan` (`menu_plan_id`, `menu_id`, `planes_id`) VALUES
(1, 7, 1),
(2, 2, 1),
(4, 6, 1),
(6, 8, 1),
(7, 1, 2),
(8, 2, 2),
(9, 3, 2),
(10, 4, 2),
(11, 6, 2),
(12, 7, 2),
(13, 8, 2),
(14, 1, 3),
(15, 2, 3),
(16, 3, 3),
(17, 4, 3),
(18, 5, 3),
(19, 6, 3),
(20, 7, 3),
(21, 8, 3),
(22, 1, 4),
(23, 2, 4),
(24, 3, 4),
(25, 4, 4),
(26, 5, 4),
(27, 6, 4),
(28, 7, 4),
(29, 8, 4),
(30, 1, 5),
(31, 2, 5),
(32, 3, 5),
(33, 4, 5),
(34, 5, 5),
(35, 6, 5),
(36, 7, 5),
(37, 8, 5);

-- --------------------------------------------------------

--
-- Table structure for table `movimientos`
--

CREATE TABLE `movimientos` (
  `movimientos_id` int(11) NOT NULL,
  `productos_id` int(11) NOT NULL,
  `documento` char(50) NOT NULL,
  `cantidad_entrada` int(11) NOT NULL,
  `cantidad_salida` int(11) NOT NULL,
  `saldo` int(11) NOT NULL,
  `empresa_id` int(11) NOT NULL,
  `fecha_registro` datetime NOT NULL,
  `clientes_id` int(11) NOT NULL,
  `comentario` char(254) NOT NULL,
  `almacen_id` int(11) NOT NULL,
  `lote_id` int(11) NOT NULL
) ENGINE=MyISAM DEFAULT CHARSET=utf8mb4 COLLATE=utf8mb4_spanish_ci;

-- --------------------------------------------------------

--
-- Table structure for table `movimientos_cuentas`
--

CREATE TABLE `movimientos_cuentas` (
  `movimientos_cuentas_id` int(11) NOT NULL,
  `cuentas_id` int(11) NOT NULL,
  `empresa_id` int(11) NOT NULL,
  `fecha` date NOT NULL,
  `ingreso` float(12,2) NOT NULL,
  `egreso` float(12,2) NOT NULL,
  `saldo` float(12,2) NOT NULL,
  `colaboradores_id` int(11) NOT NULL,
  `fecha_registro` datetime NOT NULL
) ENGINE=MyISAM DEFAULT CHARSET=utf8mb4 COLLATE=utf8mb4_spanish_ci;

--
-- Dumping data for table `movimientos_cuentas`
--

INSERT INTO `movimientos_cuentas` (`movimientos_cuentas_id`, `cuentas_id`, `empresa_id`, `fecha`, `ingreso`, `egreso`, `saldo`, `colaboradores_id`, `fecha_registro`) VALUES
(1, 3, 1, '2025-01-13', 1000.00, 0.00, 1000.00, 1, '2025-01-21 13:56:01'),
(2, 3, 1, '2025-01-31', 1610.00, 0.00, 2610.00, 1, '2025-01-31 15:15:56'),
(3, 3, 1, '2025-01-31', 0.01, 0.00, 2610.01, 1, '2025-01-31 12:26:10'),
(4, 3, 1, '2025-02-02', 1800.00, 0.00, 4410.01, 1, '2025-02-02 12:28:49'),
(5, 3, 1, '2025-02-03', 2300.00, 0.00, 6710.01, 1, '2025-02-03 11:17:20'),
(6, 3, 1, '2025-02-03', 3450.00, 0.00, 10160.01, 1, '2025-02-03 11:21:56'),
(7, 3, 1, '2025-02-05', 0.00, 2170.55, 7989.46, 1, '2025-02-05 11:47:36'),
(8, 3, 1, '2025-02-05', 0.00, 7955.84, 33.62, 1, '2025-02-05 11:48:28'),
(9, 3, 1, '2025-02-05', 0.00, 33.62, 0.00, 1, '2025-02-05 11:49:12'),
(10, 3, 1, '2025-02-05', 2300.00, 0.00, 2300.00, 1, '2025-02-05 11:51:20'),
(11, 3, 1, '2025-02-08', 0.00, 686.82, 1613.18, 1, '2025-02-10 14:07:41'),
(12, 3, 1, '2025-02-10', 0.00, 210.00, 1403.18, 1, '2025-02-10 17:09:19'),
(13, 3, 1, '2025-02-10', 0.00, 641.69, 761.49, 1, '2025-02-11 09:32:16'),
(14, 3, 1, '2025-02-12', 2499.00, 0.00, 3260.49, 1, '2025-02-12 17:19:56'),
(15, 3, 1, '2025-02-12', 3499.00, 0.00, 6759.49, 1, '2025-02-12 17:20:17'),
(16, 3, 1, '2025-02-12', 0.00, 4826.10, 1933.39, 1, '2025-02-12 20:11:08'),
(17, 3, 1, '2025-02-15', 3450.00, 0.00, 5383.39, 1, '2025-02-15 15:52:03'),
(18, 3, 1, '2025-02-17', 0.00, 3500.00, 1883.39, 1, '2025-02-17 15:47:31'),
(19, 3, 1, '2025-02-17', 0.00, 1161.94, 721.45, 1, '2025-02-17 15:52:48'),
(20, 3, 1, '2025-02-22', 0.00, 160.00, 561.45, 1, '2025-02-22 05:36:16'),
(21, 3, 1, '2025-02-23', 0.00, 500.00, 61.45, 1, '2025-02-23 05:38:27'),
(22, 3, 1, '2025-02-28', 0.18, 0.00, 61.63, 1, '2025-02-28 05:41:28'),
(23, 3, 1, '2025-03-01', 1800.00, 0.00, 1861.63, 1, '2025-03-01 16:13:40'),
(24, 3, 1, '2025-03-04', 2300.00, 0.00, 4161.63, 1, '2025-03-04 16:14:03'),
(25, 3, 1, '2025-03-04', 1610.00, 0.00, 5771.63, 1, '2025-03-04 16:14:21'),
(26, 3, 1, '2025-03-04', 3450.00, 0.00, 9221.63, 1, '2025-03-04 16:19:08'),
(27, 3, 1, '2025-03-06', 2300.00, 0.00, 11521.63, 1, '2025-03-06 05:45:54'),
(28, 3, 1, '2025-03-06', 0.00, 1061.80, 10459.83, 1, '2025-03-06 05:51:35'),
(29, 3, 1, '2025-03-06', 0.00, 4835.65, 5624.18, 1, '2025-03-06 18:19:28'),
(30, 3, 1, '2025-03-06', 0.00, 2517.13, 3107.05, 1, '2025-03-06 18:34:31'),
(31, 3, 1, '2025-03-09', 0.00, 300.00, 2807.05, 1, '2025-03-10 18:41:50'),
(32, 3, 1, '2025-03-10', 5998.00, 0.00, 8805.05, 1, '2025-03-10 18:43:15'),
(33, 3, 1, '2025-03-11', 0.00, 6294.34, 2510.71, 1, '2025-03-11 15:44:54'),
(34, 3, 1, '2025-03-11', 0.00, 643.23, 1867.48, 1, '2025-03-11 15:49:11'),
(35, 3, 1, '2025-03-11', 0.00, 1596.15, 271.33, 1, '2025-03-11 15:54:03'),
(36, 3, 1, '2025-03-12', 3450.00, 0.00, 3721.33, 1, '2025-03-12 18:56:06'),
(37, 3, 1, '2025-03-13', 0.00, 3000.00, 721.33, 1, '2025-03-13 17:40:05'),
(38, 3, 1, '2025-03-22', 0.00, 190.00, 531.33, 1, '2025-03-22 07:40:25'),
(39, 3, 1, '2025-03-21', 0.00, 500.00, 31.33, 1, '2025-03-22 07:44:19'),
(40, 3, 1, '2025-03-31', 0.27, 0.00, 31.60, 1, '2025-03-31 18:18:36'),
(41, 3, 1, '2025-04-02', 1800.00, 0.00, 1831.60, 1, '2025-04-03 19:03:29'),
(42, 3, 1, '2025-04-03', 1610.00, 0.00, 3441.60, 1, '2025-04-03 19:03:56'),
(43, 3, 1, '2025-04-03', 0.00, 3441.60, 0.00, 1, '2025-04-03 19:07:29'),
(44, 3, 1, '2025-04-05', 2300.00, 0.00, 2300.00, 1, '2025-04-05 08:08:27'),
(45, 3, 1, '2025-04-05', 3450.00, 0.00, 5750.00, 1, '2025-04-05 08:08:58'),
(46, 3, 1, '2025-04-07', 3441.60, 0.00, 9191.60, 1, '2025-04-07 08:50:36'),
(47, 3, 1, '2025-04-07', 2300.00, 0.00, 11491.60, 1, '2025-04-07 09:42:12');

-- --------------------------------------------------------

--
-- Table structure for table `municipios`
--

CREATE TABLE `municipios` (
  `municipios_id` int(11) NOT NULL,
  `departamentos_id` int(11) NOT NULL,
  `nombre` char(35) NOT NULL
) ENGINE=MyISAM DEFAULT CHARSET=utf8mb4 COLLATE=utf8mb4_spanish_ci;

--
-- Dumping data for table `municipios`
--

INSERT INTO `municipios` (`municipios_id`, `departamentos_id`, `nombre`) VALUES
(1, 1, 'La Ceiba'),
(2, 1, 'El Porvenir'),
(3, 1, 'Esparta'),
(4, 1, 'Jutiapa'),
(5, 1, 'La Masica'),
(6, 1, 'San Francisco'),
(7, 1, 'Tela'),
(8, 1, 'Arizona'),
(9, 2, 'Colón'),
(10, 2, 'Chagres'),
(11, 2, 'Donoso'),
(12, 2, 'Portobelo'),
(13, 2, 'Santa Isabel'),
(14, 2, 'Trujillo'),
(15, 2, 'Balfate'),
(16, 2, 'Iriona'),
(17, 2, 'Limón'),
(18, 2, 'Saba'),
(19, 2, 'Santa Fé'),
(20, 2, 'Santa Rosa de Aguan'),
(21, 2, 'Sonaguera'),
(22, 2, 'Tocoa'),
(23, 2, 'Bonito Oriental'),
(24, 3, 'Comayagua'),
(25, 3, 'Ajuterique'),
(26, 3, 'El Rosario'),
(27, 3, 'Esquias'),
(28, 3, 'Humuya'),
(29, 3, 'La Libertad'),
(30, 3, 'Lamani'),
(31, 3, 'La Trinidad'),
(32, 3, 'Lejamani'),
(33, 3, 'Meambar'),
(34, 3, 'Minas de Oro'),
(35, 3, 'Ojos de Agua'),
(36, 3, 'San Jerónimo'),
(37, 3, 'San José Comayagua'),
(38, 3, 'San José del Potrero'),
(39, 3, 'San Luis'),
(40, 3, 'San Sebastián'),
(41, 3, 'Siguatepeque'),
(42, 3, 'Villa de San Antonio'),
(43, 3, 'Las Lajas'),
(44, 3, 'Taulabe'),
(45, 4, 'Santa Rosa de Copán'),
(46, 4, 'Cabañas'),
(47, 4, 'Concepción'),
(48, 4, 'Copán Ruinas'),
(49, 4, 'Corquin'),
(50, 4, 'Cucuyagua'),
(51, 4, 'Dolores'),
(52, 4, 'Dulce Nombre'),
(53, 4, 'El Paraíso'),
(54, 4, 'Florida'),
(55, 4, 'La Jigua'),
(56, 4, 'La Unión'),
(57, 4, 'Nueva Arcadia'),
(58, 4, 'San Agustín'),
(59, 4, 'San Antonio'),
(60, 4, 'San Jerónimo'),
(61, 4, 'San José'),
(62, 4, 'San Juan de Opoa'),
(63, 4, 'San Nicolás'),
(64, 4, 'San Pedro'),
(65, 4, 'Santa Rita'),
(66, 4, 'Trinidad'),
(67, 4, 'Veracruz'),
(68, 5, 'San Pedro Sula'),
(69, 5, 'Choloma'),
(70, 5, 'Omoa'),
(71, 5, 'Pimienta'),
(72, 5, 'Potrerillos'),
(73, 5, 'Puerto Cortés'),
(74, 5, 'San Antonio de Cortés'),
(75, 5, 'San Francisco de Yojoa'),
(76, 5, 'San Manuel'),
(77, 5, 'Santa Cruz de Yojoa'),
(78, 5, 'Villanueva'),
(79, 5, 'La Lima'),
(80, 6, 'Choluteca'),
(81, 6, 'Apacilagua'),
(82, 6, 'Concepción de María'),
(83, 6, 'Duyure'),
(84, 6, 'El Corpus'),
(85, 6, 'El Triunfo'),
(86, 6, 'Marcovia'),
(87, 6, 'Morolica'),
(88, 6, 'Namasigue'),
(89, 6, 'Orocuina'),
(90, 6, 'Pespire'),
(91, 6, 'San Antonio de Flores'),
(92, 6, 'San Isidro'),
(93, 6, 'San José'),
(94, 6, 'San Marcos de Colón'),
(95, 6, 'Santa Ana de Yusguare'),
(96, 7, 'Yuscaran'),
(97, 7, 'Alauca'),
(98, 7, 'Danli'),
(99, 7, 'El Paraíso'),
(100, 7, 'Guinope'),
(101, 7, 'Jacaleapa'),
(102, 7, 'Liure'),
(103, 7, 'Moroceli'),
(104, 7, 'Oropoli'),
(105, 7, 'Potrerillos'),
(106, 7, 'San Antonio de Flores'),
(107, 7, 'San Lucas'),
(108, 7, 'San Matías'),
(109, 7, 'Soledad'),
(110, 7, 'Teupasenti'),
(111, 7, 'Texiguat'),
(112, 7, 'Vado Ancho'),
(113, 7, 'Yauyupe'),
(114, 7, 'Trojes'),
(115, 8, 'Tegucigalpa'),
(116, 8, 'Distrito Central'),
(117, 8, 'Alubaren'),
(118, 8, 'Cedros'),
(119, 8, 'Curaren'),
(120, 8, 'El Porvenir'),
(121, 8, 'Guaimaca'),
(122, 8, 'La Libertad'),
(123, 8, 'La Venta'),
(124, 8, 'Lepaterique'),
(125, 8, 'Maraita'),
(126, 8, 'Marale'),
(127, 8, 'Nueva Armenia'),
(128, 8, 'Ojojona'),
(129, 8, 'Orica'),
(130, 8, 'Reitoca'),
(131, 8, 'Sabanagrande San Antonio de Oriente'),
(132, 8, 'San Buenaventura'),
(133, 8, 'San Ignacio'),
(134, 8, 'San Juan de Flores'),
(135, 8, 'San Miguelito'),
(136, 8, 'Santa Ana'),
(137, 8, 'Santa Lucía'),
(138, 8, 'Talanga'),
(139, 8, 'Tatumbla'),
(140, 8, 'Valle de Angeles'),
(141, 8, 'Villa de San Francisco'),
(142, 8, 'Vallecillo'),
(143, 9, 'Puerto Lempira'),
(144, 9, 'Brus Laguna'),
(145, 9, 'Ahuas'),
(146, 9, 'Juan Francisco Bulnes'),
(147, 9, 'Villeda Morales'),
(148, 9, 'Wampusirpi'),
(149, 10, 'La Esperanza'),
(150, 10, 'Camasca'),
(151, 10, 'Colomoncagua'),
(152, 10, 'Concepción'),
(153, 10, 'Dolores'),
(154, 10, 'Intibuca'),
(155, 10, 'Jesús de Otoro'),
(156, 10, 'Magdalena'),
(157, 10, 'Masaguara'),
(158, 10, 'San Antonio'),
(159, 10, 'San Isidro'),
(160, 10, 'San Juan'),
(161, 10, 'San Marcos de La Sierra'),
(162, 10, 'San Miguelito'),
(163, 10, 'Santa Lucía'),
(164, 10, 'Yamaranguila'),
(165, 10, 'San Francisco de Opalaca'),
(166, 11, 'Roatán'),
(167, 11, 'Guanaja'),
(168, 11, 'José Santos Guardiola'),
(169, 11, 'Utila'),
(170, 12, 'La Paz'),
(171, 12, 'Aguantequerique'),
(172, 12, 'Cabañas'),
(173, 12, 'Cane'),
(174, 12, 'Chinacla'),
(175, 12, 'Guajiquiro'),
(176, 12, 'Lauterique'),
(177, 12, 'Marcala'),
(178, 12, 'Mercedes de Oriente'),
(179, 12, 'Opatoro'),
(180, 12, 'San Antonio del Norte'),
(181, 12, 'San José'),
(182, 12, 'San Juan'),
(183, 12, 'San pedro de Tutule Santa Ana'),
(184, 12, 'Santa Elena'),
(185, 12, 'Santa María'),
(186, 12, 'Santiago de Puringla'),
(187, 12, 'Yarula'),
(188, 13, 'Gracias'),
(189, 13, 'Belén'),
(190, 13, 'Candelaria'),
(191, 13, 'Cololaca'),
(192, 13, 'Erandique'),
(193, 13, 'Gualcince'),
(194, 13, 'Guarita'),
(195, 13, 'La Campa'),
(196, 13, 'La Iguala'),
(197, 13, 'Las Flores'),
(198, 13, 'La Unión'),
(199, 13, 'La Virtud'),
(200, 13, 'Lepaera'),
(201, 13, 'Mapulaca'),
(202, 13, 'Piraera'),
(203, 13, 'San Andrés'),
(204, 13, 'San Francisco'),
(205, 13, 'San Juan Guarita'),
(206, 13, 'San Manuel de Colohete'),
(207, 13, 'San Rafael'),
(208, 13, 'San Sebastián'),
(209, 13, 'Santa Cruz'),
(210, 13, 'Talgua'),
(211, 13, 'Tambla'),
(212, 13, 'Tomala'),
(213, 13, 'Valladolid'),
(214, 13, 'Virginia'),
(215, 13, 'San Marcos de Caiquin'),
(216, 14, 'Ocotepeque'),
(217, 14, 'Belén Gualcho'),
(218, 14, 'Concepción'),
(219, 14, 'Dolores Merendón'),
(220, 14, 'Fraternidad'),
(221, 14, 'La Encarnación'),
(222, 14, 'La Labor'),
(223, 14, 'Lucema'),
(224, 14, 'Mercedes'),
(225, 14, 'San Fernando'),
(226, 14, 'San Francisco del Valle'),
(227, 14, 'San Jorge'),
(228, 14, 'San Marcos'),
(229, 14, 'Santa Fé'),
(230, 14, 'Sensenti'),
(231, 14, 'Sinuapa'),
(232, 15, 'Juticalpa'),
(233, 15, 'Campamento'),
(234, 15, 'Catacamas'),
(235, 15, 'Concordia'),
(236, 15, 'Dulce Nombre de Culmi'),
(237, 15, 'El Rosario'),
(238, 15, 'Esquipulas del Norte'),
(239, 15, 'Gualaco'),
(240, 15, 'Guarizama'),
(241, 15, 'Guata'),
(242, 15, 'Guayape'),
(243, 15, 'Jano'),
(244, 15, 'La Unión'),
(245, 15, 'Mangulile'),
(246, 15, 'Manto'),
(247, 15, 'Salama'),
(248, 15, 'San Esteban'),
(249, 15, 'San Francisco de Becerra'),
(250, 15, 'San Francisco de La Paz'),
(251, 15, 'Santa María del Real'),
(252, 15, 'Silca'),
(253, 15, 'Yocon'),
(254, 15, 'Patuca'),
(255, 16, 'Santa Bárbara'),
(256, 16, 'Arada'),
(257, 16, 'Atima'),
(258, 16, 'Azacualpa'),
(259, 16, 'Ceguaca'),
(260, 16, 'San José de Colinas'),
(261, 16, 'Concepción del Norte'),
(262, 16, 'Concepción del Sur'),
(263, 16, 'Chinda'),
(264, 16, 'El Níspero'),
(265, 16, 'Gualala'),
(266, 16, 'Ilama'),
(267, 16, 'Macuelizo'),
(268, 16, 'Naranjito'),
(269, 16, 'Nuevo Celilac'),
(270, 16, 'Petoa'),
(271, 16, 'Protección'),
(272, 16, 'Quimistan'),
(273, 16, 'San Francisco de Ojuera'),
(274, 16, 'San Luis'),
(275, 16, 'San Marcos'),
(276, 16, 'San Nicolás'),
(277, 16, 'San Pedro de Zacapa'),
(278, 16, 'Santa Rita'),
(279, 16, 'San Vicente Centenario'),
(280, 16, 'Trinidad'),
(281, 16, 'Las Vegas'),
(282, 16, 'Nueva Frontera'),
(283, 17, 'Nacaome'),
(284, 17, 'Alianza'),
(285, 17, 'Amapala'),
(286, 17, 'Aramecina'),
(287, 17, 'Caridad'),
(288, 17, 'Goascoran'),
(289, 17, 'Langue'),
(290, 17, 'San Francisco de Coray'),
(291, 17, 'San Lorenzo'),
(292, 18, 'Yoro'),
(293, 18, 'Arenal'),
(294, 18, 'El Negrito'),
(295, 18, 'El Progreso'),
(296, 18, 'Jocon'),
(297, 18, 'Morazan'),
(298, 18, 'Olanchito'),
(299, 18, 'Santa Rita'),
(300, 18, 'Sulaco'),
(301, 18, 'Victoria'),
(302, 18, 'Yorito');

-- --------------------------------------------------------

--
-- Table structure for table `nomina`
--

CREATE TABLE `nomina` (
  `nomina_id` int(11) NOT NULL,
  `empresa_id` int(11) NOT NULL,
  `pago_planificado_id` int(11) NOT NULL,
  `tipo_nomina_id` int(11) NOT NULL,
  `fecha_inicio` date NOT NULL,
  `fecha_fin` date NOT NULL,
  `detalle` char(100) NOT NULL,
  `importe` decimal(12,2) NOT NULL,
  `notas` varchar(254) NOT NULL,
  `usuario` int(11) NOT NULL,
  `estado` int(11) NOT NULL COMMENT '0. No Generada 1. Generada',
  `fecha_registro` datetime NOT NULL,
  `cuentas_id` int(11) NOT NULL
) ENGINE=MyISAM DEFAULT CHARSET=utf8mb4 COLLATE=utf8mb4_spanish_ci;

--
-- Dumping data for table `nomina`
--

INSERT INTO `nomina` (`nomina_id`, `empresa_id`, `pago_planificado_id`, `tipo_nomina_id`, `fecha_inicio`, `fecha_fin`, `detalle`, `importe`, `notas`, `usuario`, `estado`, `fecha_registro`, `cuentas_id`) VALUES
(1, 1, 3, 1, '2025-03-01', '2025-03-31', 'Nomina marzo 2025', 3000.00, '', 1, 1, '2025-03-13 17:38:27', 3);

-- --------------------------------------------------------

--
-- Table structure for table `nomina_detalles`
--

CREATE TABLE `nomina_detalles` (
  `nomina_detalles_id` int(11) NOT NULL,
  `nomina_id` int(11) NOT NULL,
  `colaboradores_id` int(11) NOT NULL,
  `salario_mensual` decimal(12,2) NOT NULL,
  `dias_trabajados` decimal(12,2) NOT NULL,
  `hrse25` decimal(12,2) NOT NULL,
  `hrse50` decimal(12,2) NOT NULL,
  `hrse75` decimal(12,2) NOT NULL,
  `hrse100` decimal(12,2) NOT NULL,
  `retroactivo` decimal(12,2) NOT NULL,
  `bono` decimal(12,2) NOT NULL,
  `otros_ingresos` decimal(12,2) NOT NULL,
  `deducciones` decimal(12,2) NOT NULL,
  `prestamo` decimal(12,2) NOT NULL,
  `ihss` decimal(12,2) NOT NULL,
  `rap` decimal(12,2) NOT NULL,
  `isr` decimal(12,2) NOT NULL,
  `vales` decimal(12,2) NOT NULL,
  `incapacidad_ihss` decimal(12,2) NOT NULL,
  `neto_ingresos` decimal(12,2) NOT NULL,
  `neto_egresos` decimal(12,2) NOT NULL,
  `neto` decimal(12,2) NOT NULL,
  `usuario` int(11) NOT NULL,
  `estado` int(11) NOT NULL,
  `notas` varchar(254) NOT NULL,
  `fecha_registro` datetime NOT NULL,
  `hrse25_valor` decimal(12,2) NOT NULL,
  `hrse50_valor` decimal(12,2) NOT NULL,
  `hrse75_valor` decimal(12,2) NOT NULL,
  `hrse100_valor` decimal(12,2) NOT NULL,
  `salario` decimal(12,2) NOT NULL
) ENGINE=MyISAM DEFAULT CHARSET=utf8mb4 COLLATE=utf8mb4_spanish_ci;

--
-- Dumping data for table `nomina_detalles`
--

INSERT INTO `nomina_detalles` (`nomina_detalles_id`, `nomina_id`, `colaboradores_id`, `salario_mensual`, `dias_trabajados`, `hrse25`, `hrse50`, `hrse75`, `hrse100`, `retroactivo`, `bono`, `otros_ingresos`, `deducciones`, `prestamo`, `ihss`, `rap`, `isr`, `vales`, `incapacidad_ihss`, `neto_ingresos`, `neto_egresos`, `neto`, `usuario`, `estado`, `notas`, `fecha_registro`, `hrse25_valor`, `hrse50_valor`, `hrse75_valor`, `hrse100_valor`, `salario`) VALUES
(1, 1, 5, 3000.00, 30.00, 0.00, 0.00, 0.00, 0.00, 0.00, 0.00, 0.00, 0.00, 0.00, 0.00, 0.00, 0.00, 0.00, 0.00, 3000.00, 0.00, 3000.00, 1, 1, '', '2025-03-13 17:39:38', 0.00, 0.00, 0.00, 0.00, 3000.00);

-- --------------------------------------------------------

--
-- Table structure for table `notificaciones`
--

CREATE TABLE `notificaciones` (
  `notificaciones_id` int(11) NOT NULL,
  `correo` char(100) NOT NULL,
  `nombre` char(100) NOT NULL
) ENGINE=MyISAM DEFAULT CHARSET=utf8mb4 COLLATE=utf8mb4_spanish_ci;

--
-- Dumping data for table `notificaciones`
--

INSERT INTO `notificaciones` (`notificaciones_id`, `correo`, `nombre`) VALUES
(1, 'edwin.velasquez@esmultiservicios.com', 'Edwin Velasquez');

-- --------------------------------------------------------

--
-- Table structure for table `pagar_proveedores`
--

CREATE TABLE `pagar_proveedores` (
  `pagar_proveedores_id` int(11) NOT NULL,
  `proveedores_id` int(11) NOT NULL,
  `compras_id` int(11) NOT NULL,
  `fecha` date NOT NULL,
  `saldo` float(12,2) NOT NULL,
  `estado` int(11) NOT NULL COMMENT '1. Pendiente de Cobrar 2. Pago Realizado',
  `usuario` int(11) NOT NULL,
  `empresa_id` int(11) NOT NULL,
  `fecha_registro` datetime NOT NULL
) ENGINE=MyISAM DEFAULT CHARSET=utf8mb4 COLLATE=utf8mb4_spanish_ci;

-- --------------------------------------------------------

--
-- Table structure for table `pagos`
--

CREATE TABLE `pagos` (
  `pagos_id` int(11) NOT NULL,
  `facturas_id` int(11) NOT NULL,
  `tipo_pago` int(11) NOT NULL COMMENT '1. Contado 2. Crédito',
  `fecha` date NOT NULL,
  `importe` float(12,2) NOT NULL,
  `efectivo` float(12,2) NOT NULL,
  `cambio` float(12,2) NOT NULL,
  `tarjeta` float(12,2) NOT NULL,
  `usuario` int(11) NOT NULL,
  `estado` int(11) NOT NULL COMMENT '1. Pagado, 2. Cancelado',
  `empresa_id` int(11) NOT NULL,
  `fecha_registro` datetime NOT NULL
) ENGINE=MyISAM DEFAULT CHARSET=utf8mb4 COLLATE=utf8mb4_spanish_ci;

--
-- Dumping data for table `pagos`
--

INSERT INTO `pagos` (`pagos_id`, `facturas_id`, `tipo_pago`, `fecha`, `importe`, `efectivo`, `cambio`, `tarjeta`, `usuario`, `estado`, `empresa_id`, `fecha_registro`) VALUES
(1, 6, 3, '2025-01-31', 1610.00, 0.00, 0.00, 0.00, 1, 1, 1, '2025-01-31 15:15:56'),
(2, 1, 3, '2025-02-02', 1800.00, 0.00, 0.00, 0.00, 1, 1, 1, '2025-02-02 12:28:49'),
(3, 2, 3, '2025-02-03', 2300.00, 0.00, 0.00, 0.00, 1, 1, 1, '2025-02-03 11:17:20'),
(4, 10, 3, '2025-02-03', 3450.00, 0.00, 0.00, 0.00, 1, 1, 1, '2025-02-03 11:21:56'),
(5, 3, 3, '2025-02-05', 2300.00, 0.00, 0.00, 0.00, 1, 1, 1, '2025-02-05 11:51:20'),
(6, 7, 3, '2025-02-12', 2499.00, 0.00, 0.00, 0.00, 1, 1, 1, '2025-02-12 17:19:56'),
(7, 9, 3, '2025-02-12', 3499.00, 0.00, 0.00, 0.00, 1, 1, 1, '2025-02-12 17:20:17'),
(8, 8, 3, '2025-02-15', 3450.00, 0.00, 0.00, 0.00, 1, 1, 1, '2025-02-15 15:52:03'),
(9, 11, 3, '2025-03-01', 1800.00, 0.00, 0.00, 0.00, 1, 2, 1, '2025-03-01 05:43:17'),
(10, 19, 3, '2025-03-04', 2300.00, 0.00, 0.00, 0.00, 1, 2, 1, '2025-03-04 16:04:49'),
(11, 18, 3, '2025-03-04', 1610.00, 0.00, 0.00, 0.00, 1, 2, 1, '2025-03-04 16:06:12'),
(12, 17, 3, '2025-03-04', 3450.00, 0.00, 0.00, 0.00, 1, 2, 1, '2025-03-04 16:19:08'),
(13, 13, 3, '2025-03-06', 2300.00, 0.00, 0.00, 0.00, 1, 2, 1, '2025-03-06 05:45:54'),
(14, 14, 3, '2025-03-10', 5998.00, 0.00, 0.00, 0.00, 1, 2, 1, '2025-03-10 18:43:15'),
(15, 12, 3, '2025-03-12', 3450.00, 0.00, 0.00, 0.00, 1, 2, 1, '2025-03-12 18:56:06'),
(16, 20, 3, '2025-04-02', 1800.00, 0.00, 0.00, 0.00, 1, 2, 1, '2025-04-02 18:20:56'),
(17, 25, 3, '2025-04-03', 1610.00, 0.00, 0.00, 0.00, 1, 2, 1, '2025-04-03 18:58:55'),
(18, 26, 3, '2025-04-05', 2300.00, 0.00, 0.00, 0.00, 1, 2, 1, '2025-04-05 08:08:27'),
(19, 24, 3, '2025-04-05', 3450.00, 0.00, 0.00, 0.00, 1, 2, 1, '2025-04-05 08:08:58'),
(20, 22, 3, '2025-04-07', 2300.00, 0.00, 0.00, 0.00, 1, 2, 1, '2025-04-07 09:42:12');

-- --------------------------------------------------------

--
-- Table structure for table `pagoscompras`
--

CREATE TABLE `pagoscompras` (
  `pagoscompras_id` int(11) NOT NULL,
  `compras_id` int(11) NOT NULL,
  `tipo_pago` int(11) NOT NULL COMMENT '1. Contado 2. Crédito',
  `fecha` date NOT NULL,
  `importe` float(12,2) NOT NULL,
  `efectivo` float(12,2) NOT NULL,
  `cambio` int(11) NOT NULL,
  `tarjeta` float(12,2) NOT NULL,
  `usuario` int(11) NOT NULL,
  `estado` int(11) NOT NULL COMMENT '1. Pagado, 2. Cancelado',
  `empresa_id` int(11) NOT NULL,
  `fecha_registro` datetime NOT NULL
) ENGINE=MyISAM DEFAULT CHARSET=utf8mb4 COLLATE=utf8mb4_spanish_ci;

-- --------------------------------------------------------

--
-- Table structure for table `pagoscompras_detalles`
--

CREATE TABLE `pagoscompras_detalles` (
  `pagoscompras_detalles_id` int(11) NOT NULL,
  `pagoscompras_id` int(11) NOT NULL,
  `tipo_pago_id` int(11) NOT NULL,
  `banco_id` int(11) NOT NULL,
  `efectivo` float(12,2) NOT NULL,
  `descripcion1` char(30) NOT NULL,
  `descripcion2` char(30) NOT NULL,
  `descripcion3` char(30) NOT NULL
) ENGINE=MyISAM DEFAULT CHARSET=utf8mb4 COLLATE=utf8mb4_spanish_ci;

-- --------------------------------------------------------

--
-- Table structure for table `pagos_detalles`
--

CREATE TABLE `pagos_detalles` (
  `pagos_detalles_id` int(11) NOT NULL,
  `pagos_id` int(11) NOT NULL,
  `tipo_pago_id` int(11) NOT NULL,
  `banco_id` int(11) NOT NULL,
  `efectivo` float(12,4) NOT NULL,
  `descripcion1` char(30) NOT NULL,
  `descripcion2` char(30) NOT NULL,
  `descripcion3` char(30) NOT NULL
) ENGINE=MyISAM DEFAULT CHARSET=utf8mb4 COLLATE=utf8mb4_spanish_ci;

--
-- Dumping data for table `pagos_detalles`
--

INSERT INTO `pagos_detalles` (`pagos_detalles_id`, `pagos_id`, `tipo_pago_id`, `banco_id`, `efectivo`, `descripcion1`, `descripcion2`, `descripcion3`) VALUES
(1, 1, 3, 2, 1610.0000, '412405725', '', ''),
(2, 2, 3, 2, 1800.0000, '412408534', '', ''),
(3, 3, 3, 2, 2300.0000, '412401733', '', ''),
(4, 4, 3, 2, 3450.0000, '412408905', '', ''),
(5, 5, 3, 2, 2300.0000, '412443383', '', ''),
(6, 6, 3, 2, 2499.0000, '', '', ''),
(7, 7, 3, 2, 3499.0000, '', '', ''),
(8, 8, 3, 2, 3450.0000, '412400937', '', ''),
(9, 9, 3, 2, 1800.0000, '412407391', '', ''),
(10, 10, 3, 2, 2300.0000, '412407825', '', ''),
(11, 11, 3, 2, 1610.0000, '412407826', '', ''),
(12, 12, 3, 2, 3450.0000, '5624033', '', ''),
(13, 13, 3, 2, 2300.0000, '412407199', '', ''),
(14, 14, 3, 2, 5998.0000, '5634844', '', ''),
(15, 15, 3, 2, 3450.0000, '412404954', '', ''),
(16, 16, 3, 2, 1800.0000, '412408513', '', ''),
(17, 17, 3, 2, 1610.0000, '412405763', '', ''),
(18, 18, 3, 2, 2300.0000, '5692718', '', ''),
(19, 19, 3, 2, 3450.0000, '5692764', '', ''),
(20, 20, 3, 2, 2300.0000, '412400642', '', '');

-- --------------------------------------------------------

--
-- Table structure for table `pago_planificado`
--

CREATE TABLE `pago_planificado` (
  `pago_planificado_id` int(11) NOT NULL,
  `nombre` varchar(50) NOT NULL
) ENGINE=MyISAM DEFAULT CHARSET=utf8mb4 COLLATE=utf8mb4_spanish_ci;

--
-- Dumping data for table `pago_planificado`
--

INSERT INTO `pago_planificado` (`pago_planificado_id`, `nombre`) VALUES
(1, 'Semanal'),
(2, 'Quincenal'),
(3, 'Mensual');

-- --------------------------------------------------------

--
-- Table structure for table `permisos`
--

CREATE TABLE `permisos` (
  `permisos_id` int(11) NOT NULL,
  `tipo_user_id` int(11) NOT NULL,
  `tipo_permiso` char(11) NOT NULL,
  `estado` int(11) NOT NULL COMMENT '1. Activo 2. Inactivo',
  `fecha_registro` datetime NOT NULL
) ENGINE=MyISAM DEFAULT CHARSET=utf8mb4 COLLATE=utf8mb4_spanish_ci;

--
-- Dumping data for table `permisos`
--

INSERT INTO `permisos` (`permisos_id`, `tipo_user_id`, `tipo_permiso`, `estado`, `fecha_registro`) VALUES
(1, 1, 'guardar', 1, '2021-08-29 08:40:35'),
(2, 1, 'editar', 1, '2021-08-29 08:49:50'),
(3, 1, 'eliminar', 1, '2021-08-29 08:49:50'),
(4, 1, 'consultar', 1, '2021-08-29 08:49:50'),
(5, 1, 'imprimir', 1, '2021-08-29 08:49:50'),
(6, 1, 'crear', 1, '2021-08-29 10:23:43'),
(7, 1, 'reportes', 1, '2021-08-29 10:23:43'),
(8, 1, 'actualizar', 1, '2021-08-29 10:33:20'),
(9, 2, 'guardar', 1, '2021-09-05 12:32:41'),
(10, 2, 'editar', 1, '2021-09-05 12:32:41'),
(11, 2, 'eliminar', 1, '2021-09-05 12:32:41'),
(12, 2, 'consultar', 1, '2021-09-05 12:32:41'),
(13, 2, 'imprimir', 1, '2021-09-05 12:32:41'),
(14, 2, 'crear', 1, '2021-09-05 12:32:41'),
(15, 2, 'reportes', 1, '2021-09-05 12:32:41'),
(16, 2, 'actualizar', 1, '2021-09-05 12:32:41'),
(17, 1, 'view', 1, '2021-11-01 12:05:24'),
(18, 1, 'pay', 1, '2021-11-01 12:05:24'),
(19, 3, 'guardar', 1, '2021-11-13 14:27:14'),
(20, 3, 'editar', 1, '2021-11-13 14:27:14'),
(21, 3, 'eliminar', 1, '2021-11-13 14:27:14'),
(22, 3, 'consultar', 1, '2021-11-13 14:27:14'),
(23, 3, 'imprimir', 1, '2021-11-13 14:27:14'),
(24, 3, 'crear', 1, '2021-11-13 14:27:14'),
(25, 3, 'reportes', 1, '2021-11-13 14:27:14'),
(26, 3, 'actualizar', 1, '2021-11-13 14:27:14'),
(27, 3, 'view', 1, '2021-11-13 14:27:14'),
(28, 3, 'pay', 2, '2021-11-13 14:27:14'),
(29, 3, 'cambiar', 1, '2021-11-13 15:17:32'),
(30, 2, 'view', 1, '2021-11-13 15:17:40'),
(31, 2, 'pay', 1, '2021-11-13 15:17:40'),
(32, 2, 'cambiar', 1, '2021-11-13 15:17:40'),
(33, 1, 'cambiar', 1, '2021-11-13 15:17:54'),
(34, 3, 'cancelar', 1, '2021-11-17 15:32:16'),
(35, 1, 'cancelar', 1, '2021-11-17 15:32:53'),
(36, 2, 'cancelar', 1, '2022-05-19 17:36:25');

-- --------------------------------------------------------

--
-- Table structure for table `pin`
--

CREATE TABLE `pin` (
  `pin_id` int(11) NOT NULL,
  `server_customers_id` int(11) NOT NULL,
  `codigo_cliente` int(11) NOT NULL,
  `pin` int(11) NOT NULL,
  `fecha_hora_inicio` datetime NOT NULL,
  `fecha_hora_fin` datetime NOT NULL
) ENGINE=MyISAM DEFAULT CHARSET=utf8mb4 COLLATE=utf8mb4_spanish_ci;

--
-- Dumping data for table `pin`
--

INSERT INTO `pin` (`pin_id`, `server_customers_id`, `codigo_cliente`, `pin`, `fecha_hora_inicio`, `fecha_hora_fin`) VALUES
(1, 5, 0, 221772, '2025-01-22 10:54:24', '2025-01-22 10:59:24'),
(2, 0, 0, 209950, '2025-02-11 09:29:54', '2025-02-11 09:34:54'),
(3, 0, 0, 209950, '2025-02-11 09:29:54', '2025-02-11 09:34:54'),
(4, 5, 64821597, 706255, '2025-03-05 15:55:15', '2025-03-05 17:00:15'),
(5, 5, 0, 733248, '2025-03-05 17:11:13', '2025-03-05 17:16:13'),
(6, 5, 64821597, 156514, '2025-03-05 17:11:53', '2025-03-05 17:16:53'),
(7, 0, 0, 625659, '2025-03-18 17:56:52', '2025-03-18 18:01:52'),
(8, 0, 0, 625659, '2025-03-18 17:56:52', '2025-03-18 18:01:52'),
(9, 0, 0, 536381, '2025-03-18 18:04:29', '2025-03-18 18:09:29'),
(10, 0, 0, 536381, '2025-03-18 18:04:29', '2025-03-18 18:09:29');

-- --------------------------------------------------------

--
-- Table structure for table `plan`
--

CREATE TABLE `plan` (
  `plan_id` int(11) NOT NULL,
  `planes_id` int(11) NOT NULL,
  `users` int(11) NOT NULL COMMENT 'Cantidad Usuarios en el Plan\r\nSi el valor esta en 0 no hay límite de usuarios',
  `user_extra` int(11) NOT NULL COMMENT 'Cantidad de Usuarios Extras',
  `perfiles` int(11) NOT NULL COMMENT 'Registro de empresas permitidas para registrar en el sistema',
  `fecha_registro` datetime NOT NULL
) ENGINE=MyISAM DEFAULT CHARSET=utf8mb4 COLLATE=utf8mb4_spanish_ci;

--
-- Dumping data for table `plan`
--

INSERT INTO `plan` (`plan_id`, `planes_id`, `users`, `user_extra`, `perfiles`, `fecha_registro`) VALUES
(1, 4, 0, 0, 10, '2021-11-08 00:49:54');

-- --------------------------------------------------------

--
-- Table structure for table `planes`
--

CREATE TABLE `planes` (
  `planes_id` int(11) NOT NULL,
  `nombre` char(40) NOT NULL,
  `usuarios` int(11) NOT NULL COMMENT 'Cantidad Usuarios en el plan',
  `estado` int(11) NOT NULL,
  `fecha_registro` datetime NOT NULL
) ENGINE=MyISAM DEFAULT CHARSET=utf8mb4 COLLATE=utf8mb4_spanish_ci;

--
-- Dumping data for table `planes`
--

INSERT INTO `planes` (`planes_id`, `nombre`, `usuarios`, `estado`, `fecha_registro`) VALUES
(1, 'Emprendedor', 2, 1, '2023-09-15 16:36:14'),
(2, 'Básico', 3, 1, '2023-09-15 16:36:14'),
(3, 'Regular', 4, 1, '2023-09-15 16:36:45'),
(4, 'Estandar', 6, 1, '2023-09-15 16:36:57'),
(5, 'Premium', 10, 1, '2024-01-12 02:51:07');

-- --------------------------------------------------------

--
-- Table structure for table `precio_factura`
--

CREATE TABLE `precio_factura` (
  `precio_factura_id` int(11) NOT NULL,
  `facturas_id` int(11) NOT NULL,
  `productos_id` int(11) NOT NULL,
  `clientes_id` int(11) NOT NULL,
  `fecha` date NOT NULL,
  `referencia` char(50) NOT NULL,
  `precio_anterior` float(12,2) NOT NULL,
  `precio_nuevo` float(12,2) NOT NULL,
  `fecha_registro` datetime NOT NULL
) ENGINE=MyISAM DEFAULT CHARSET=utf8mb4 COLLATE=utf8mb4_spanish_ci;

-- --------------------------------------------------------

--
-- Table structure for table `price_list`
--

CREATE TABLE `price_list` (
  `price_list_id` int(11) NOT NULL,
  `compras_id` int(11) NOT NULL,
  `productos_id` int(11) NOT NULL,
  `prices` float(12,2) NOT NULL,
  `fecha` date NOT NULL,
  `colaboradores_id` int(11) NOT NULL,
  `fecha_registro` datetime NOT NULL
) ENGINE=MyISAM DEFAULT CHARSET=utf8mb4 COLLATE=utf8mb4_spanish_ci;

-- --------------------------------------------------------

--
-- Table structure for table `privilegio`
--

CREATE TABLE `privilegio` (
  `privilegio_id` int(11) NOT NULL,
  `nombre` char(30) NOT NULL,
  `estado` int(11) NOT NULL,
  `fecha_registro` datetime NOT NULL
) ENGINE=MyISAM DEFAULT CHARSET=utf8mb4 COLLATE=utf8mb4_spanish_ci;

--
-- Dumping data for table `privilegio`
--

INSERT INTO `privilegio` (`privilegio_id`, `nombre`, `estado`, `fecha_registro`) VALUES
(1, 'Super Administrador', 1, '2021-04-01 14:48:54'),
(2, 'Administrador', 1, '2021-08-27 10:05:40'),
(3, 'Reseller', 1, '2021-11-07 18:18:51'),
(4, 'Clientes', 1, '2021-11-07 18:18:51');

-- --------------------------------------------------------

--
-- Table structure for table `productos`
--

CREATE TABLE `productos` (
  `productos_id` int(11) NOT NULL,
  `barCode` char(100) NOT NULL,
  `almacen_id` int(11) NOT NULL,
  `medida_id` int(11) NOT NULL,
  `categoria_id` int(11) NOT NULL,
  `nombre` char(150) NOT NULL,
  `descripcion` char(100) NOT NULL,
  `tipo_producto_id` int(11) NOT NULL,
  `precio_compra` float(12,2) NOT NULL,
  `porcentaje_venta` float(12,2) NOT NULL COMMENT 'Porcentaje de Ganacia',
  `precio_venta` float(12,2) NOT NULL,
  `cantidad_mayoreo` float(12,2) NOT NULL,
  `precio_mayoreo` float(12,2) NOT NULL,
  `cantidad_minima` int(11) NOT NULL,
  `cantidad_maxima` int(11) NOT NULL,
  `estado` int(11) NOT NULL COMMENT '1. Activo 2. Inactivo	',
  `isv_venta` int(11) NOT NULL COMMENT '1. Sí 2. No',
  `isv_compra` int(11) NOT NULL COMMENT '1. Sí 2. No',
  `colaborador_id` int(11) NOT NULL,
  `file_name` char(100) NOT NULL COMMENT 'Nombre de la Imagen',
  `empresa_id` int(11) NOT NULL,
  `fecha_registro` datetime NOT NULL,
  `id_producto_superior` int(11) NOT NULL
) ENGINE=MyISAM DEFAULT CHARSET=utf8mb4 COLLATE=utf8mb4_spanish_ci;

--
-- Dumping data for table `productos`
--

INSERT INTO `productos` (`productos_id`, `barCode`, `almacen_id`, `medida_id`, `categoria_id`, `nombre`, `descripcion`, `tipo_producto_id`, `precio_compra`, `porcentaje_venta`, `precio_venta`, `cantidad_mayoreo`, `precio_mayoreo`, `cantidad_minima`, `cantidad_maxima`, `estado`, `isv_venta`, `isv_compra`, `colaborador_id`, `file_name`, `empresa_id`, `fecha_registro`, `id_producto_superior`) VALUES
(1, '202501211404', 1, 1, 1, 'Plan Emprendedor', '', 2, 0.00, 520.87, 520.87, 3.00, 0.00, 0, 0, 1, 1, 1, 1, 'image_preview.png', 1, '2025-01-21 14:04:28', 0),
(2, '202501211405', 1, 1, 1, 'Plan Basico', '', 2, 0.00, 0.00, 955.65, 3.00, 0.00, 0, 0, 1, 1, 1, 1, 'image_preview.png', 1, '2025-01-21 14:05:11', 0),
(3, '202501211406', 1, 1, 1, 'Plan Regular', '', 2, 0.00, 1400.00, 1400.00, 3.00, 0.00, 0, 0, 1, 1, 1, 1, 'image_preview.png', 1, '2025-01-21 14:06:00', 0),
(4, '202501211410', 1, 1, 1, 'Plan Estandar', '', 2, 0.00, 2173.04, 2173.04, 3.00, 0.00, 0, 0, 1, 1, 1, 1, 'image_preview.png', 1, '2025-01-21 14:10:46', 0),
(5, '202501211411', 1, 1, 1, 'Plan Premium', '', 2, 0.00, 3042.61, 3042.61, 3.00, 0.00, 0, 0, 1, 1, 1, 1, 'image_preview.png', 1, '2025-01-21 14:11:05', 0),
(6, '202501211415', 1, 1, 1, 'Sistema ES MULTISERVICIOS C&H Premium', '', 2, 0.00, 1565.22, 1565.22, 3.00, 0.00, 0, 0, 1, 1, 1, 1, 'image_preview.png', 1, '2025-01-21 14:15:34', 0),
(7, '202501211416', 1, 1, 1, 'Sistema ES MULTISERVICIOS Basic', '', 2, 0.00, 2000.00, 2000.00, 3.00, 0.00, 0, 0, 1, 1, 1, 1, 'image_preview.png', 1, '2025-01-21 14:16:00', 0),
(8, '202501310835', 1, 1, 1, 'Sistema ES MULTISERVICIOS Premium', '', 2, 0.00, 3000.00, 3000.00, 3.00, 0.00, 0, 0, 1, 1, 1, 1, 'image_preview.png', 1, '2025-01-31 08:35:17', 0);

-- --------------------------------------------------------

--
-- Table structure for table `proveedores`
--

CREATE TABLE `proveedores` (
  `proveedores_id` int(11) NOT NULL,
  `nombre` char(150) NOT NULL,
  `rtn` char(14) NOT NULL,
  `fecha` date NOT NULL,
  `departamentos_id` int(11) NOT NULL,
  `municipios_id` int(11) NOT NULL,
  `localidad` char(150) NOT NULL,
  `telefono` char(8) NOT NULL,
  `correo` char(70) NOT NULL,
  `estado` int(11) NOT NULL,
  `colaboradores_id` int(11) NOT NULL,
  `fecha_registro` datetime NOT NULL
) ENGINE=MyISAM DEFAULT CHARSET=utf8mb4 COLLATE=utf8mb4_spanish_ci;

--
-- Dumping data for table `proveedores`
--

INSERT INTO `proveedores` (`proveedores_id`, `nombre`, `rtn`, `fecha`, `departamentos_id`, `municipios_id`, `localidad`, `telefono`, `correo`, `estado`, `colaboradores_id`, `fecha_registro`) VALUES
(1, 'ES MULTISERVICIOS', '1804199104339', '2025-10-01', 18, 295, 'Colonia: San Jose V Calle: Principal Esquina Opuesta A Canchas De Majoncho Sosa', '26340107', 'edwin.velasquez@esmultiservicios.com', 1, 1, '2025-10-01 12:15:42'),
(2, 'BAC CREDOMATIC DE HONDURAS', '', '2025-02-05', 8, 115, '', '', '', 1, 1, '2025-02-05 11:46:30'),
(3, 'ENEE', '', '2025-02-10', 0, 0, '', '', '', 1, 1, '2025-02-10 14:07:03'),
(4, 'SERVICIO DE ADMINISTRACION DE RENTAS', '', '2025-02-10', 8, 115, '', '', '', 1, 1, '2025-02-10 17:05:29'),
(5, 'Cloud Linux Software, Inc', '', '2025-02-11', 0, 0, '20791 Three Oaks Pkwy, #980 Estereo, Florida 33929. United States', '', '', 1, 1, '2025-02-11 09:31:17'),
(6, 'Contabo', '', '2025-02-12', 0, 0, '', '', '', 1, 1, '2025-02-12 20:02:34'),
(7, 'Carlos Enrique Baide Dominguez', '', '2025-02-17', 0, 0, '', '', '', 1, 1, '2025-02-17 15:46:55'),
(8, 'ANTONIO ALEJANDRO CERRATO ANTUNEZ', '', '2025-03-03', 0, 0, '', '', '', 1, 1, '2025-03-03 05:34:32'),
(9, 'MERCEDES RAMOS PINEDA', '', '2025-03-03', 0, 0, '', '', '', 1, 1, '2025-03-03 05:37:22'),
(10, 'INVERSIONES BUENOS AIRES S.A', '05019009204111', '2025-03-06', 5, 68, 'Colonia Perfecto Vasquez 33 Calle', '25578133', 'gerenciatexacoba@gmail.com', 1, 1, '2025-03-06 05:50:21'),
(11, 'Godaddy', '', '2025-03-11', 0, 0, '', '', '', 1, 1, '2025-03-11 15:44:06');

-- --------------------------------------------------------

--
-- Table structure for table `puestos`
--

CREATE TABLE `puestos` (
  `puestos_id` int(11) NOT NULL,
  `nombre` char(20) NOT NULL,
  `estado` int(11) NOT NULL,
  `fecha_registro` datetime NOT NULL
) ENGINE=MyISAM DEFAULT CHARSET=utf8mb4 COLLATE=utf8mb4_spanish_ci;

--
-- Dumping data for table `puestos`
--

INSERT INTO `puestos` (`puestos_id`, `nombre`, `estado`, `fecha_registro`) VALUES
(1, 'Administrador', 1, '2021-04-01 14:51:14'),
(2, 'Contabilidad', 1, '2021-04-01 14:51:14'),
(3, 'Caja', 1, '2022-05-18 16:59:14'),
(4, 'Reseller', 1, '2023-08-29 20:56:46'),
(5, 'Clientes', 1, '2023-09-16 14:08:39'),
(6, 'Vendedores', 1, '2023-09-16 14:08:39'),
(7, 'Psicologo', 1, '2024-02-26 11:05:58');

-- --------------------------------------------------------

--
-- Table structure for table `secuencia_facturacion`
--

CREATE TABLE `secuencia_facturacion` (
  `secuencia_facturacion_id` int(11) NOT NULL,
  `empresa_id` int(11) NOT NULL,
  `cai` char(37) NOT NULL,
  `prefijo` char(15) NOT NULL COMMENT 'Número Inicial de la Factura',
  `relleno` int(11) NOT NULL COMMENT 'Relleno de Numero',
  `incremento` int(11) NOT NULL COMMENT 'Incremento del Numero',
  `siguiente` int(11) NOT NULL COMMENT 'Número Siguiente',
  `rango_inicial` char(11) NOT NULL COMMENT 'Rango Autorizado Inicial',
  `rango_final` char(11) NOT NULL COMMENT 'Rango Autorizado Final',
  `fecha_activacion` date NOT NULL,
  `fecha_limite` date NOT NULL COMMENT 'Fecha Limite de Emisión',
  `activo` int(11) NOT NULL COMMENT '1. Sí 2. No',
  `colaboradores_id` int(11) NOT NULL,
  `fecha_registro` datetime NOT NULL,
  `documento_id` int(11) NOT NULL
) ENGINE=MyISAM DEFAULT CHARSET=utf8mb4 COLLATE=utf8mb4_spanish_ci;

--
-- Dumping data for table `secuencia_facturacion`
--

INSERT INTO `secuencia_facturacion` (`secuencia_facturacion_id`, `empresa_id`, `cai`, `prefijo`, `relleno`, `incremento`, `siguiente`, `rango_inicial`, `rango_final`, `fecha_activacion`, `fecha_limite`, `activo`, `colaboradores_id`, `fecha_registro`, `documento_id`) VALUES
(1, 1, '2D0235-10C2E0-BC2EE0-63BE03-09097F-94', '000-002-01-', 8, 1, 21, '00000001', '00000050', '2025-01-31', '2026-01-31', 1, 1, '2025-01-31 08:20:12', 1),
(2, 1, '', 'PROFORMA', 8, 1, 27, '00000001', '99999999', '2025-01-31', '2050-01-31', 1, 1, '2025-01-31 08:21:46', 4);

-- --------------------------------------------------------

--
-- Table structure for table `server_customers`
--

CREATE TABLE `server_customers` (
  `server_customers_id` int(11) NOT NULL,
  `clientes_id` int(11) NOT NULL,
  `codigo_cliente` int(11) NOT NULL,
  `db` char(40) NOT NULL,
  `planes_id` int(11) NOT NULL,
  `sistema_id` int(11) NOT NULL,
  `validar` int(11) NOT NULL COMMENT '1 Sí 2. No',
  `estado` int(11) NOT NULL COMMENT '1. Activo 0. Inactivo'
) ENGINE=MyISAM DEFAULT CHARSET=utf8mb4 COLLATE=utf8mb4_spanish_ci;

--
-- Dumping data for table `server_customers`
--

INSERT INTO `server_customers` (`server_customers_id`, `clientes_id`, `codigo_cliente`, `db`, `planes_id`, `sistema_id`, `validar`, `estado`) VALUES
(8, 26, 14821599, '', 3, 1, 1, 0),
(4, 4, 37295168, 'esmultiservicios_cino_cami', 4, 2, 1, 1),
(3, 2, 81639475, 'esmultiservicios_patolab_cami', 2, 2, 1, 1),
(5, 5, 64821597, 'esmultiservicios_maxlab_izzy', 5, 1, 1, 1),
(6, 8, 74821598, 'esmultiservicios_flores504_izzy', 2, 1, 1, 1),
(7, 25, 14821598, '', 4, 1, 1, 0),
(9, 27, 14821548, '', 1, 1, 1, 0),
(10, 11, 52689420, 'esmultiservicios_gynicare_izzy', 2, 1, 1, 0),
(11, 29, 62689421, '', 1, 1, 1, 0),
(12, 30, 62689422, '', 2, 1, 1, 0),
(13, 10, 62689423, 'esmultiservicios_drgalindo_cami', 3, 2, 1, 1),
(14, 9, 63789424, 'esmultiservicios_casaflores_izzy', 3, 1, 1, 1),
(15, 7, 63789425, 'esmultiservicios_skincenter_izzy', 4, 1, 1, 1),
(17, 6, 63789426, 'esmultiservicios_labopat_cami', 4, 4, 1, 1),
(18, 3, 63789427, 'esmultiservicios_centrointegral_cami', 3, 2, 1, 1),
(16, 7, 63789425, 'esmultiservicios_skincenter_cami', 4, 2, 1, 1);

-- --------------------------------------------------------

--
-- Table structure for table `sistema`
--

CREATE TABLE `sistema` (
  `sistema_id` int(11) NOT NULL,
  `nombre` char(30) NOT NULL,
  `estado` int(11) NOT NULL
) ENGINE=MyISAM DEFAULT CHARSET=utf8mb4 COLLATE=utf8mb4_spanish_ci;

--
-- Dumping data for table `sistema`
--

INSERT INTO `sistema` (`sistema_id`, `nombre`, `estado`) VALUES
(1, 'IZZY', 1),
(2, 'CAMI', 1),
(3, 'Monitoring', 1);

-- --------------------------------------------------------

--
-- Table structure for table `submenu`
--

CREATE TABLE `submenu` (
  `submenu_id` int(11) NOT NULL,
  `menu_id` int(11) NOT NULL,
  `name` char(25) NOT NULL
) ENGINE=MyISAM DEFAULT CHARSET=utf8mb4 COLLATE=utf8mb4_spanish_ci;

--
-- Dumping data for table `submenu`
--

INSERT INTO `submenu` (`submenu_id`, `menu_id`, `name`) VALUES
(1, 2, 'clientes'),
(2, 2, 'facturas'),
(4, 3, 'proveedores'),
(5, 3, 'facturaCompras'),
(6, 4, 'productos'),
(7, 4, 'inventario'),
(13, 6, 'reporte_historial'),
(14, 6, 'reporte_ventas'),
(15, 6, 'reporte_compras'),
(16, 8, 'colaboradores'),
(17, 7, 'puestos'),
(18, 7, 'users'),
(19, 7, 'secuencia'),
(20, 7, 'empresa'),
(21, 7, 'confAlmacen'),
(22, 7, 'confUbicacion'),
(23, 7, 'confMedida'),
(3, 2, 'cajas'),
(24, 7, 'privilegio'),
(25, 7, 'tipoUser'),
(8, 5, 'cuentasContabilidad'),
(9, 5, 'movimientosContabilidad'),
(10, 5, 'ingresosContabilidad'),
(11, 5, 'gastosContabilidad'),
(12, 5, 'chequesContabilidad'),
(26, 7, 'confCategoria'),
(27, 2, 'cotizacion'),
(28, 5, 'confCtaContabilidad'),
(29, 7, 'confEmail'),
(30, 5, 'confTipoPago'),
(31, 5, 'confBancos'),
(32, 5, 'confImpuestos'),
(33, 4, 'transferencia'),
(34, 7, 'confImpresora'),
(35, 8, 'contrato'),
(36, 8, 'nomina'),
(37, 8, 'asistencia');

-- --------------------------------------------------------

--
-- Table structure for table `submenu1`
--

CREATE TABLE `submenu1` (
  `submenu1_id` int(11) NOT NULL,
  `submenu_id` int(11) NOT NULL,
  `name` char(20) NOT NULL
) ENGINE=MyISAM DEFAULT CHARSET=utf8mb4 COLLATE=utf8mb4_spanish_ci;

--
-- Dumping data for table `submenu1`
--

INSERT INTO `submenu1` (`submenu1_id`, `submenu_id`, `name`) VALUES
(1, 13, 'historialAccesos'),
(2, 13, 'bitacora'),
(3, 14, 'reporteVentas'),
(4, 14, 'cobrarClientes'),
(5, 15, 'reporteCompras'),
(6, 15, 'pagarProveedores'),
(7, 14, 'reporteCotizacion');

-- --------------------------------------------------------

--
-- Table structure for table `submenu1_plan`
--

CREATE TABLE `submenu1_plan` (
  `submenu1_plan_id` int(11) NOT NULL,
  `submenu1_id` int(11) NOT NULL,
  `planes_id` int(11) NOT NULL
) ENGINE=MyISAM DEFAULT CHARSET=utf8mb4 COLLATE=utf8mb4_spanish_ci;

--
-- Dumping data for table `submenu1_plan`
--

INSERT INTO `submenu1_plan` (`submenu1_plan_id`, `submenu1_id`, `planes_id`) VALUES
(2, 3, 2),
(1, 3, 1),
(3, 4, 2),
(4, 7, 2),
(5, 5, 2),
(6, 3, 3),
(7, 4, 3),
(8, 7, 3),
(9, 5, 3),
(10, 3, 4),
(11, 4, 4),
(12, 7, 4),
(13, 5, 4),
(14, 3, 2),
(15, 4, 2),
(16, 7, 2),
(17, 5, 2),
(18, 1, 5),
(19, 2, 5),
(20, 3, 5),
(21, 4, 5),
(22, 5, 5),
(23, 6, 5),
(24, 7, 5),
(25, 6, 4);

-- --------------------------------------------------------

--
-- Table structure for table `submenu_plan`
--

CREATE TABLE `submenu_plan` (
  `submenu_plan_id` int(11) NOT NULL,
  `submenu_id` int(11) NOT NULL,
  `planes_id` int(11) NOT NULL
) ENGINE=MyISAM DEFAULT CHARSET=utf8mb4 COLLATE=utf8mb4_spanish_ci;

--
-- Dumping data for table `submenu_plan`
--

INSERT INTO `submenu_plan` (`submenu_plan_id`, `submenu_id`, `planes_id`) VALUES
(1, 1, 1),
(2, 2, 1),
(3, 6, 1),
(4, 14, 1),
(5, 16, 1),
(6, 17, 1),
(7, 18, 1),
(8, 19, 1),
(9, 20, 1),
(10, 23, 1),
(11, 24, 1),
(12, 25, 1),
(13, 34, 1),
(14, 1, 2),
(15, 2, 2),
(16, 3, 2),
(17, 4, 2),
(18, 5, 2),
(19, 6, 2),
(20, 7, 2),
(21, 33, 2),
(22, 14, 2),
(23, 15, 2),
(24, 16, 2),
(25, 17, 2),
(26, 18, 2),
(27, 19, 2),
(28, 20, 2),
(29, 21, 2),
(30, 22, 2),
(31, 23, 2),
(32, 24, 2),
(33, 25, 2),
(34, 26, 2),
(35, 29, 2),
(36, 34, 2),
(37, 1, 3),
(38, 2, 3),
(39, 3, 3),
(40, 4, 3),
(41, 5, 3),
(42, 6, 3),
(43, 7, 3),
(44, 11, 3),
(45, 33, 3),
(46, 14, 3),
(47, 15, 3),
(48, 16, 3),
(49, 17, 3),
(50, 18, 3),
(51, 19, 3),
(52, 20, 3),
(53, 21, 3),
(54, 22, 3),
(55, 23, 3),
(56, 24, 3),
(57, 25, 3),
(58, 26, 3),
(59, 29, 3),
(60, 34, 3),
(61, 1, 4),
(62, 2, 4),
(63, 27, 4),
(64, 3, 4),
(65, 4, 4),
(66, 5, 4),
(67, 6, 4),
(68, 7, 4),
(69, 8, 4),
(70, 9, 4),
(71, 10, 4),
(72, 11, 4),
(73, 31, 4),
(74, 33, 4),
(75, 14, 4),
(76, 15, 4),
(77, 16, 4),
(78, 17, 4),
(79, 18, 4),
(80, 19, 4),
(81, 20, 4),
(82, 21, 4),
(83, 22, 4),
(84, 23, 4),
(85, 24, 4),
(86, 25, 4),
(87, 26, 4),
(88, 29, 4),
(89, 34, 4),
(90, 36, 4),
(91, 37, 4),
(92, 1, 4),
(93, 2, 4),
(94, 27, 4),
(95, 3, 4),
(96, 4, 4),
(97, 5, 4),
(98, 6, 4),
(99, 7, 4),
(100, 8, 4),
(101, 9, 4),
(102, 10, 4),
(103, 11, 4),
(104, 31, 4),
(105, 33, 4),
(106, 14, 4),
(107, 15, 4),
(108, 16, 4),
(109, 35, 4),
(110, 36, 4),
(111, 37, 4),
(112, 17, 4),
(113, 18, 4),
(114, 19, 4),
(115, 20, 4),
(116, 21, 4),
(117, 22, 4),
(118, 23, 4),
(119, 24, 4),
(120, 25, 4),
(121, 26, 4),
(122, 29, 4),
(123, 34, 4),
(124, 1, 5),
(125, 2, 5),
(126, 3, 5),
(127, 4, 5),
(128, 5, 5),
(129, 6, 5),
(130, 7, 5),
(131, 8, 5),
(132, 9, 5),
(133, 10, 5),
(134, 11, 5),
(135, 12, 5),
(136, 13, 5),
(137, 14, 5),
(138, 15, 5),
(139, 16, 5),
(140, 17, 5),
(141, 18, 5),
(142, 19, 5),
(143, 20, 5),
(144, 21, 5),
(145, 22, 5),
(146, 23, 5),
(147, 24, 5),
(148, 25, 5),
(149, 26, 5),
(150, 27, 5),
(151, 28, 5),
(152, 29, 5),
(153, 30, 5),
(154, 31, 5),
(155, 32, 5),
(156, 33, 5),
(157, 34, 5),
(158, 35, 5),
(159, 36, 5);

-- --------------------------------------------------------

--
-- Table structure for table `tipo_contrato`
--

CREATE TABLE `tipo_contrato` (
  `tipo_contrato_id` int(11) NOT NULL,
  `nombre` varchar(50) NOT NULL
) ENGINE=MyISAM DEFAULT CHARSET=utf8mb4 COLLATE=utf8mb4_spanish_ci;

--
-- Dumping data for table `tipo_contrato`
--

INSERT INTO `tipo_contrato` (`tipo_contrato_id`, `nombre`) VALUES
(1, 'Permanente'),
(2, 'Temporal'),
(3, 'A Termino');

-- --------------------------------------------------------

--
-- Table structure for table `tipo_cuenta`
--

CREATE TABLE `tipo_cuenta` (
  `tipo_cuenta_id` int(11) NOT NULL,
  `nombre` varchar(40) NOT NULL,
  `estado` int(11) NOT NULL
) ENGINE=MyISAM DEFAULT CHARSET=utf8mb4 COLLATE=utf8mb4_spanish_ci;

--
-- Dumping data for table `tipo_cuenta`
--

INSERT INTO `tipo_cuenta` (`tipo_cuenta_id`, `nombre`, `estado`) VALUES
(1, 'Efectivo', 1),
(2, 'Tarjeta', 1),
(3, 'Banco', 1);

-- --------------------------------------------------------

--
-- Table structure for table `tipo_empleado`
--

CREATE TABLE `tipo_empleado` (
  `tipo_empleado_id` int(11) NOT NULL,
  `nombre` varchar(30) NOT NULL
) ENGINE=MyISAM DEFAULT CHARSET=utf8mb4 COLLATE=utf8mb4_spanish_ci;

--
-- Dumping data for table `tipo_empleado`
--

INSERT INTO `tipo_empleado` (`tipo_empleado_id`, `nombre`) VALUES
(1, 'Normal'),
(2, 'Medico');

-- --------------------------------------------------------

--
-- Table structure for table `tipo_nomina`
--

CREATE TABLE `tipo_nomina` (
  `tipo_nomina_id` int(11) NOT NULL,
  `nombre` varchar(30) NOT NULL
) ENGINE=MyISAM DEFAULT CHARSET=utf8mb4 COLLATE=utf8mb4_spanish_ci;

--
-- Dumping data for table `tipo_nomina`
--

INSERT INTO `tipo_nomina` (`tipo_nomina_id`, `nombre`) VALUES
(1, 'Nomina'),
(2, 'Catorceavo'),
(3, 'Treceavo');

-- --------------------------------------------------------

--
-- Table structure for table `tipo_pago`
--

CREATE TABLE `tipo_pago` (
  `tipo_pago_id` int(11) NOT NULL,
  `tipo_cuenta_id` int(11) NOT NULL,
  `nombre` char(30) NOT NULL,
  `cuentas_id` int(11) NOT NULL COMMENT 'Asignación de Cuenta contable',
  `estado` int(11) NOT NULL COMMENT '1. Activo 2. Inactivo',
  `fecha_registro` datetime DEFAULT NULL
) ENGINE=MyISAM DEFAULT CHARSET=utf8mb4 COLLATE=utf8mb4_spanish_ci;

--
-- Dumping data for table `tipo_pago`
--

INSERT INTO `tipo_pago` (`tipo_pago_id`, `tipo_cuenta_id`, `nombre`, `cuentas_id`, `estado`, `fecha_registro`) VALUES
(0, 0, 'Sin Pago', 0, 1, '2021-04-01 14:59:50'),
(1, 1, 'Efectivo', 2, 1, '2021-04-01 14:59:50'),
(2, 2, 'Tarjeta', 3, 1, '2021-04-01 14:59:50'),
(3, 3, 'Transferencia', 3, 1, '2021-04-01 14:59:50'),
(4, 4, 'cheque', 3, 1, '2021-04-01 14:59:50');

-- --------------------------------------------------------

--
-- Table structure for table `tipo_producto`
--

CREATE TABLE `tipo_producto` (
  `tipo_producto_id` int(11) NOT NULL,
  `nombre` char(30) NOT NULL
) ENGINE=MyISAM DEFAULT CHARSET=utf8mb4 COLLATE=utf8mb4_spanish_ci;

--
-- Dumping data for table `tipo_producto`
--

INSERT INTO `tipo_producto` (`tipo_producto_id`, `nombre`) VALUES
(1, 'Producto'),
(2, 'Servicio'),
(3, 'Insumos');

-- --------------------------------------------------------

--
-- Table structure for table `tipo_user`
--

CREATE TABLE `tipo_user` (
  `tipo_user_id` int(11) NOT NULL,
  `nombre` char(20) NOT NULL,
  `estado` int(11) NOT NULL,
  `fecha_registro` datetime NOT NULL
) ENGINE=MyISAM DEFAULT CHARSET=utf8mb4 COLLATE=utf8mb4_spanish_ci;

--
-- Dumping data for table `tipo_user`
--

INSERT INTO `tipo_user` (`tipo_user_id`, `nombre`, `estado`, `fecha_registro`) VALUES
(1, 'Super Administrador', 1, '2021-11-08 00:30:57'),
(2, 'Administrador', 1, '2021-11-08 00:30:57'),
(3, 'Reseller', 1, '2021-11-07 17:32:21'),
(4, 'Clientes', 1, '2021-11-07 17:32:21');

-- --------------------------------------------------------

--
-- Table structure for table `ubicacion`
--

CREATE TABLE `ubicacion` (
  `ubicacion_id` int(11) NOT NULL,
  `empresa_id` int(11) NOT NULL,
  `nombre` char(30) NOT NULL,
  `estado` int(11) NOT NULL,
  `fecha_registro` datetime NOT NULL
) ENGINE=MyISAM DEFAULT CHARSET=utf8mb4 COLLATE=utf8mb4_spanish_ci;

--
-- Dumping data for table `ubicacion`
--

INSERT INTO `ubicacion` (`ubicacion_id`, `empresa_id`, `nombre`, `estado`, `fecha_registro`) VALUES
(1, 1, 'San Pedro Sula', 1, '2021-07-11 15:19:56');

-- --------------------------------------------------------

--
-- Table structure for table `users`
--

CREATE TABLE `users` (
  `users_id` int(11) NOT NULL,
  `colaboradores_id` int(11) NOT NULL,
  `privilegio_id` int(11) NOT NULL,
  `username` char(20) NOT NULL,
  `password` char(48) NOT NULL,
  `email` char(45) NOT NULL,
  `tipo_user_id` int(11) NOT NULL COMMENT 'Permisos según el tipo de usuario que ingresa al sistema',
  `estado` int(11) NOT NULL COMMENT '1. Activo. 2. Inactivo',
  `fecha_registro` datetime NOT NULL,
  `empresa_id` int(11) NOT NULL,
  `server_customers_id` int(11) NOT NULL
) ENGINE=MyISAM DEFAULT CHARSET=utf8mb4 COLLATE=utf8mb4_spanish_ci;

--
-- Dumping data for table `users`
--

INSERT INTO `users` (`users_id`, `colaboradores_id`, `privilegio_id`, `username`, `password`, `email`, `tipo_user_id`, `estado`, `fecha_registro`, `empresa_id`, `server_customers_id`) VALUES
(1, 1, 1, 'admin', 'WVdHOHYzeFRtUmM3Q3FXcnkzUSsxZz09', 'edwin.velasquez@esmultiservicios.com', 1, 1, '2020-11-21 16:39:41', 1, 0),
(2, 2, 2, 'dmaldonado', 'L1RJNXFjWkplMnBBV3pEUUdabFdUdz09', 'eduardohn02@gmail.com', 2, 2, '2021-11-13 14:35:56', 1, 0),
(3, 3, 2, 'lsing', 'd01DV2tSSnlVa3RGZlltVGdUMEFFZz09', 'lee_sing2009@yahoo.com', 2, 2, '2022-04-04 18:44:48', 1, 0),
(4, 4, 2, 'aponce', 'SE1PWHc2QUptRTk2S1ZTNTdHK1hhZz09', 'alexandra.ponce@clinicarehn.com', 2, 2, '2022-05-18 17:04:55', 1, 0),
(5, 6, 3, '', 'c1hCYUhpanBRZTlGbG93dDkzb2E1UT09', 'info@distechsa.com', 4, 2, '2023-08-29 21:05:42', 1, 0),
(11, 12, 5, 'Carlos castillo', 'UmxoNXFJcjh4OXNJL01IZXd1Y1J0QT09', 'Carloscastillorodriguez19@gmail.com', 4, 1, '2022-11-17 18:21:34', 1, 5),
(10, 11, 4, 'amurbina', 'UktyS3U0d3RKSkNnNjY3SDVtb0FBZz09', 'anaurbinasalgado40@gmail.com', 4, 1, '2021-12-28 13:37:24', 1, 5),
(9, 10, 4, 'cchavarria', 'Yk1HQzEyOHF0bXdLcWQ2ejRsYkR0Zz09', 'aseconfisdrl@hotmail.com', 4, 1, '2021-12-14 12:08:47', 1, 5),
(8, 9, 4, 'ecorea', 'em1UTU5FaDg5RS9sVjVETU5OQWU0Zz09', 'elsagabrielacorea@gmail.com', 4, 2, '2021-11-19 14:21:15', 1, 5),
(7, 8, 4, 'pcastro', 'UmxoNXFJcjh4OXNJL01IZXd1Y1J0QT09', 'cast_555@yahoo.com', 4, 1, '2021-11-19 14:18:50', 1, 5),
(6, 7, 4, 'aurbina', 'akUxRHYzd1RpS2hUWGFqcnhFK2YvUT09', 'anaurbinahn@yahoo.com', 4, 1, '2021-11-19 14:18:14', 1, 5),
(12, 13, 4, '', 'bTNvSi9EeGRFQjc1WWJMUW5ja0NoZz09', '504floreshn@gmail.com', 4, 1, '2022-11-17 18:21:34', 1, 6),
(13, 14, 4, '', 'WVdHOHYzeFRtUmM3Q3FXcnkzUSsxZz09', 'p.ramos@incoramos.com', 4, 2, '2024-01-11 16:39:41', 1, 7),
(14, 15, 4, '', 'WVdHOHYzeFRtUmM3Q3FXcnkzUSsxZz09', 'f.vallecillo@incoramos.com', 4, 2, '2024-01-11 16:39:41', 1, 7),
(15, 16, 4, '', 'RXlVR2NmczZkcVZBeDQyMmVUVVFvZz09', 'o.hernandez@incoramos.com', 4, 2, '2024-01-11 16:39:41', 1, 7),
(16, 20, 4, '', 'KzVESFplV3hzTFJTb1FiOU5FcnZJUT09', 'invercomer.diversas@outlook.com', 4, 2, '2024-01-26 16:39:41', 1, 8),
(17, 21, 4, '', 'TFBWZzA3SW0wclJOckFBQWFpYXFNQT09', 'mlopez10_9@hotmail.com', 4, 2, '2024-01-26 16:39:41', 1, 8),
(18, 22, 4, '', 'TFBWZzA3SW0wclJOckFBQWFpYXFNQT09', 'miguel.1974.mls@gmail.com', 4, 2, '2024-01-26 16:39:41', 1, 8),
(19, 23, 4, '', 'aDdpNDBFeUZKSldQa1B4a2dGaUd3QT09', 'gilmita52@gmail.com', 4, 2, '2024-01-26 16:39:41', 1, 8),
(20, 24, 4, '', 'ZzkrS3NBd3ZEaFVpYS9NUUloMGt4UT09', 'barahonabonillaj@yahoo.com', 4, 2, '2024-02-07 16:39:41', 1, 9),
(21, 25, 4, '', 'ZzkrS3NBd3ZEaFVpYS9NUUloMGt4UT09', 'arlyngerezano@gmail.com', 4, 2, '2024-02-07 16:39:41', 1, 9),
(22, 26, 2, '', 'aGUwODc4S1JIYUMwOEtDZi9vODhBdz09', 'yasmin_pineda94@hotmail.com', 2, 2, '2024-02-26 11:36:57', 1, 0),
(23, 27, 4, '', 'WVdHOHYzeFRtUmM3Q3FXcnkzUSsxZz09', 'klau2988@gmail.com', 2, 2, '2020-11-21 16:39:41', 1, 10),
(24, 28, 4, '', 'WVdHOHYzeFRtUmM3Q3FXcnkzUSsxZz09', 'alejandravieraz@gmail.com', 2, 2, '2020-11-21 16:39:41', 1, 10),
(25, 29, 4, '', 'dVFNQU1IUFpmaG9SZWNjanpYMnFuQT09', 'maholirivera2912@gmail.com', 2, 1, '2020-11-21 16:39:41', 1, 10),
(26, 30, 4, '', 'WVdHOHYzeFRtUmM3Q3FXcnkzUSsxZz09', 'superabarroteria@gmail.com', 2, 1, '2024-06-28 16:39:41', 1, 11),
(27, 31, 4, '', 'Zmp4NWY1TXk3RGJSL0ViTWxwcFA5dz09', 'repaccell1@hotmail.com', 2, 2, '2024-06-28 16:39:41', 1, 12),
(34, 44, 4, '', 'SkhVUzk2R0V5UkRJMDFTb1dXb1NWZz09', 'rosnavas.36@gmail.com', 4, 1, '2024-12-03 16:39:41', 1, 15),
(31, 35, 4, '', 'emZvbUloUm5mTTUya0pNbytvYzRkQT09', 'terezamurilloarita@gmail.com', 4, 1, '2024-11-19 15:30:03', 1, 5),
(32, 36, 4, '', 'WVdHOHYzeFRtUmM3Q3FXcnkzUSsxZz09', 'stefanyd17@gmail.com', 4, 1, '2024-11-22 15:30:03', 1, 14),
(33, 37, 4, '', 'WVdHOHYzeFRtUmM3Q3FXcnkzUSsxZz09', 'lacasadelasfloreshn1804@gmail.com', 4, 1, '2024-11-22 15:30:03', 1, 14),
(35, 38, 4, '', 'SkhVUzk2R0V5UkRJMDFTb1dXb1NWZz09', 'clelyc@gmail.com', 4, 1, '2024-12-03 16:39:41', 1, 15),
(36, 4, 4, '', 'SkhVUzk2R0V5UkRJMDFTb1dXb1NWZz09', 'Bourcast@gmail.com', 4, 2, '2024-12-03 16:39:41', 1, 15),
(37, 5, 4, '', 'SkhVUzk2R0V5UkRJMDFTb1dXb1NWZz09', 'cestonipamela@gmail.com', 4, 2, '2024-12-03 16:39:41', 1, 15),
(38, 42, 4, '', 'SkhVUzk2R0V5UkRJMDFTb1dXb1NWZz09', 'clelian11@gmail.com', 4, 1, '2024-12-03 16:39:41', 1, 15),
(39, 43, 4, '', 'dXB1VUFoS3VhR2JpeCtDTE1EYkpCdz09', 'fardosfloreshn@gmail.com', 2, 1, '2025-03-15 12:02:56', 1, 14);

-- --------------------------------------------------------

--
-- Table structure for table `vale`
--

CREATE TABLE `vale` (
  `vale_id` int(11) NOT NULL,
  `nomina_id` int(11) NOT NULL,
  `colaboradores_id` int(11) NOT NULL,
  `monto` decimal(12,2) NOT NULL,
  `fecha` date NOT NULL,
  `nota` varchar(254) NOT NULL,
  `usuario` int(11) NOT NULL,
  `estado` int(11) NOT NULL COMMENT '0. Pendiente 1. Pagado 2. Anulado',
  `empresa_id` int(11) NOT NULL,
  `fecha_registro` datetime NOT NULL
) ENGINE=MyISAM DEFAULT CHARSET=utf8mb4 COLLATE=utf8mb4_spanish_ci;

-- --------------------------------------------------------

--
-- Table structure for table `vigencia_cotizacion`
--

CREATE TABLE `vigencia_cotizacion` (
  `vigencia_cotizacion_id` int(11) NOT NULL,
  `valor` char(20) NOT NULL,
  `fecha_registro` datetime NOT NULL
) ENGINE=MyISAM DEFAULT CHARSET=utf8mb4 COLLATE=utf8mb4_spanish_ci;

--
-- Dumping data for table `vigencia_cotizacion`
--

INSERT INTO `vigencia_cotizacion` (`vigencia_cotizacion_id`, `valor`, `fecha_registro`) VALUES
(0, 'Sin Vigencia', '2021-12-28 23:57:53'),
(1, '5 Días', '2021-12-28 23:57:53'),
(2, '10 Días', '2021-12-28 23:57:53'),
(3, '15 Días', '2021-12-28 23:57:53'),
(4, '20 Días', '2021-12-28 23:57:53'),
(5, '25 Días', '2021-12-28 23:57:53'),
(6, '30 Días', '2021-12-28 23:57:53'),
(7, '35 Días', '2021-12-28 23:57:53'),
(8, '40 Días', '2021-12-28 23:57:53'),
(9, '45 Días', '2021-12-28 23:57:53'),
(10, '50 Días', '2021-12-28 23:57:53'),
(11, '55 Días', '2021-12-28 23:57:53');

--
-- Indexes for dumped tables
--

--
-- Indexes for table `acceso_menu`
--
ALTER TABLE `acceso_menu`
  ADD PRIMARY KEY (`acceso_menu_id`);

--
-- Indexes for table `acceso_submenu`
--
ALTER TABLE `acceso_submenu`
  ADD PRIMARY KEY (`acceso_submenu_id`);

--
-- Indexes for table `acceso_submenu1`
--
ALTER TABLE `acceso_submenu1`
  ADD PRIMARY KEY (`acceso_submenu1_id`);

--
-- Indexes for table `almacen`
--
ALTER TABLE `almacen`
  ADD PRIMARY KEY (`almacen_id`),
  ADD KEY `ubicacion_id` (`ubicacion_id`);

--
-- Indexes for table `apertura`
--
ALTER TABLE `apertura`
  ADD PRIMARY KEY (`apertura_id`);

--
-- Indexes for table `asistencia`
--
ALTER TABLE `asistencia`
  ADD PRIMARY KEY (`asistencia_id`);

--
-- Indexes for table `banco`
--
ALTER TABLE `banco`
  ADD PRIMARY KEY (`banco_id`);

--
-- Indexes for table `bitacora`
--
ALTER TABLE `bitacora`
  ADD PRIMARY KEY (`bitacora_id`),
  ADD KEY `colaborador_id` (`colaboradores_id`);

--
-- Indexes for table `categoria`
--
ALTER TABLE `categoria`
  ADD PRIMARY KEY (`categoria_id`);

--
-- Indexes for table `categoria_gastos`
--
ALTER TABLE `categoria_gastos`
  ADD PRIMARY KEY (`categoria_gastos_id`);

--
-- Indexes for table `cheque`
--
ALTER TABLE `cheque`
  ADD PRIMARY KEY (`cheque_id`);

--
-- Indexes for table `clientes`
--
ALTER TABLE `clientes`
  ADD PRIMARY KEY (`clientes_id`),
  ADD KEY `departamentos_id` (`departamentos_id`),
  ADD KEY `municipios_id` (`municipios_id`);

--
-- Indexes for table `cobrar_clientes`
--
ALTER TABLE `cobrar_clientes`
  ADD PRIMARY KEY (`cobrar_clientes_id`);

--
-- Indexes for table `colaboradores`
--
ALTER TABLE `colaboradores`
  ADD PRIMARY KEY (`colaboradores_id`),
  ADD KEY `FK_puestos_id` (`puestos_id`) USING BTREE;

--
-- Indexes for table `compras`
--
ALTER TABLE `compras`
  ADD PRIMARY KEY (`compras_id`);

--
-- Indexes for table `compras_detalles`
--
ALTER TABLE `compras_detalles`
  ADD PRIMARY KEY (`compras_detalles_id`);

--
-- Indexes for table `config`
--
ALTER TABLE `config`
  ADD PRIMARY KEY (`config_id`);

--
-- Indexes for table `contrato`
--
ALTER TABLE `contrato`
  ADD PRIMARY KEY (`contrato_id`);

--
-- Indexes for table `correo`
--
ALTER TABLE `correo`
  ADD PRIMARY KEY (`correo_id`);

--
-- Indexes for table `correo_tipo`
--
ALTER TABLE `correo_tipo`
  ADD PRIMARY KEY (`correo_tipo_id`);

--
-- Indexes for table `cotizacion`
--
ALTER TABLE `cotizacion`
  ADD PRIMARY KEY (`cotizacion_id`),
  ADD KEY `clientes_id` (`clientes_id`),
  ADD KEY `colaborador_id` (`colaboradores_id`),
  ADD KEY `usuario` (`usuario`);

--
-- Indexes for table `cotizacion_detalles`
--
ALTER TABLE `cotizacion_detalles`
  ADD PRIMARY KEY (`cotizacion_detalle_id`),
  ADD KEY `productos_id` (`productos_id`),
  ADD KEY `facturas_id` (`cotizacion_id`);

--
-- Indexes for table `cuentas`
--
ALTER TABLE `cuentas`
  ADD PRIMARY KEY (`cuentas_id`);

--
-- Indexes for table `departamentos`
--
ALTER TABLE `departamentos`
  ADD PRIMARY KEY (`departamentos_id`);

--
-- Indexes for table `diarios`
--
ALTER TABLE `diarios`
  ADD PRIMARY KEY (`diarios_id`);

--
-- Indexes for table `documento`
--
ALTER TABLE `documento`
  ADD PRIMARY KEY (`documento_id`);

--
-- Indexes for table `egresos`
--
ALTER TABLE `egresos`
  ADD PRIMARY KEY (`egresos_id`);

--
-- Indexes for table `empresa`
--
ALTER TABLE `empresa`
  ADD PRIMARY KEY (`empresa_id`);

--
-- Indexes for table `facturas`
--
ALTER TABLE `facturas`
  ADD PRIMARY KEY (`facturas_id`),
  ADD KEY `clientes_id` (`clientes_id`),
  ADD KEY `colaborador_id` (`colaboradores_id`),
  ADD KEY `secuencia_facturacion_id` (`secuencia_facturacion_id`),
  ADD KEY `usuario` (`usuario`);

--
-- Indexes for table `facturas_detalles`
--
ALTER TABLE `facturas_detalles`
  ADD PRIMARY KEY (`facturas_detalle_id`),
  ADD KEY `productos_id` (`productos_id`),
  ADD KEY `facturas_id` (`facturas_id`);

--
-- Indexes for table `facturas_proforma`
--
ALTER TABLE `facturas_proforma`
  ADD PRIMARY KEY (`facturas_proforma_id`);

--
-- Indexes for table `historial`
--
ALTER TABLE `historial`
  ADD PRIMARY KEY (`historial_id`);

--
-- Indexes for table `historial_acceso`
--
ALTER TABLE `historial_acceso`
  ADD PRIMARY KEY (`historial_acceso_id`),
  ADD KEY `FK_colaborador_id` (`colaboradores_id`);

--
-- Indexes for table `impresora`
--
ALTER TABLE `impresora`
  ADD PRIMARY KEY (`impresora_id`);

--
-- Indexes for table `ingresos`
--
ALTER TABLE `ingresos`
  ADD PRIMARY KEY (`ingresos_id`);

--
-- Indexes for table `isv`
--
ALTER TABLE `isv`
  ADD PRIMARY KEY (`isv_id`);

--
-- Indexes for table `isv_tipo`
--
ALTER TABLE `isv_tipo`
  ADD PRIMARY KEY (`isv_tipo_id`);

--
-- Indexes for table `lotes`
--
ALTER TABLE `lotes`
  ADD PRIMARY KEY (`lote_id`),
  ADD UNIQUE KEY `numero_lote` (`numero_lote`),
  ADD KEY `productos_id` (`productos_id`),
  ADD KEY `almacen_id` (`almacen_id`),
  ADD KEY `fk_empresa_lotes` (`empresa_id`);

--
-- Indexes for table `medida`
--
ALTER TABLE `medida`
  ADD PRIMARY KEY (`medida_id`);

--
-- Indexes for table `menu`
--
ALTER TABLE `menu`
  ADD PRIMARY KEY (`menu_id`);

--
-- Indexes for table `menu_plan`
--
ALTER TABLE `menu_plan`
  ADD PRIMARY KEY (`menu_plan_id`);

--
-- Indexes for table `movimientos`
--
ALTER TABLE `movimientos`
  ADD PRIMARY KEY (`movimientos_id`),
  ADD KEY `productos_id` (`productos_id`),
  ADD KEY `lote_id` (`lote_id`);

--
-- Indexes for table `movimientos_cuentas`
--
ALTER TABLE `movimientos_cuentas`
  ADD PRIMARY KEY (`movimientos_cuentas_id`);

--
-- Indexes for table `municipios`
--
ALTER TABLE `municipios`
  ADD PRIMARY KEY (`municipios_id`),
  ADD KEY `departamentos_id` (`departamentos_id`);

--
-- Indexes for table `nomina`
--
ALTER TABLE `nomina`
  ADD PRIMARY KEY (`nomina_id`);

--
-- Indexes for table `nomina_detalles`
--
ALTER TABLE `nomina_detalles`
  ADD PRIMARY KEY (`nomina_detalles_id`);

--
-- Indexes for table `notificaciones`
--
ALTER TABLE `notificaciones`
  ADD PRIMARY KEY (`notificaciones_id`);

--
-- Indexes for table `pagar_proveedores`
--
ALTER TABLE `pagar_proveedores`
  ADD PRIMARY KEY (`pagar_proveedores_id`);

--
-- Indexes for table `pagos`
--
ALTER TABLE `pagos`
  ADD PRIMARY KEY (`pagos_id`),
  ADD KEY `facturas_id` (`facturas_id`);

--
-- Indexes for table `pagoscompras`
--
ALTER TABLE `pagoscompras`
  ADD PRIMARY KEY (`pagoscompras_id`),
  ADD KEY `facturas_id` (`compras_id`);

--
-- Indexes for table `pagoscompras_detalles`
--
ALTER TABLE `pagoscompras_detalles`
  ADD PRIMARY KEY (`pagoscompras_detalles_id`),
  ADD KEY `pagos_id` (`pagoscompras_id`),
  ADD KEY `tipo_pago_id` (`tipo_pago_id`),
  ADD KEY `banco_id` (`banco_id`);

--
-- Indexes for table `pagos_detalles`
--
ALTER TABLE `pagos_detalles`
  ADD PRIMARY KEY (`pagos_detalles_id`),
  ADD KEY `pagos_id` (`pagos_id`),
  ADD KEY `tipo_pago_id` (`tipo_pago_id`),
  ADD KEY `banco_id` (`banco_id`);

--
-- Indexes for table `pago_planificado`
--
ALTER TABLE `pago_planificado`
  ADD PRIMARY KEY (`pago_planificado_id`);

--
-- Indexes for table `permisos`
--
ALTER TABLE `permisos`
  ADD PRIMARY KEY (`permisos_id`);

--
-- Indexes for table `pin`
--
ALTER TABLE `pin`
  ADD PRIMARY KEY (`pin_id`);

--
-- Indexes for table `plan`
--
ALTER TABLE `plan`
  ADD PRIMARY KEY (`plan_id`);

--
-- Indexes for table `planes`
--
ALTER TABLE `planes`
  ADD PRIMARY KEY (`planes_id`);

--
-- Indexes for table `precio_factura`
--
ALTER TABLE `precio_factura`
  ADD PRIMARY KEY (`precio_factura_id`);

--
-- Indexes for table `price_list`
--
ALTER TABLE `price_list`
  ADD PRIMARY KEY (`price_list_id`);

--
-- Indexes for table `privilegio`
--
ALTER TABLE `privilegio`
  ADD PRIMARY KEY (`privilegio_id`);

--
-- Indexes for table `productos`
--
ALTER TABLE `productos`
  ADD PRIMARY KEY (`productos_id`),
  ADD KEY `almacen_id` (`almacen_id`),
  ADD KEY `medida_id` (`medida_id`),
  ADD KEY `colaborador_id` (`colaborador_id`);

--
-- Indexes for table `proveedores`
--
ALTER TABLE `proveedores`
  ADD PRIMARY KEY (`proveedores_id`),
  ADD KEY `departamentos_id` (`departamentos_id`),
  ADD KEY `municipios_id` (`municipios_id`);

--
-- Indexes for table `puestos`
--
ALTER TABLE `puestos`
  ADD PRIMARY KEY (`puestos_id`);

--
-- Indexes for table `secuencia_facturacion`
--
ALTER TABLE `secuencia_facturacion`
  ADD PRIMARY KEY (`secuencia_facturacion_id`),
  ADD KEY `FK_empresa_id` (`empresa_id`);

--
-- Indexes for table `server_customers`
--
ALTER TABLE `server_customers`
  ADD PRIMARY KEY (`server_customers_id`);

--
-- Indexes for table `sistema`
--
ALTER TABLE `sistema`
  ADD PRIMARY KEY (`sistema_id`);

--
-- Indexes for table `submenu`
--
ALTER TABLE `submenu`
  ADD PRIMARY KEY (`submenu_id`);

--
-- Indexes for table `submenu1`
--
ALTER TABLE `submenu1`
  ADD PRIMARY KEY (`submenu1_id`);

--
-- Indexes for table `submenu1_plan`
--
ALTER TABLE `submenu1_plan`
  ADD PRIMARY KEY (`submenu1_plan_id`);

--
-- Indexes for table `submenu_plan`
--
ALTER TABLE `submenu_plan`
  ADD PRIMARY KEY (`submenu_plan_id`);

--
-- Indexes for table `tipo_contrato`
--
ALTER TABLE `tipo_contrato`
  ADD PRIMARY KEY (`tipo_contrato_id`);

--
-- Indexes for table `tipo_cuenta`
--
ALTER TABLE `tipo_cuenta`
  ADD PRIMARY KEY (`tipo_cuenta_id`);

--
-- Indexes for table `tipo_empleado`
--
ALTER TABLE `tipo_empleado`
  ADD PRIMARY KEY (`tipo_empleado_id`);

--
-- Indexes for table `tipo_nomina`
--
ALTER TABLE `tipo_nomina`
  ADD PRIMARY KEY (`tipo_nomina_id`);

--
-- Indexes for table `tipo_pago`
--
ALTER TABLE `tipo_pago`
  ADD PRIMARY KEY (`tipo_pago_id`);

--
-- Indexes for table `tipo_producto`
--
ALTER TABLE `tipo_producto`
  ADD PRIMARY KEY (`tipo_producto_id`);

--
-- Indexes for table `tipo_user`
--
ALTER TABLE `tipo_user`
  ADD PRIMARY KEY (`tipo_user_id`);

--
-- Indexes for table `ubicacion`
--
ALTER TABLE `ubicacion`
  ADD PRIMARY KEY (`ubicacion_id`),
  ADD KEY `empresa_id` (`empresa_id`);

--
-- Indexes for table `users`
--
ALTER TABLE `users`
  ADD PRIMARY KEY (`users_id`),
  ADD KEY `FK_colaborador_id` (`colaboradores_id`),
  ADD KEY `FK_empresa_id` (`empresa_id`),
  ADD KEY `FK_tipo_user_id` (`tipo_user_id`);

--
-- Indexes for table `vale`
--
ALTER TABLE `vale`
  ADD PRIMARY KEY (`vale_id`);

--
-- Indexes for table `vigencia_cotizacion`
--
ALTER TABLE `vigencia_cotizacion`
  ADD PRIMARY KEY (`vigencia_cotizacion_id`);

--
-- AUTO_INCREMENT for dumped tables
--

--
-- AUTO_INCREMENT for table `lotes`
--
ALTER TABLE `lotes`
  MODIFY `lote_id` int(11) NOT NULL AUTO_INCREMENT;

--
-- AUTO_INCREMENT for table `movimientos`
--
ALTER TABLE `movimientos`
  MODIFY `movimientos_id` int(11) NOT NULL AUTO_INCREMENT;
COMMIT;

/*!40101 SET CHARACTER_SET_CLIENT=@OLD_CHARACTER_SET_CLIENT */;
/*!40101 SET CHARACTER_SET_RESULTS=@OLD_CHARACTER_SET_RESULTS */;
/*!40101 SET COLLATION_CONNECTION=@OLD_COLLATION_CONNECTION */;
